"gene","p"
"INHBB",1.81476688540024e-08
"MIR31HG",3.87420266214737e-07
"XRCC6BP1",5.4599211298443e-07
"DCBLD2",7.6091106308249e-07
"ZEB1-AS1",9.11189736885245e-07
"NDUFA9",1.00706238890098e-06
"CCDC134",1.23258896115108e-06
"SCARA3",1.95287713496398e-06
"PTPN14",4.08604896740586e-06
"LRRC8A",4.51066846155888e-06
"NAV3",5.10380562140238e-06
"ILVBL",7.42165151761052e-06
"PPFIBP2",1.12695906171901e-05
"NPR3",1.14380424778465e-05
"PXMP2",1.3017837568397e-05
"TAPBPL",1.54494697497189e-05
"ZNF667",1.72868645016937e-05
"LOC101929504",2.5885740099895e-05
"ASL",2.63586822958946e-05
"CCL15 /// CCL15-CCL14",2.80566272796172e-05
"GLYCTK",2.85707861016478e-05
"SLC35G1",3.15636178449693e-05
"CS",3.34949832686228e-05
"GJB6",3.74211110247552e-05
"WHAMMP2 /// WHAMMP3",3.84121019622594e-05
"PRR15L",3.98254199876227e-05
"JAGN1",4.25489323070984e-05
"MYO5B",4.37508489698651e-05
"PRELID2",4.82688672692919e-05
"EBF2",4.94904552283466e-05
"LGALS9",5.06961785471335e-05
"MSLN",5.70952855612787e-05
"MYB",6.01713728836127e-05
"MARVELD2",6.34666573710889e-05
"SH3RF2",6.68066915376057e-05
"CRYM",7.28239597148453e-05
"FGF1",7.28983060627153e-05
"FGF19",7.40859669209858e-05
"LGALS4",7.44403728780591e-05
"ATP5G1",7.66969498329374e-05
"PABPC4L",7.71987777895857e-05
"DNPEP",7.80469363106963e-05
"SCEL",8.01117774202401e-05
"MSANTD3-TMEFF1 /// TMEFF1",8.08794998085467e-05
"MAP1B",8.09346401497561e-05
"TIMM13",8.371409110281e-05
"MMP16",8.58516701683906e-05
"CDX1",8.81922760748434e-05
"ATP5B",9.28897501867708e-05
"DBI",9.52068121284414e-05
"AK021804",9.73291210768988e-05
"ACSS2",9.83272399660509e-05
"ADAMTS18",0.000105504659042812
"RUNX1-IT1",0.000108273560202512
"FAM69C",0.000109341146726851
"METTL7B",0.000120281800803334
"PRICKLE1",0.000120657919039051
"GMNN",0.000121434281950363
"AQP11",0.000122993230057516
"AKT3",0.000126588903936409
"LINC00973",0.000129331207884668
"LINC00852",0.000139678696851044
"OGDHL",0.000148111921203046
"SNRNP35",0.000166468418305391
"ACOX2",0.000168837352496001
"RHPN2",0.00017027558768743
"RP11-680G24.5",0.000180235391083795
"COA3",0.000181722722839248
"FLT1",0.000183432277095698
"C4orf47",0.00019003076369114
"THUMPD3",0.000194613135107501
"LRRC4C",0.000209486006997089
"BACE1",0.000211653397803152
"UQCRQ",0.00021606851008316
"TEN1 /// TEN1-CDK3",0.000217741227381326
"SLC12A2",0.000221974741959681
"FAM225A /// FAM225B",0.000223091526156396
"SERPINB7",0.000224271367194059
"RP11-252E2.1",0.000230163786639443
"FHDC1",0.000236378465619733
"PSME1",0.000239026681756702
"KCNQ1OT1 /// LOC101927338",0.000257119930681917
"STARD7",0.000263112688862803
"MIR7703 /// PSME2",0.000264362494738405
"NOX1",0.000268486253883637
"COX5A",0.00026851322583661
"RP4-614O4.12",0.000277707588774768
"FAM83F",0.000283388319425629
"SMAGP",0.000296734715203877
"MCCC2",0.000308247279357075
"SIX4",0.000312647970116715
"CCDC94",0.000318579197598987
"PRRX2",0.000322516116290322
"AGAP11",0.000327460899636953
"NSMCE4A",0.000328205655603942
"UQCRC1",0.000330153626981763
"MLLT11",0.00033117869744928
"SLC2A3",0.00033796060704688
"NIN",0.000342159546634548
"AIM1",0.000343451369393805
"SNRNP25",0.000348371059846525
"GADD45B",0.000353759695902116
"CCL22",0.000355429267175708
"AGMAT",0.000357183266904603
"CYP2J2",0.000360279652362994
"CEBPA",0.000364114321593397
"HACL1",0.000386714879932934
"KRT6A",0.000389644217445435
"ZNF117",0.000395958071579385
"COLEC12",0.000397646901235705
"ELL3",0.00040320191122665
"FAM195A",0.00040488234288562
"HOOK1",0.000418248955707815
"LAMC1",0.000425309863768553
"ACAT2",0.000436424892329997
"COX6A1",0.0004424023786764
"RAB15",0.000444747732103411
"NOG",0.00044846254130263
"MCRS1",0.000449038055072845
"HADH",0.000468167151012817
"GDI1",0.000481455818331492
"TXN2",0.000484884570523859
"LAMP5",0.000485072067949542
"LRPAP1",0.000491530706492612
"KLHL4",0.000499786957832731
"ESRP2 /// MIR6773",0.000500860178851968
"HTR2B",0.000505183887956824
"TIAF1",0.000514385918770876
"MCEMP1",0.000540776997652947
"COA7",0.000543023450554176
"BCMO1",0.000544362000679293
"ZBED3",0.000546974754849982
"MIR6789 /// PLEKHJ1",0.000553909385726766
"SUOX",0.000563299982654897
"IL17RB",0.000576501380547833
"CASP6",0.000577169699136961
"TGFB2",0.000584728909698217
"EPHB2",0.000587860420374794
"PANK1",0.000589232051571854
"LY6D",0.000590269920515752
"RAB11FIP4",0.000604035239692991
"AF070581",0.00060687005202416
"COQ2",0.000612860131423653
"MPRIP",0.00061456117296136
"LRRC37A4P",0.000618225225941805
"KANK4",0.000624436600534402
"NHEJ1 /// SLC23A3",0.000638169125080279
"CD36",0.000639906799467503
"DDT /// DDTL",0.000641502289855114
"STRA13",0.000651100703348962
"KRT6A /// KRT6B /// KRT6C",0.000651355512803385
"FST",0.000653866516785793
"RBP7",0.000656282577905418
"LYPD6",0.000664487807537126
"SPATA2",0.000685159423887991
"OGFOD2",0.000709186830876026
"LINC00922",0.000711864318660582
"IMPA2",0.000713094894460783
"TRPC1",0.000716473428264335
"DDC",0.000717341197884523
"GSS",0.000724292525433034
"NR2F1-AS1",0.000728876177781881
"IRF8",0.000733911279293489
"SLC2A14 /// SLC2A3",0.000743075206851453
"SPOCD1",0.000745107698606889
"MRPS18C",0.000747603789186179
"FOXC1",0.00074789830228327
"POMT1",0.000747992281041637
"ATP5G3",0.000756690506050698
"HDHD3",0.000757817448082766
"ALDH2",0.000776782797115861
"LRCH3",0.000782699798963751
"CHDH",0.000786307729468671
"NPR2",0.000790591378631747
"VIL1",0.000792529464097961
"GPA33",0.00079395751602894
"LOC102723864",0.000804081967600115
"LRRC17",0.00080500417446667
"DCTPP1",0.00081577643555021
"KCNJ15",0.000830909621434852
"KLK10",0.000833272324606225
"AK6 /// TAF9",0.00083423659535345
"GUCD1",0.000844848105004505
"RTCB",0.00085822583903813
"EGR3",0.000867530489709932
"MCC",0.000885661553341938
"GLIS3",0.000892837962647212
"DEPDC5",0.000894576453032521
"BICD1",0.000907467216265846
"MRPS34",0.000911393207896705
"S1PR3",0.000911982886920841
"RHOD",0.000941170444580002
"LIPG",0.000944884505308621
"KHK",0.000952974029093459
"CHPT1",0.000958641697428955
"KIAA1671",0.00098257799977296
"POP5",0.000985357339036681
"MIR6824 /// SLC26A6",0.00100779017328036
"SERPINE1",0.00100900521706918
"MRPS24 /// URGCP-MRPS24",0.00101229893652798
"MIR100HG",0.00101419904119075
"AX747507",0.00102769351326487
"MTCH2",0.00103914559612768
"CYP1B1",0.00104615774969389
"ZDHHC15",0.00104618593552665
"NDUFB10",0.00105611431079274
"NDUFB7",0.00105634752406076
"KLK6",0.00105845582148917
"CDX2",0.00106497217955728
"SMPDL3B",0.00106832469844702
"LCA5",0.0010831420072003
"DAPK1-IT1 /// DAPK1-IT1",0.00108585889912341
"LEMD1",0.00109458622949973
"GALM",0.00109775446183683
"ZNF25",0.0011202687835323
"SLC37A4",0.00112305504199773
"SLC22A5",0.00113818144362598
"RPUSD3",0.00115424738562115
"ATOH1",0.00116081761735624
"FARP2",0.0011653767367844
"GIPC2",0.00116822655346094
"CDSN",0.00117407278437202
"SDCCAG8",0.00117966493959505
"TSFM",0.00118470204054072
"RAB3D",0.00120021465700146
"ZNF552",0.00120486720945669
"BCL6",0.00120693611651221
"CLMN",0.00120910818884965
"TMEM97",0.00120998250385454
"ITLN1",0.00124164050380476
"MAGI2-AS3",0.00124207295498047
"PRR13",0.0012478270104545
"BZW2",0.00125187807006805
"ENTHD1",0.0012665300598631
"UQCRFS1",0.00126757799854194
"FOXA2",0.00127129812504643
"TNFRSF11A",0.00127807671513543
"LINC00992 /// LINC00992",0.00129131440059183
"SLC27A2",0.00130706610792201
"TCR-alpha /// TRAV13-1 /// TRAV13-1",0.00131044575091209
"AURKAIP1",0.00133172568254731
"MRPL4",0.001364621837399
"STON1",0.00137779920878916
"SLCO1C1",0.00138039381872104
"NAGPA",0.00139112266093458
"STARD10",0.00140935891980846
"CENPM",0.00141487077827174
"PHLPP1",0.00142037276441662
"HAS1",0.00142228282473032
"LANCL2",0.0014235742259348
"PAEP",0.00142810011851709
"GPR174",0.0014342373418703
"WNT7A",0.00143709593511337
"ALPP",0.00145368048472943
"TMEM136",0.00145417343381673
"MRPS25",0.00145750207224177
"NRP2",0.00146215909684644
"COX5B",0.00148068654056909
"C6orf15",0.00148307669198288
"EFS",0.00148318202744709
"HNF4A",0.00149796809384437
"LINC00883",0.00150033390400631
"LMCD1",0.0015087605628349
"TPRN",0.00151189204848406
"LRRC59",0.00152270476781225
"PSMB10",0.00152928620079351
"CCDC34",0.00153012951259732
"GCDH",0.00153671874745789
"BVES-AS1",0.00155244166973646
"GAR1",0.00155912976457062
"HOXB2",0.00157039265951877
"LINC00460",0.00157546071557887
"MARC1",0.00157629531315042
"TRPS1",0.00157671079922721
"ETV5",0.0015808318284894
"FRAT2",0.0015826712719976
"PIP5K1B",0.0015871581024539
"CYR61",0.00160433076541256
"ARHGAP29",0.00160550969867008
"ANXA8 /// ANXA8L1",0.00161029557042635
"CEP170 /// CEP170P1",0.0016174488521961
"SAV1",0.00163017129529319
"XKRX",0.00165376496468009
"ALG12",0.00165949223878488
"KIF7",0.00166323423306188
"DLX1",0.00166742920416076
"ACADSB",0.00170092400080554
"SLC25A5",0.00170139748206377
"COX4I1",0.00171125746801769
"RP11-33O4.1",0.00171611196285686
"COQ3",0.00172830612591754
"MEX3B",0.00173619452050987
"GUCY1A2",0.001789708255868
"SEMA4C",0.00179514427566891
"AIMP2",0.00179968465393492
"CISD3",0.0018043548317369
"TMX2",0.00180545525694136
"HSD11B2",0.00180838419617499
"AL132709.8",0.00181551818766164
"FZD5",0.00182190834299028
"FRG1 /// LOC100289097 /// LOC101930278 /// LOC101930531",0.00182193070449465
"CDK5RAP1",0.00183065791041504
"ACAA2",0.00184119603547602
"PRDM6",0.00184231948602281
"IFI35",0.00184697540521169
"PMM1",0.00184711256881314
"METAP1",0.00184822387792922
"MLEC",0.00185119120511516
"PCDHGA1 /// PCDHGA10 /// PCDHGA11 /// PCDHGA12 /// PCDHGA2 /// PCDHGA3 /// PCDHGA4 /// PCDHGA5 /// PCDHGA6 /// PCDHGA7 /// PCDHGA8 /// PCDHGA9 /// PCDHGB1 /// PCDHGB2 /// PCDHGB3 /// PCDHGB4 /// PCDHGB5 /// PCDHGB6 /// PCDHGB7 /// PCDHGC3 /// PCDHGC4 /// PCDHGC5",0.00186103016692667
"ST6GALNAC1",0.00187154986399633
"TSPAN15",0.00187292062477699
"LETM1",0.0018803751608165
"MRPL41",0.00189266422885302
"LRR1",0.00189425777480477
"FITM2",0.00192036885890004
"ITGB5",0.00193010148255511
"STOX1",0.00194076603417787
"IQCJ-SCHIP1 /// SCHIP1",0.0019562298853887
"ZNF641",0.0019599425084388
"TSPYL2",0.0019651815559636
"NANS",0.00197119502403014
"IDH1",0.0019797169152028
"WFS1",0.00198040222876793
"ISM1",0.00198076143966276
"PAK1",0.00198254696739062
"STEAP4",0.00198806555405871
"MAPKBP1",0.00199867759273427
"PSG2",0.00202795160682152
"BC041998",0.00202973196691779
"MRPS35",0.0020621975053388
"TACO1",0.00206758287818514
"ZFPM2",0.0020716531341611
"BC028670",0.00207537861085216
"DUSP16",0.00208232136905738
"AMACR",0.00208704395916427
"CST6",0.00208848504019162
"IL22RA2",0.00212333715695759
"GTSE1 /// TRMU",0.00212512111487274
"CYCS",0.00213119903077841
"MTMR4",0.00214086750816378
"ANGPT2",0.00214182597180813
"JUP /// KRT17",0.00214432707928753
"BRI3BP",0.00214885172016167
"HLX",0.00216924891440448
"PRR15",0.00216949499833536
"AMACR /// C1QTNF3-AMACR",0.00217081249294604
"KIAA1024",0.00218647592471035
"CERCAM",0.00220850494854038
"EGR2",0.00223674427153327
"BC030152",0.00224280493373427
"NHSL1",0.00224967130275874
"MAP4K4",0.00225079784785573
"ZNF622",0.00225790806327918
"PTRHD1",0.00226374065145274
"RNF34",0.00226610009416756
"SLC11A1",0.00227183799271398
"RAVER2",0.00227367897134081
"LINC00216",0.00230034174817131
"PIGR",0.0023006473242745
"ATPIF1",0.00230421630718656
"RAB40B",0.00232046073898932
"PMM2",0.00233038201124048
"RBMS3",0.00233250902391784
"WDR47",0.00234804124285606
"HIVEP2",0.00237957441483634
"IER5L",0.00240104765514756
"FXYD3",0.00240535944594549
"PGR",0.00240821616672711
"PHACTR4",0.00241279600197844
"SDSL",0.00241616330613479
"ACSL5",0.00243665935394733
"GALK1",0.00244409907358599
"COX10",0.0024490433393759
"THBS3",0.00245675219644044
"ZNF442",0.00248519155180267
"OXNAD1",0.00249620524467868
"AK021977",0.00249754534759847
"EHD2",0.00250350858408886
"RNF114",0.00252106740267583
"SNED1",0.00252130753041716
"KIF26B",0.00254145100672282
"AX748294 /// RP11-1006G14.1",0.00255204643965559
"HIST2H2BE",0.00255561183716099
"PRIM1",0.00261015971789428
"ZNF667-AS1",0.00263488428649617
"SCML4",0.00268143544109538
"MPC2",0.00268269907407953
"GUSBP3 /// SMA4 /// SMA5",0.00269170814442686
"C14orf2",0.00270028687437499
"IP6K2",0.00273342883166236
"REEP4",0.00274694100430421
"IGFBP7",0.00275150520104758
"MMP19",0.00275568825708062
"OXSM",0.0027613818136185
"JUNB",0.00276188894819903
"FAM166A",0.00277377820557469
"DGCR9",0.00279031609748019
"ZNF532",0.00279349387689346
"LOXL4",0.00281891232799396
"MAPKAPK5",0.00284149459181771
"SYBU",0.00284340932452634
"MICU3",0.00284923070670617
"TST",0.00285648547255947
"GJC1",0.00286037726247437
"PPP1R1B",0.00288291050675824
"ACVR1B",0.0029062835955325
"LRCH1",0.00292485150148583
"CYP4V2",0.00293406451313331
"DDX39A",0.00293877069190845
"PET100",0.0029498709237383
"PTPRU",0.0029588980124014
"GJA1",0.0029828111978797
"FSTL3",0.00299100334669561
"ARHGEF2",0.00299324496632617
"TMEM19",0.00299782180888874
"GPN2",0.00299824001579398
"SLC39A13",0.00300308452245527
"ELOVL7",0.00300527214783917
"DNM1P35",0.00301711118296939
"TMEM205",0.00302206844495505
"PRKCZ",0.00304979120617047
"FAM3C",0.00305017541790008
"KRT16",0.00305019708123784
"CPA4",0.00305430063318103
"LOC100506119",0.00306967504947461
"RP11-305O6.3",0.0030744965629511
"RPP14",0.00307759216524614
"NOTCH4",0.00308446672114598
"AX747064",0.00311680379570979
"FA2H",0.00312415137167583
"FAM134B",0.00312598772132574
"CCDC8",0.00313559979910665
"HSPA6",0.00317484999105286
"SLC2A1",0.00319073047916439
"BC045560",0.0031971466238194
"C11orf97",0.00320162760889942
"NRK",0.00320384875288988
"VSIG10",0.00321434464163613
"MRPL27",0.00322340514620094
"KIF15",0.00324975711599631
"LINC00675",0.00325950794216231
"FLJ41455",0.00326395695349865
"FAM162A",0.00328750724422816
"GEMIN7",0.00330527534905868
"SIMC1",0.00331548204066007
"NOSIP",0.00331736048892456
"G0S2",0.00331871411846955
"BTBD19",0.00332523728206635
"USP30-AS1",0.00334467107576105
"RAB11FIP1",0.00335138805976341
"MLXIP",0.0033522616587975
"MFSD9",0.00336831757063972
"ITGB1",0.0033767548889596
"HOXB-AS3",0.00338133501404084
"ARMCX2",0.00338360871479994
"STAP2",0.00338871548119925
"PRKD1",0.00341427426318568
"NDUFA12",0.00342947428522467
"GGT6",0.00348424972986806
"CYB5A",0.00348457986352109
"PRO2852",0.00348874311687241
"APOL6",0.00348923116657818
"LOC157860",0.0035108649156026
"SHQ1",0.00351442954482575
"EIF3K",0.00351965429393203
"MDH2",0.00352799168495628
"GATA6",0.00354061915017624
"C4orf19",0.0035441039406535
"CISH",0.00355688247266834
"HMGCR",0.00356346297105443
"PROC",0.00356639252791675
"SPINK1",0.00358169812139675
"HAUS8",0.00358236277027082
"LOC100505817",0.00358290975258525
"SLC24A2",0.00358471737844547
"HNRNPA3P1",0.00360206984319604
"LATS2",0.00360301200581314
"SRGAP2B /// SRGAP2C /// SRGAP2C",0.00360584139795608
"TUSC2",0.00361159728723559
"C2orf47",0.00361841592820272
"COX16 /// SYNJ2BP-COX16",0.00361851680535556
"LAMC2",0.00362346769488055
"SFXN4",0.00363340318600263
"GALNT4 /// POC1B-GALNT4",0.0036336689920717
"MEF2BNB",0.00364387260693193
"ASB8",0.00365209514779444
"HOXC4",0.00365340849862685
"ASRGL1",0.00366773859611452
"ZSCAN25",0.00367720203430824
"GUCY2C",0.0036974236558423
"S100A11",0.00371036310604173
"ZNF57",0.00371081685873599
"EGR1",0.00372421154133907
"ALDH1L2",0.00375719685465519
"AKAP8",0.00376593913164096
"SOX17",0.00376934719863353
"PLK3",0.00377196654368423
"PTTG3P",0.00378061599408235
"RDX",0.00378310227478844
"SNORD89",0.00382971459005641
"PA2G4",0.00383170602355371
"S100A11P1 /// S100A11P1",0.00387217970810002
"CBL",0.00388278549891628
"FTSJ3",0.00388500262332527
"RP11-216L13.19",0.00388981808814619
"PRELID1",0.00389057276155199
"WT1-AS",0.00390928790568695
"RP11-443B7.1",0.00391245633720167
"ANG",0.00392674055974552
"SRRT",0.00393628317639367
"PREX2",0.00396165136594557
"DIRC3",0.00396859175672147
"VWF",0.00397121504600324
"RXFP1",0.00397770323281948
"CASP1",0.00397974777676502
"FLJ90680",0.00398041489591257
"ACTA2 /// ACTA2",0.00398070506878834
"ANKRD9",0.00398668054829632
"TRPM4",0.00399946031931737
"HOXC6",0.00402397768923265
"AF086126 /// C16orf52",0.0040279505893127
"WBP11",0.00403764017149884
"SPTBN5",0.00406551656823224
"NOTCH2",0.00406590553466972
"RP11-164P12.4",0.00406889784005424
"PARPBP",0.00407789651191117
"RP11-180N14.1",0.00409240533537052
"SRGAP2C",0.00411496076552512
"L3MBTL4",0.00411625068282191
"LRRC75A",0.00412963055984217
"GPATCH3",0.00413195570270117
"VEGFC",0.00413695380537318
"ACVR1C",0.00414929096984854
"COX14",0.00414970962689628
"POLE",0.00415176754501132
"CARD10",0.00415627163956033
"GABBR1 /// UBD",0.00416564972480721
"AC145343.2",0.00416579804592619
"LOC101928826 /// TPT1",0.00417933050802795
"CLUH",0.00417962901655153
"CENPU",0.0041824405371868
"DDX52",0.00419448192149345
"ESM1",0.00419628388336231
"ZNF333",0.00419886107887631
"ATP10A",0.00420221859613436
"C19orf57",0.00420397604757289
"RASA3",0.00422814646051587
"LARS2",0.00423586534733822
"MPP7",0.00424019423269062
"HDAC9",0.00424621746815383
"CLN3",0.00425100884122937
"OCLN",0.00426876973297085
"CCNB1",0.00428899516269688
"CASP3",0.00429822934268961
"LOC101927829",0.00429893442011679
"TRIM23",0.00431976427123373
"CAMSAP2",0.00432429275494067
"TPI1",0.00436602369827667
"LOC400622",0.00437178006956854
"QKI",0.00438339885175879
"SPG21",0.00438607139401084
"ZSCAN5A",0.00438880002113171
"ORC1",0.00440347946934225
"PXN-AS1",0.00441513080757317
"IL22RA1",0.00442294584875931
"SERPINB3 /// SERPINB4",0.00443897662401144
"COX11",0.00444308432254909
"FILIP1",0.0045051742870364
"SERPINH1",0.00450633575908281
"PLEC",0.00452103300144526
"LSM4",0.00452224538712172
"OAS1",0.00454770034203641
"VIM",0.00455090537719324
"AKNA",0.0045785842816278
"PHB2",0.00460967918666037
"LINC00702",0.00462663254171871
"MARVELD3",0.00464570384042591
"AMOTL1",0.00466923269070563
"PMPCB",0.00468505297256804
"MRPL35",0.00469463471249511
"DAPK1",0.004709342312053
"NDUFS3",0.00472235783140841
"BICD2",0.00473196564713192
"AHNAK2",0.00475307260370531
"APOBEC3B",0.00476191668665094
"GZMB",0.00476249077374989
"CHPF",0.00476681723279479
"C9orf152",0.004771145396407
"C1orf204",0.00477779681428687
"VGLL1",0.00478754908531961
"PPFIA3",0.0047918836005089
"EXOC3L4",0.00479374159968018
"MRPS7",0.00480231048263453
"CDC42EP5",0.00480632976960229
"MIS18A",0.00483162291734376
"NT5E",0.00483957519995779
"LY75",0.00485306578112297
"PDLIM3",0.00485971862250332
"MRPS36",0.0048664528211855
"SERINC5",0.00488380097189845
"GAS6",0.00488709332364159
"MED24 /// MIR6884",0.00488839322709934
"RAPGEF5",0.00488916601098971
"LOC101929125",0.00490992154264891
"UBE3B",0.00491177768613758
"C20orf194",0.00493153253917297
"ETFB",0.00493509887174348
"BEND6",0.0049734171901457
"ABLIM3",0.00497881899960446
"PREP",0.00498269582166231
"GNL3",0.00500401497418248
"CKMT2",0.00501200396221408
"ING2",0.00502012045579187
"GPRASP1",0.00502051737229949
"CYP2S1",0.0050248500768969
"KMT2A",0.00502614889619784
"ZNF438",0.00504400985650503
"MMACHC",0.00505977411874652
"SAPCD1-AS1 /// SAPCD1-AS1 /// XXbac-BPG32J3.18",0.00507189951155128
"SUCLG1",0.00508100325287124
"DTX4",0.00508117580918615
"INTS12",0.00508235564949058
"PSMB3",0.00510766251482513
"BCL2",0.0051098404682516
"ARRB1",0.00511169252002821
"L1CAM",0.00512954180774748
"DAZAP2",0.00514714857541445
"SAMD11",0.00515337595885559
"IDH3B",0.00515909364686372
"LSM3",0.00516874069297528
"AKIP1 /// NUAK2",0.00519594043662646
"DNER",0.00519685134618393
"RPS27",0.00519815004049071
"PTTG1",0.00520221049609457
"PTX3",0.00521098359298857
"HOXA4",0.00521415147286875
"HNRNPAB",0.005217000829027
"C14orf132",0.00523502567053593
"FAM136A /// LOC100287852",0.00524088467862159
"AC073283.7",0.00525665599349886
"RNASE4",0.00527342339028386
"ELTD1",0.00527942496839039
"CLDN11",0.00528447834556165
"RP11-642D21.1",0.00528881789917899
"ITGA10",0.00530541436406717
"BCL2L14",0.00531219801794534
"RP11-73M18.7",0.00533429655767429
"STARD5",0.00535495614338508
"JAM3",0.00536668120385199
"FOXA3",0.00538078098538381
"LCMT1",0.00540350806027952
"TOMM40",0.00541964283155001
"TMEM177",0.00543592316327634
"COX6B1",0.00545680138394695
"RABGAP1",0.00546868635628474
"ACTN1",0.00547731190027824
"FBL",0.00550269453533277
"AQP5",0.00552387203792827
"SLITRK3",0.00552984162238284
"ITGBL1",0.00553424295129823
"HNF1B",0.0055482747316437
"IDS",0.00557278115606947
"CYB561D2",0.00557592853696607
"NRP1",0.00558020633404736
"SEMA3D",0.00558536094922236
"PDLIM1",0.00558633396437675
"SHD",0.00561254535548291
"TROVE2",0.00568124490480587
"MRAS",0.00568709245003224
"TSHZ2",0.00569008163072637
"COMP",0.00570076366290673
"CCNG1",0.00570644577644556
"PEA15",0.00572219547930016
"SALL2",0.00572369899729224
"MRPL16",0.00573282760384331
"FAM132B",0.00573414684031823
"TTC19",0.00574967317278222
"MUC3B",0.00579770641203511
"PSMD6",0.00580306600285267
"SNHG11 /// SNORA60 /// SNORA71E",0.00581048712911439
"SNHG18",0.00581861756882586
"LINC00622",0.00582396319536305
"ARHGAP8 /// PRR5-ARHGAP8",0.00584872957861595
"STRA6",0.00585031576158329
"ZWINT",0.00586529415212171
"ABL2",0.00588522115072159
"VSIG4",0.00590361125753967
"PCTP",0.00591091912190367
"C12orf10",0.0059200896475261
"SETD9",0.00593316557035945
"MTMR14",0.00593849999670556
"PSMC5",0.00594060492811464
"CYP27C1",0.00596619088104176
"ERGIC3",0.0059679447238573
"PI4K2B /// SEPSECS-AS1",0.00598157207791902
"NFS1",0.00608583385411696
"MAST3",0.00610069956793544
"CLK1",0.00611348546519173
"MRPL11",0.00615522702304894
"TTLL12",0.00615544268940558
"OR7E14P",0.00616013645003752
"RP11-469M7.1",0.00618039581685461
"IL12B",0.00619108064506314
"LMNB1",0.00619748425898178
"LINC01094",0.00621745555082673
"CHN2",0.0062275146624147
"BTF3",0.00625962819309145
"DAZAP2 /// LOC102723983",0.00626019009428368
"FGF2",0.00628515575953909
"LZTS2",0.00629835095116193
"NDUFA2",0.00632492749366476
"BCKDHB",0.00632826183347673
"SLC9A3R1",0.0063301931520121
"U91328.20",0.00635023715027801
"CNOT1",0.0063608070384456
"RPS6KA1",0.0063820324828618
"MRPL22",0.00638674005427084
"GSTM1",0.00641984686357545
"YAE1D1",0.00644624033407921
"AKAP12",0.00647052121685848
"MRPL12",0.00647121807863574
"KIFC3",0.00647196028682452
"COG8 /// PDF",0.00647304421606518
"KGFLP2",0.00648145220163709
"SCRN2",0.00648201420613446
"CNTN1",0.0064864644931999
"GCAT",0.00648737492453737
"BCAT2",0.00651228609813095
"LINC00261",0.00653471293793242
"FZD9",0.00656117721106674
"HSPA1A /// HSPA1B /// HSPA1L",0.00656225527147481
"MIR10A",0.00656338003914926
"ALPL",0.00657483485042142
"E2F2",0.00662081473826163
"LIX1L",0.0066271873580214
"TRAIP",0.00663334284950405
"DGKD",0.00664338235482867
"WIBG",0.00666332811018176
"SLC12A5",0.0066649618665587
"ACOT7",0.00666911487277114
"C8orf88",0.00667424978864991
"RFC5",0.00668203837689445
"CENPV",0.00668538240561031
"BC041448 /// RP11-422J15.1",0.00672590875217913
"LOC440416",0.00672806680675349
"CCRL2",0.00674534340627352
"KLF2",0.00675133042029528
"LOC100130987",0.00675162622417872
"CECR5",0.00675780016555954
"TCHP",0.00676108560242202
"EPB41L4B",0.00677022722558435
"FGFR1",0.00677857896784951
"RCAN3",0.00678958967188714
"PLEKHG2",0.0067928864697441
"RITA1",0.00680897945841746
"FAM63B",0.00684315351683738
"PCDHB5",0.00687976576897847
"CLEC18A /// CLEC18C",0.00688164046732638
"RALY",0.00690285750549011
"ACSF2",0.0069056442463632
"VGLL3",0.00692841033097517
"NEK9",0.00693544357829552
"TMEM105",0.00696816399773468
"NOL12",0.00698704421399061
"SMDT1",0.00699150108956686
"PDLIM7",0.00700243459773312
"TRO",0.00701051847694883
"ADAMTS6",0.0070148359184239
"ADAM8",0.00702740236019092
"LOC101929897",0.0070528676743877
"PES1",0.0071181679786415
"PARP3",0.00712324791681423
"WNK2",0.00713799929370323
"CCDC12",0.00714130735137809
"PNMA1",0.00715438293702607
"DAK",0.0071598362558625
"PASK",0.00718816919287771
"PTRF",0.00719745690747561
"IFNA8",0.00720742773610547
"C3orf80",0.00721740770400209
"FKBP10",0.00723365531265391
"ATP8A2",0.00723436843289896
"MRPS9",0.00723940563246666
"CYC1",0.0072416819186659
"PCDHB1",0.00724293462695196
"CORO2B",0.00724946043684019
"STX10",0.00725740172167313
"ATP10B",0.00729393854400026
"MRPL38",0.00730345264265179
"EFNB2",0.00730651056313646
"PNLIP",0.00732014936027852
"RNF180",0.00732960838218843
"CCDC81",0.00735179097441076
"ADORA2B",0.00737383354931477
"GSTM4",0.00738154581415019
"GABRG2",0.00739379885685795
"FAM115C /// LOC101928422",0.0073976733005686
"TMTC1",0.00740736661286465
"ARSI",0.00740792879267977
"SLC25A48",0.0074174764613215
"RP1L1",0.00742215393378947
"ALOX12B",0.00742357383842367
"PRDM4",0.00744888982895111
"CHSY3",0.00746598865413607
"MCM5",0.00749281535341978
"NASP",0.0074981140047347
"NAB1",0.00752544975763048
"ZBTB8OS",0.00752891010704629
"NDUFS6",0.0075520427207345
"TMEM53",0.00755652578642208
"PLAGL2",0.00760196705301173
"TIMM10",0.00760286157022015
"ABHD2",0.00763265992081481
"RD3",0.00764262296157306
"LOC113230 /// MIR1199",0.00766114254653655
"GSR",0.00767224080931629
"ZNF823",0.00768944670384861
"PRICKLE2",0.00770770527618743
"RP11-498C9.15",0.00771455893314144
"RP11-248J18.3",0.00772269046182521
"TPBGL",0.0077380932393282
"MRPL23",0.00779424286452348
"ITGA5",0.00779970605077307
"MPDZ",0.00782704675319259
"LPCAT3",0.00784144489646486
"LOC101927811",0.00786203142330219
"RPS28",0.00786225942519029
"PHLDA3",0.00789332328896856
"MPND",0.00789662047006877
"LINC00113",0.00790539065166242
"TUFM",0.00791387850438762
"CHAF1A",0.00792713210110422
"HMCES",0.0079284555716868
"HINT1",0.00794728815837015
"PIK3CA",0.00797513720358993
"IQCE",0.00799420752642058
"RSAD1",0.00802877853629518
"SLC9A8",0.00808526837802091
"EIF4A2 /// MIR1248 /// SNORA4 /// SNORA63 /// SNORA81 /// SNORD2",0.00809163212896634
"PEAR1",0.00809513563671117
"PIH2",0.00809546128020463
"BPIFB2",0.00811274165868359
"ARL17A /// ARL17B",0.00812006886876717
"NEO1",0.00813656956883933
"AKR7A3",0.0081676342229448
"SHC1P1 /// SHC1P1",0.00820840431121652
"GNPTG",0.00821675109038402
"LINC00636",0.00822553258664343
"RTN4IP1",0.00824639493643006
"CILP2",0.00824644818015126
"SLIT2",0.00825724993311885
"LOC101929549",0.00826811202789114
"SMPD2",0.00831923645132663
"MCCC1",0.00832160398247055
"EPN3",0.00832406963398332
"GAK",0.00833332065738844
"MCM7",0.00837597446683035
"HOXB8",0.00838104924347716
"PLXNB3",0.00838122868563977
"MFSD4",0.00839619159824951
"SRGAP2 /// SRGAP2B /// SRGAP2C",0.00839949656066919
"STAC",0.0084132729652825
"ERMN",0.00841775334445111
"AC005592.3",0.0084279852273744
"DHRS11",0.00845749694910037
"MUC16",0.00845894426780067
"HIST1H2BJ",0.0084927956941081
"SNF8",0.00849746627548032
"FBP2",0.00850018791137668
"KDM2B",0.00850102957317496
"TCF20",0.00850781655058502
"SLC25A10",0.00852408760037322
"BOC",0.00852721234026992
"ARMCX4",0.0085482571981818
"ZNF180",0.00855351010509764
"ALDH3B1",0.00856527127389139
"LINC01419",0.0085656703595439
"ADAMTS16",0.00858691946105808
"TM4SF4",0.00859429244388178
"IZUMO4",0.00861240436264875
"LEF1-AS1",0.00864258827457112
"PLEKHG6",0.0086562081162689
"PLK2",0.00866749681369541
"RP11-96D1.11",0.00866775152809008
"PIGU",0.00870198573210699
"LAMTOR4",0.00870472548473371
"ABCD4",0.00873113584622011
"CD3D",0.00875133242296346
"BEND3",0.00876578882659607
"SLC18A1",0.0087705060392874
"FABP4",0.00877314181498754
"POC1B",0.00877342386387166
"GATA6-AS1",0.00878186737160656
"BID",0.00878698633550181
"ARHGEF17",0.00879326887247094
"SGIP1",0.0088031462360475
"ISOC2",0.00881522884069042
"DAZAP1",0.00881539166055685
"PSMG1",0.0088177535429828
"HIGD2A",0.00882094497448543
"FERMT2",0.00882851064524724
"RP11-235E17.4",0.00887881204391567
"RFFL",0.00888361432601354
"UHRF2",0.00888923181277543
"FAR2",0.00889230929375832
"TRIM31",0.00889640249168586
"ANKRD20A5P /// ANKRD20A5P",0.00889953073292601
"XK",0.00890813334280582
"GPR4",0.00891213410277745
"RP11-379H18.1",0.00892837285824847
"CCL20",0.00893339255211711
"LINC00452",0.00893948132463298
"HTN1",0.00894116854922317
"PPARGC1B",0.00896369782125624
"IL20RB",0.00897206676872572
"S100A12",0.00898873246556664
"CRADD",0.00900748187427045
"DZIP1",0.00901395834606777
"AACS",0.00903854474775495
"NPTN-IT1",0.00914534518739701
"KIAA1598",0.00915802712478599
"SELENBP1",0.00916273841525292
"B9D2",0.00916370051610281
"PLEKHH1",0.00922253714227244
"SPARCL1",0.00922292455941533
"PDHB",0.00922863668986587
"TNFRSF14",0.00923391085691632
"LOC100507165",0.00923467795162497
"FAM65A",0.00926679182585575
"ACOT13",0.00927006461297211
"PRLR",0.00932877588824785
"ATRIP /// TREX1",0.00933760736915639
"GGCT",0.00933797464083742
"PSMA2",0.00934734343681644
"PLA2G12B",0.0093618767723079
"SCG2",0.00936325790214688
"TUBE1",0.00936431667489363
"CR1",0.00941304234135218
"CATIP-AS1",0.00941892041508106
"TMEM144",0.00943576265490124
"IER5",0.00947224026450779
"FAM84A",0.00947931715133639
"AURKA",0.00953336528457567
"KANSL1L",0.00954532233303506
"ALG1",0.00954568265431855
"SPRY4",0.00955725814994919
"CPXM2",0.00955919868484288
"COPZ2",0.00958106853858941
"NUDCD2",0.00958460373119117
"ENDOG",0.00959209241657045
"LOC101928676 /// MAEA",0.00959296453799668
"KIDINS220",0.00960438681735432
"KDF1",0.00961166713501931
"LOC100506403 /// LOC101928269 /// RUNX1",0.00961854956650325
"ICAM3",0.00963605936769557
"TMEM106C",0.00966450120600623
"KDR",0.00966672083156034
"RAB6B",0.00969241872415464
"EPHA2",0.00969626198281826
"DUS1L",0.00972377158679878
"TMEM189 /// TMEM189-UBE2V1 /// UBE2V1 /// UBE2V2",0.00973440884763974
"F2RL2",0.00974390062446789
"NUDT1",0.00974429863675475
"PTGIS",0.00975285983314823
"SLC39A8",0.00976371274026389
"ZNF300P1",0.00976910781402721
"RPP38",0.00979913208452729
"RPARP-AS1",0.00981476033936334
"KLF8",0.00982366935760782
"C16orf45",0.00982423196427968
"LETMD1",0.00983028841371499
"C5AR1",0.00983708713478639
"BNC2",0.00984172016766191
"STATH",0.00986550996204632
"LOC101928781",0.00988215543693923
"C11orf96",0.00991530044133559
"CAPN13",0.00992214858519211
"THSD7B",0.0100006812478555
"XRCC6",0.0100366170750884
"LOC100128108",0.0100605303516586
"ERBB3",0.0100793573387992
"PTTG1IP",0.0100917791269025
"OLIG3",0.0101205860529673
"MSRB3",0.0101220200623381
"SLITRK4",0.0101235359410533
"SLC22A23",0.0101435785081245
"POLR2I",0.0101680473892789
"LOC400043",0.0102016954962492
"FASTKD3",0.0102449788995857
"NALCN",0.0102534837890454
"PTPRZ1",0.0102728404320552
"AGR2",0.0102863380159734
"SPAG1",0.0103145165034566
"MAP3K8",0.010316042756721
"LOC100506351",0.0103244580223177
"ECSIT",0.0103437406535134
"DANCR",0.010346410483382
"CSGALNACT2",0.0103499726920939
"ZBTB47",0.0103879647772675
"KCNE4",0.0104284907063816
"HDGFL1",0.0104610229768044
"FAM155A",0.0104710612291942
"FAM222A",0.0104725938861766
"VPS25",0.0104785144736183
"EIF4H",0.0104818399534961
"NLGN4Y",0.0105173986644734
"CHST15",0.0105217864036653
"IK /// TMCO6",0.0105514363641936
"GNG10",0.0105541817054214
"TPD52",0.0105627876337521
"HSD17B8",0.0105681191617762
"DHX15",0.0105981802805256
"HSPA1A /// HSPA1B",0.0106020049642506
"NUDT16L1",0.0106269324460677
"GPATCH1",0.0106275961063972
"GLCE",0.0106345284766385
"PEG3",0.0106410689113166
"EDEM2",0.0106435235863413
"TRABD2A",0.0106511012572191
"PIGG",0.0106519326660277
"RP11-473I1.9",0.0106718204059937
"TIMELESS",0.0106731453555469
"TRIAP1",0.0106736562329652
"ALKBH7",0.0106833453045018
"ZDHHC3",0.0106922406813671
"MIR4723 /// TMEM199",0.0107086935129968
"IQCC",0.010738596828094
"ATP5I",0.0107395536180371
"PTHLH",0.010758012632812
"C7orf55",0.0107684259587999
"F13A1",0.0107749908533423
"TMEM171",0.0108218003104557
"VPS33A",0.01082287338885
"FAM64A",0.0108440284184984
"DAPK2",0.0108528943983287
"DNASE1L3",0.0108647958058044
"CCR7",0.010877892259448
"TBC1D22A",0.0109216366945557
"CC2D1A",0.010934608340314
"FGF7",0.0109537980211665
"BC045779",0.0109562722584446
"HSPG2",0.0109572418369927
"ZNF503-AS1",0.0109760862594362
"ANKRD22",0.0109908172033771
"XYLT2",0.0110031616903437
"LGR5",0.0110375436545033
"PWAR6",0.0110375715335582
"U2AF2",0.011038552779265
"SHPK",0.0110891515576898
"NR2F2",0.011096152602481
"NEGR1",0.0111056942645195
"ZNF257",0.0111237243006867
"CHL1",0.0111402626045002
"WASF1",0.0111466637510976
"GLRB",0.0111849853060898
"MARCO",0.0112564725969312
"DSTYK",0.0112876543073934
"CAMSAP3",0.0113125835430469
"PCDHB10 /// PCDHB9",0.0113285393856614
"ARMC2-AS1 /// ATP5J2",0.0113312833965415
"PCDHB4",0.0113348588631761
"NKAIN4",0.0113515989897143
"RANBP1",0.0113646797214895
"LINC00511 /// LINC00673",0.0113653905386104
"GPR137B",0.011375297080886
"IL23R",0.0113756712067416
"CKB",0.0113824174108952
"NFKBIB",0.0114097281478999
"CLIP4",0.0114113266355635
"PLA2G12A",0.0114771541090834
"WWC3",0.0114875179996418
"FRAT1",0.0115446753073378
"AC010145.3 /// MYCNUN",0.0115494144048035
"UBE2Q2L",0.0115615336802144
"PALM2",0.0115867103916824
"TMEM17",0.0116083571786189
"AGFG2",0.0116399036644709
"HTR1F",0.0116476411861672
"MRPL20",0.0116487712365955
"KATNAL1",0.011689022091998
"NDNL2",0.0117192991911249
"MCM6",0.0117287006066094
"CRYAB",0.0117315253834476
"LIG1",0.0117558578343241
"ZFHX4",0.0117686374125405
"DKFZP434C153 /// OBSCN",0.0117976312986566
"TSPAN12",0.0118110098393141
"CNNM4",0.0118455204651334
"ACACA",0.0118504435936115
"PIM1",0.0118556681689064
"LOC101928409",0.0119280217269899
"POLD2",0.0119611970401359
"TTC1",0.0119738035912777
"PDGFB",0.011990541288463
"NLGN4X",0.0119970666990816
"SYNE3",0.0120068832828204
"FAM32A",0.0120111143602849
"TCEA3",0.0120140791219496
"CD109",0.0120297764273316
"KRT5",0.012041649762779
"LEPR",0.0120577258913832
"HMCN1",0.0120646709838442
"MCAT",0.0120721976318799
"UACA",0.0121053957622479
"ZNF787",0.012119737635094
"LINC01106 /// LINC01123",0.0121226046971445
"RGS16",0.0121532859445033
"CXCL13",0.0121942995105731
"C7orf55 /// C7orf55-LUC7L2 /// LUC7L2",0.0121981609834264
"ADAMTS5",0.0122017222865481
"IRF5",0.0122224994478716
"RPL41",0.0122242946107416
"LOC102723779",0.0122249849207799
"KLHL20",0.0122288301644376
"LTBP3",0.0122530392662972
"MOB3B",0.0122537661030345
"FAM213B",0.0122563070860702
"CDH2",0.0122596182020382
"BAG3",0.0122954803197681
"PRMT7",0.0123175376646989
"ENG",0.0123215284854444
"TXNL4B",0.01232477375502
"TPMT",0.0123394024524143
"PI4KA",0.0123399204929097
"MXRA7",0.0123422877225069
"MGC24103",0.0123450273583298
"SLC13A2",0.012374313350402
"NPL",0.0124007525631336
"NGFR",0.0124235315264282
"FRMD6",0.0124443275528761
"SLC26A10",0.0124489528111173
"LIN54",0.0124498085542725
"LINC00842",0.0124514098343481
"FKBP11",0.0124753881466498
"HCFC1R1",0.0124953925111702
"ADH6",0.0125419604072345
"PRPF31",0.0126051728452835
"NHP2P2 /// NHP2P2",0.012613007086549
"RP11-157E16.1",0.0126164716303664
"LOC441461",0.012620096839945
"GOT2",0.0126206743369442
"CDCA3",0.0126436281861986
"ASF1B",0.0126784725574461
"HOTAIR",0.0126866342489737
"ATP2B4",0.0126972965730855
"DHODH",0.0127050618505576
"BIRC5",0.0127079427757872
"LRRTM1",0.0127172644552752
"PSMB8",0.0127244383234555
"EBP",0.0127261805623799
"CLEC1A",0.0128083735583856
"RAB23",0.0128255583334914
"RUNX2",0.0128678546449011
"FLNA",0.0128692706767888
"CACNA2D1",0.0128839861105473
"FRMD6-AS1",0.0129108050436244
"TMEM39A",0.012933351919667
"RP11-248J18.2",0.0129336808184417
"KIRREL",0.0129466412368864
"NXN",0.0129962161602478
"KCNJ8",0.0130121021179612
"RPS25",0.0130133228609271
"LOC100506325 /// LOC102724532",0.0130377272494291
"VDR",0.0130393536062493
"ARC",0.0130834340288766
"RHOJ",0.0131177454089266
"CYP24A1",0.0131434856977066
"SELO",0.0131444026256402
"TARBP2",0.0131508843295907
"SPG20",0.0131512993557515
"FUT4",0.0131940219878504
"CARD16 /// CASP1",0.0132306940446938
"ANKRD6",0.013239329247808
"PRKAG2-AS1",0.013248407254331
"RP11-304L19.4",0.0132735034881158
"PLN",0.0132863814587162
"OGFOD3",0.0132952932157437
"MOSPD2",0.013304143701625
"ATP5A1",0.0133374495646971
"SEPT2",0.0133588736874585
"SFRP2",0.0133706610393081
"DAAM2",0.0133727804095957
"PKP2",0.0134087474926144
"MEIS2",0.0134139918684113
"TTLL6",0.0134207906117878
"CSPG4",0.0134279782889269
"TMED6",0.0134319859861138
"PSMD9",0.0134418905739924
"HIST1H2AD /// HIST1H3A /// HIST1H3B /// HIST1H3C /// HIST1H3D /// HIST1H3E /// HIST1H3F /// HIST1H3G /// HIST1H3H /// HIST1H3I /// HIST1H3J",0.0134734320621356
"GNPNAT1",0.0134852367141367
"TPM4",0.0135150684601941
"RP11-470M17.2",0.0135386800587789
"CHEK2",0.0135656457599549
"APEH",0.0135803252369757
"PARL",0.0135877774206687
"ANKRD20A12P",0.0136089172893822
"TK1",0.0136391966801527
"PRDM11",0.0136760708835143
"PPP1R8",0.0136961947968894
"CYBRD1",0.0137007889846499
"HOXB4",0.0138164826299071
"TRIM61",0.0138191556289623
"EXOSC7",0.0138364192314537
"FCN1",0.0138775996647127
"DIRC1",0.0138853000542065
"CHCHD4",0.0138868306580081
"CTSB",0.0139010778400101
"NARF",0.0139135542674818
"ELOVL6",0.0139424174814211
"EPHX2",0.0139558270275122
"ADAM21",0.0139571519559755
"PCDHB2",0.0139642309493498
"FLJ44087",0.0139872911023572
"HEPACAM2",0.0139963936482203
"IMMT",0.0140047652228378
"NCAPD2",0.014008796169943
"RTP4",0.0140190454362537
"SMARCD2",0.0140231618430373
"LSM7",0.0140265056943
"ACY3",0.014044102178101
"LOC101930630 /// STRC",0.0140553305429037
"C2orf82",0.0140652947226442
"PEX5",0.0140699269053702
"CHCHD10",0.014088860563788
"S100A3",0.0140902618913731
"AHR",0.0141657726938101
"DENND5A",0.0141926852831965
"SCRN1",0.0142067293361588
"TIMM44",0.0142212125950708
"CD68 /// LOC101928634 /// SNORA67",0.0142327446649419
"FLJ31104",0.0142380747023415
"ANAPC15",0.0142630220147948
"SOWAHA",0.0142704310265905
"CBLN3",0.0142737854959052
"CACNA2D4",0.0142742253516218
"DCLK1",0.0142921129804253
"FUT11",0.0143545097125465
"SLC9A2",0.0143650267242485
"TBC1D14",0.01437079164629
"ADH5",0.0143739094118195
"ADAMTS9",0.0143808294147015
"GMDS",0.0144053397161662
"SAAL1",0.0144073705833483
"TTBK2",0.0144208070295288
"SAMM50",0.0144460404297917
"SLC27A1",0.0144504959023414
"THOP1",0.0144540483379968
"GPR116",0.0144552217966465
"RUFY3",0.0144677628491783
"ECM2",0.014486404678895
"RP11-274H2.5",0.0145024849530268
"POGZ",0.0145084880502349
"BOLA3",0.0145663220850943
"LINC00638",0.014603273747814
"S100A8",0.014650297752985
"ADH1A",0.0146647162045034
"NUDT19",0.0146720675245158
"THYN1",0.0147220500783094
"CMTM7",0.0147222092394577
"ZFP36",0.0147852882437044
"CAPN15",0.0148248280751889
"DNASE1L1",0.0148310751841032
"DHCR24",0.0148606913240358
"SLC25A13",0.0148625799483277
"LOC100506538 /// NDUFAF6",0.0148929536291612
"PDIK1L",0.0149297966802156
"ANXA1",0.0149495773807303
"C5orf30",0.0149842968191459
"MKKS",0.0149991675675274
"SPRYD4",0.0150361178670894
"TTC7B",0.0150516738660707
"SHROOM3",0.0150652892309311
"CCL7",0.0150842257507436
"LOC728024",0.0151129001012624
"LOC100133985",0.0151139653227572
"SENP7",0.0151157981584358
"FIGN",0.0151484941749289
"CRLS1",0.0151642111958713
"PTPN12",0.0151696963331101
"LOC101928274 /// VSIG10",0.0151698926437355
"CARF",0.0151762308947138
"SGCD",0.0151971904286172
"SHC1",0.0152360556338714
"ETS2",0.015242739088567
"CERS6",0.0152451385394713
"GDE1",0.0152609117308631
"RGS4",0.015319589296022
"BECN1",0.0153411733706003
"DYSF",0.0153631469962461
"RMI1",0.0154000858120119
"EGFL8 /// PPT2",0.0154307086119917
"DERA",0.0154307814047232
"CLDN22 /// WWC2",0.015444852476162
"REPIN1",0.0154505371930985
"CCDC102B",0.0154527930555236
"CLPP",0.015500134630492
"LOC102724200 /// TRAPPC10",0.0155510546245831
"ANAPC1 /// LOC730268",0.0155729025474277
"AP000462.1",0.0155798094635094
"CRISPLD1",0.0155802949676791
"MSR1",0.0155995837051208
"FLJ30064",0.0156351166934165
"EDA2R",0.015659679597492
"GSTM2",0.0156621113670745
"NUDT9",0.0156817728122374
"TERF2IP",0.0156976213677388
"RPL23AP32",0.0157169795521763
"HMBS",0.0157721042578619
"MGP",0.0157861667622608
"PCDHGA10 /// PCDHGA11 /// PCDHGA12 /// PCDHGA3 /// PCDHGA5 /// PCDHGA6 /// PCDHGC3",0.0158166994503008
"CLCN3",0.0158279701025358
"LOC101929584",0.0158339002424677
"GTF2H5",0.0158398406192055
"CYTH4",0.0158704700738816
"LEPR /// LEPROT",0.0159049426198928
"STX18",0.0159315644080164
"H2BFM",0.0159482338667104
"SAP130",0.0159782476661036
"MLH3",0.0159841644473818
"TMEM45A",0.0159879037930752
"PEX6",0.0160022638051642
"BLNK",0.0160099359585224
"NOS2",0.0160309913313348
"LAP3",0.0160626184917882
"CNTNAP1",0.0160717221934271
"TROAP",0.0161403753933378
"ACO2",0.0161517442879361
"TSC22D2",0.0161596507960432
"WDR18",0.0161676435786181
"UBXN7-AS1",0.0161689683284238
"LRIG3",0.0161735266313907
"FAM98C",0.0161758429875339
"HNF1A",0.01621968358776
"MXRA8",0.0162227847687094
"SUSD4",0.0162257839923501
"KRTAP4-6 /// LOC101930568",0.0163309881212272
"LOC642852",0.0163594981636495
"PSMA5",0.0163632283280651
"SYNDIG1",0.0163915429072909
"ABCC9",0.0164020540848974
"IKBKE",0.0164130100668783
"NRIP3",0.016414483931302
"TMEM54",0.0164426769000506
"C7orf31",0.0164599505548496
"KIAA0907",0.0164619776971856
"CDC42BPA",0.0164624554315891
"NDUFA11",0.0164973799968882
"BC043291",0.0165281385799471
"ROMO1",0.0165593572660425
"NFKBID",0.0166037293181299
"FLOT1",0.0166122710703834
"LINC01207",0.0166143548455696
"C20orf24 /// TGIF2-C20orf24",0.0166152072341946
"FAM117B",0.0166250517115779
"PPP1CC",0.0166620119252086
"IFRD2",0.0166668208357656
"TSPAN8",0.0166811398782529
"TRIM14",0.0166895597865688
"FOXD2",0.0167089177705936
"NDUFAF2",0.0167297851954621
"OSBPL8",0.0167880901037296
"MATN3",0.0168016174593664
"MCAM",0.0168022825347697
"KIAA1324",0.0168305779644983
"CMPK2",0.0168442977777035
"ZNHIT3",0.0168480819256152
"NBPF20",0.0168539800962222
"BLOC1S1",0.0168685221581062
"MRPL54",0.0168776977437998
"MAPKAPK3",0.0168817234179339
"OSMR",0.0169212443864522
"DSTNP1 /// DSTNP1",0.0169507790951457
"FRY",0.0169738968698334
"LOC100132891",0.0170467038278296
"CDC25C",0.0170923650061444
"VIPR1",0.017144881392086
"RNASE2",0.0171589507531032
"LINC00478",0.0171855802792593
"LOC101060747 /// PDPK1",0.0171971308656272
"PHB",0.0172535451186061
"TOX3",0.0172552186409744
"C2orf72",0.0172830354426207
"TNS1",0.0172876960393764
"ERAP1",0.0172966783430993
"TMEM38A",0.017297597740939
"SRI",0.0173751967829633
"AFMID",0.017376899929917
"FLRT2 /// LOC100506718 /// LOC102724348",0.0174195209882626
"ADSL",0.0174511104321226
"C16orf52 /// LOC101930115 /// VWA3A",0.0174524347954312
"CHST11",0.0174567644465112
"ACADS",0.0174920890451523
"CLIC4",0.0174964976417904
"MED19",0.0174965693117024
"RAD51L3-RFFL /// RFFL",0.0175250705518852
"RP11-220I1.5",0.0175407559683879
"PPFIA2",0.0175961924393034
"NUP85",0.0176175771431531
"MECP2",0.0176618624920194
"LOC101929550",0.0177115593926415
"SYT11",0.0177295548148346
"USP3",0.0177428500069289
"PICALM",0.0177920458097481
"KIAA0141",0.0177939868744809
"PDE1A",0.0178465400062801
"LOC157562",0.0178616594780655
"NAP1L3",0.0178742514177
"C9orf47",0.0178944614304162
"MIEF1",0.0178977798027631
"CARD16",0.0179030928857391
"ITPRIP",0.0179195695133583
"SCO1",0.017927729867508
"FABP1",0.017940387620095
"TMEM106A",0.0179446582802387
"MPST",0.017965161275521
"BC070490",0.018047726106709
"ANKRD16",0.0180789030326832
"FNDC3B",0.0180935036355101
"SPP1",0.0181034444968244
"RAX2",0.0181389691529748
"TPRKB",0.0181744904413358
"SLCO5A1",0.0182226452696105
"C2orf27A",0.0182267120931349
"IRF1",0.0182443422626288
"PRKAB1",0.018250328765807
"SIDT1",0.0182969847133691
"GSTZ1",0.0183397093635464
"MIR670HG",0.0183603793160038
"DGKI /// LOC100128727",0.0183647240897956
"ACTR3B",0.0183830165181148
"ELP6",0.0183858727010859
"KDELC1",0.0184047664267249
"AGGF1",0.0184299062060382
"ZNHIT1",0.0184469738824382
"MARS2",0.0184481372014969
"LMNB2",0.0184570476352096
"FMO5",0.0184817488350711
"TUBB4A",0.0184845251679989
"TJP3",0.0185163564104491
"PHF5A",0.0185194697002907
"LMO2",0.0185211850414442
"C11orf72",0.0185698732653931
"EIF2B1",0.0185876865855277
"SNX11",0.0185896935659275
"SIAE",0.0186334305629899
"FAM186A",0.0186568581678576
"INPP5J",0.0186991538244154
"RNF4",0.0187085312385032
"COL4A1",0.0187473755645484
"SMC1A",0.0187700989310625
"LOC102724112 /// WIBG",0.0187939711005582
"CCBL1",0.0188017395006937
"RNF186",0.0188029586243937
"COX16",0.0188145492930884
"RP11-50E11.3",0.0188625782115305
"RP11-319E16.2",0.0188837730859438
"DEFA1 /// DEFA1B /// DEFA3",0.0188977182114837
"ETV1",0.0189491047329205
"LOC285692",0.018951861815451
"NEURL3",0.0189661445389391
"FSCN1",0.0189849603955583
"NUP37",0.0190335634514708
"RP11-378J18.8",0.0190466778591531
"ARHGEF38",0.0190710354738916
"NPRL2",0.0190796523336581
"RPH3AL",0.0190851328997839
"MMAB",0.0190903112443272
"LOC100506388",0.0190958350651891
"LOC730102",0.0191559034108197
"AOC3",0.019162701012655
"IPW /// LOC101930404 /// PWARSN /// SNORD107 /// SNORD115-13 /// SNORD115-26 /// SNORD115-7 /// SNORD116-22 /// SNORD116-28 /// SNORD116-4 /// SNRPN /// SNURF",0.019208537046604
"CPEB1",0.01920918067928
"CYP51A1 /// LRRD1",0.019212080459533
"LINC01101",0.0192229494389498
"INIP",0.0192388453326905
"GALNT15",0.0192391595415788
"GEM",0.0192468278830454
"TCEAL7",0.0192597498902735
"SPRR4",0.0192733026821064
"LEF1",0.0192978950574709
"RP11-28F1.2",0.0192987247530782
"PRR5",0.0193287096277675
"LYPD5",0.0193429275211397
"LIN7B",0.0193632119128489
"LOC101926975",0.0194449505572203
"LOC100996782 /// MED18",0.0194494365020753
"DNAJB4",0.0194621258093896
"PRMT1",0.019462625375999
"JPH2",0.0194852315066086
"ELK3",0.0194942890718075
"C8orf12",0.0195012015078726
"PRKCA",0.0195388403401559
"PLA2G4D",0.019541375317048
"LIMS2",0.0195460302061162
"ADAM1A /// ADAM1A",0.0196218981568901
"COPS7B",0.019639670712377
"POU4F1",0.0196403928158452
"TSHZ3",0.0196407211255444
"NDUFV1",0.0196407703739834
"NDRG2",0.0196446756925081
"IGFBP3",0.0196581079735199
"LINC00483",0.0196621140130966
"PDCD4-AS1",0.0196712602315608
"ARSE",0.0196859690645922
"CBLC",0.0196870496583835
"GINS2",0.0197082134026804
"NDUFA3",0.0197124517645356
"BAG2",0.0197215073071889
"CGA",0.0197500472810025
"PDP2",0.0197589045771824
"CTD-2537I9.16",0.0197604603530245
"DHTKD1",0.0197843527920134
"GLS",0.0198065092515554
"POU5F1B",0.0198410319834863
"NFKB1",0.0198885703955137
"NHP2",0.0199045630916931
"METTL2B",0.019922897740565
"SATB2",0.0199747725970655
"TIMM50",0.019982794384014
"GTF2H2 /// GTF2H2B",0.0200395118935407
"PRSS8",0.0200436003292516
"LRBA",0.0200694945290584
"KCNB1",0.0200755484461372
"DCAF11",0.0201204316100969
"KIAA1462",0.0201277243220084
"PRELP",0.0201293366807063
"LIMK2",0.0201660824583058
"PINX1",0.020167225876781
"PITHD1",0.0201912231539952
"CLDN7",0.020199431477075
"EDAR",0.020206817949074
"RAPGEF6",0.0202314496703357
"FIGNL1",0.0202479016171388
"PPP1R14D",0.0202540516979105
"HOXB6",0.0202616726227472
"MIR6778 /// SHMT1",0.0202682195490215
"GFM2",0.0202819352978265
"MPPED2",0.020304686705628
"PGP",0.0203281860339194
"ZNF689",0.0203448976852805
"LOC100506248 /// LOC728026 /// MIR1244-1 /// MIR1244-2 /// MIR1244-3 /// PTMA",0.0203449602053742
"PHC2",0.0203509392636603
"KCNIP2-AS1",0.0203763208612627
"FAT3",0.020412700560736
"TNFRSF1B",0.0204425580836285
"THAP4",0.0204524308821505
"LAMP3",0.0204577836676258
"PIH1D1",0.020476640699955
"ZEB2",0.0204815669375437
"NLRC5",0.0204924205781878
"GLTPD2",0.0204968284563175
"NR2F6",0.02050687532379
"CLRN3",0.02051205839509
"TOMM22",0.0205152604834447
"NKX3-2",0.0205415418193831
"HDHD2",0.0205696743153031
"PEX11G",0.0205725161590951
"TIMM23 /// TIMM23B",0.0205738078460897
"VAV3",0.0206097902293671
"RETNLB",0.0206244500674228
"WWTR1",0.020670668784169
"HHLA2",0.0206797366937812
"CCDC88C",0.020681058028235
"KCNQ3",0.0207148996287045
"QTRT1",0.0207348235070412
"CLDN12",0.0207374865738558
"KAZALD1",0.0207396581150404
"PRNP",0.0207539122014331
"CNTFR-AS1",0.0207981483830415
"IL1R1",0.0208178320988017
"CTB-167B5.2",0.0208438297840221
"COPA",0.0208983716301303
"RGCC",0.0209853638972062
"AK026714 /// PELI1",0.0209983552962971
"DNM1",0.0210363030427563
"RPIA",0.0210373134913848
"GYS1",0.0210541965745725
"NDUFS7",0.0210564481948817
"LINC00869",0.0210566032599912
"MYO9A",0.0210619122535837
"QDPR",0.021107347280761
"KIF2A",0.0211342398536515
"DDX28",0.0211634003824645
"ANKRD65",0.0212024241101223
"RNF157",0.0212077527985745
"SERPINB4",0.0212089198048781
"ARHGAP44",0.0212369727472266
"VTI1A",0.0212377489218056
"ATP5D",0.0212455954460175
"KLK12",0.0212842828489633
"DIMT1",0.0213224460337253
"FAHD1",0.0213669492642006
"CENPH",0.021376755132666
"SLC24A1",0.0213907648330852
"SDHAF2",0.0214246603682063
"FOXD1",0.0214312097482672
"ABCC4",0.0214315067005231
"MSN",0.0214395250515681
"AP1S2",0.021457531751656
"IFNA10",0.021462205014379
"LOC101927746",0.0214789981641486
"GOT1",0.0214909252520368
"DNAJB7",0.0215243654551544
"POC1A",0.0215331439437751
"MGST1",0.0215366766129814
"ACOX3",0.0215464992294359
"LRRC16A",0.0216559568579473
"CDC42EP4",0.0216724177694748
"TCHH",0.0216736542130709
"RBKS",0.0216879731693264
"HIST2H2AA3 /// HIST2H2AA4",0.0216953528450816
"C19orf24",0.0217348068535299
"HCFC2",0.0217693060059701
"JAKMIP3",0.0217750337171824
"ZNF99",0.0217812549561306
"AX746755 /// RP11-774O3.3",0.0217957635593276
"SKI",0.0217985666725784
"ALG14",0.0218314208432126
"TRBC1",0.021855429826706
"SNAP91",0.0218602206475201
"LINC00312",0.0218956182382778
"TMEM238",0.021906743790496
"IL17RD",0.0220018582840795
"MACF1",0.0220112581607344
"ATXN7L2",0.0220279405373389
"MEF2A",0.022056333601596
"BOLA2 /// BOLA2B",0.0220574179051779
"GGH",0.0221087922241651
"GTSE1",0.0221126779433287
"TPM2",0.0221298367036055
"MIR186 /// ZRANB2",0.022142733217231
"KRT81",0.0221597536372188
"MLYCD",0.0221918952190674
"CD3G",0.022220564854276
"AP1M2",0.0222475690841368
"SKA2",0.0222565579693824
"SNTN",0.0223170459261054
"FAM124B",0.0223220149415373
"CLEC4F",0.0223333908617896
"FAM83A",0.0223341425448935
"CRABP2",0.0223481711846075
"MORF4L2",0.0223726556027793
"FIP1L1",0.0224243211441509
"LOC101928687",0.0224414417686756
"C7orf73",0.0224628643472248
"PBK",0.0225232931567933
"TCEAL4",0.0225596418253876
"POLR3B",0.0225785444191037
"ZDHHC23",0.0225997021641746
"PCK2",0.022622298864177
"DNAJC22",0.0226454603336438
"SLIRP",0.0226692802077465
"ABHD11",0.0226909126558382
"LOC101929084",0.0226923664735141
"SNRPF",0.0227033626491731
"ACAD8",0.0227303337672779
"WSB1",0.0227487348158406
"SYN2",0.0227603417986812
"IDH2",0.0227659371310138
"RBBP4P4 /// RBBP4P4",0.0227838726970055
"MSH4",0.0227942476227424
"SYN3",0.022816951637319
"ADAT3 /// SCAMP4",0.0228654777736658
"MED9",0.0228743384018757
"MEG9",0.0228902929033309
"FAM104A",0.0228937215651211
"FUK",0.0228941237492275
"DRG1",0.0229025848973347
"SSBP4",0.0229057562281047
"INSL6",0.0229060561552663
"RAB8A",0.0229354969266748
"PMP22",0.0229528964196575
"ARMC7",0.0229838001370856
"CHCHD6",0.022986433787237
"TIMP1",0.0230048884670728
"ATP6V1C2",0.0230066520665295
"ARHGEF10L",0.0230273841947791
"PTP4A2",0.023032444796861
"LOC101927278",0.0230352522886385
"LINC00926",0.0230401606222049
"CREBRF",0.02304196274971
"COL23A1",0.0230464134559807
"NMRAL1",0.023047933202811
"FKBP5",0.0230887459845652
"MGARP",0.0231144487148063
"TRIM26",0.0231168438883942
"DFFB",0.0231556347540335
"LINC00525",0.0231846134778802
"TMEM37",0.0231884366938597
"HDAC1",0.0231903216475977
"TECR",0.0232609859360935
"POP7",0.023278866559165
"AP000696.2",0.0233350761646218
"RGMB",0.0233376567511024
"PMEL",0.02335753256701
"SDPR",0.0233956158270144
"DOT1L",0.0234324457524709
"PDE12",0.0234455578622992
"EFNA2",0.0234483934676393
"LOC284798",0.0234576619944169
"PHOSPHO2",0.0234585467713124
"FBXL12",0.0234748824781649
"CALB2",0.0234779880721265
"RP11-999E24.3",0.0235222530823584
"C15orf48",0.0235350991080536
"MRAP",0.02358345338281
"LINC00935",0.0235836269671887
"KCNE3",0.0236794035085518
"RUVBL2",0.0236823989985537
"ZNF800",0.0237417771774504
"PPAPDC1A",0.0237527701620213
"TBC1D19",0.0237726321175799
"PCDHB7",0.0237828361148323
"ATP4B",0.02382621213208
"ZBED2",0.0238941573895928
"MRC1",0.0239071541965172
"MYH6 /// MYH7",0.023928831356809
"EID2B",0.0239357053176706
"RP11-309G3.3",0.023944636662261
"CCDC82",0.0240060038902994
"RBM47",0.0240114167047927
"MRPL28",0.0240579102527582
"RNF41",0.0240653774145381
"MRPL51",0.0240702135509396
"LINC00648",0.0240733085776277
"ALYREF",0.0240738163932114
"DLG3",0.0240852982284972
"LOC729887",0.0240876566176254
"MIR5193 /// UBA7",0.0241040264418047
"PPP1R18",0.0241333915833581
"SDHAF1",0.0241744073875562
"HES6",0.0241880268846072
"LOC101930301 /// LOC101930303 /// TRIM16L",0.024195151824052
"RGL2",0.0241956744841717
"DDX23",0.0242020820320102
"LOC101060604 /// SLC7A5P1 /// SLC7A5P2",0.0242225828013903
"AC007255.8 /// BC038570",0.0242354860101268
"RAD18",0.0242405373539522
"ARIH2",0.0242491558094069
"ESPL1",0.0242725696667438
"ST7-OT4",0.0242759363753975
"ERVV-1",0.0243225913124435
"IRF3",0.024352883101738
"NUDT4",0.0243691502335158
"RPS16P5",0.0243855729014744
"TNFRSF25",0.0244141554028596
"CLEC11A",0.0244153927698853
"REG3G",0.0244215558948431
"CNNM3",0.0244799925408665
"CEBPG",0.0245200212216755
"SLC3A1",0.0245567618140352
"PDPK1",0.024564471824538
"IL12RB1",0.0245737250570421
"TRAP1",0.0245879138649064
"ACSS1",0.0246661968895387
"CFC1B",0.0246696877491704
"LINC00957",0.0246709279477752
"LOC100422737",0.0247057395059262
"CHMP6",0.0247136979399528
"GINS3",0.0247178440749064
"GRSF1",0.024722527379798
"DDO",0.0247246118205672
"SV2B",0.0247812041306805
"OR10H2",0.024822788210176
"MMP14",0.0248461506976247
"SERTM1",0.0248472246260773
"SMARCD3",0.0248698791225999
"LOC441124",0.0248840373371104
"GJB5",0.0249017818451191
"SARS2",0.024995849646662
"BC043223 /// RP1-274L7.1",0.0251014038325744
"RPUSD1",0.0251519947981386
"GPR128",0.0251609667853337
"MINPP1",0.025190607673852
"C11orf48 /// LOC102288414",0.0251911515414141
"MYNN",0.0252134485880325
"SFTA3",0.0252211500015325
"EHBP1",0.0252239280454142
"HIBCH",0.0252558734012891
"GAS1",0.0252618919366878
"ARL4C",0.0252836610524125
"BV03S1J2.2 /// IL23A /// TCRB /// TCRVB /// TRBC2 /// TRBC2 /// TRBJ2-7 /// TRBJ2-7 /// TRBV19",0.0253121161927112
"IGLL1",0.0254377925954143
"GUSB",0.0254385837237465
"NCAPH",0.0254522906268134
"NEDD4L",0.0254670629558075
"FBN1",0.0255000568311099
"PDXP /// SH3BP1",0.025529845572583
"LIMS3 /// LIMS3L",0.0255322389020358
"POLDIP2",0.025539637848502
"PCNXL4",0.0255420978143839
"GLI3",0.0255464074612242
"LOC101928483",0.025548735284977
"LSM6",0.0255639902529584
"ANXA6",0.025631055869191
"FXR1",0.0256515877173332
"MAP6",0.0256630680893799
"T-Cell Receptor V-alpha region /// TRAV9-2 /// TRAV9-2",0.0257152438350914
"TXNIP",0.0257287063757205
"TM4SF1",0.0257910365258722
"ICT1",0.0257920864367899
"HMGB2",0.0257984469580316
"GRPEL1",0.0258542238201941
"PLEKHM3",0.0258715737928126
"ADAM7",0.0258766525192915
"ITPKA",0.0258770378354816
"CADPS2",0.0259099322206571
"CDH6",0.0259512086850358
"MGEA5",0.0259781292057165
"F8",0.0259818932329578
"C11orf80",0.0260098237609552
"BLZF1",0.0260193826996685
"ZNRF2",0.026033000853548
"LOC102725343",0.0260478597329097
"LRRFIP1",0.0261053098163885
"TIFAB",0.0261149209808724
"TENM4",0.0261154745387499
"RP11-108L7.15",0.0261232146385492
"ZNF703",0.0261389708139227
"IGFBP6",0.0261590682771522
"CCNB2",0.0261680918765015
"CDCA7",0.0261703313630327
"C8orf60",0.0261855076878487
"ARHGAP26",0.0261862603826578
"SSX2IP",0.0261874975830329
"DGUOK",0.0261923366865294
"SF3B5",0.0262340908232843
"LOC101927876",0.0262422625073312
"PPP1R3C",0.0262465538195521
"THG1L",0.0263440556410693
"PRTG",0.0263947277110592
"FMO2",0.0264176016793726
"BC039487",0.0264675738942595
"TSPAN2",0.0265001478337379
"TMPRSS5",0.0265007811119242
"CNOT11",0.0265283096156726
"ALDH5A1",0.0265453432495439
"C15orf52",0.0265817444240522
"RER1",0.0265868121056551
"PHGR1",0.026711066233895
"MIR143HG",0.0267210983562016
"L3MBTL2",0.0267342800426974
"POLR3K",0.026776527702639
"MTFP1",0.0267768177205503
"C17orf89",0.0267900126324417
"CD320",0.0268167389897136
"COL5A2",0.0268801047984525
"OXR1",0.0268847688451161
"C20orf166-AS1",0.0269015004612013
"WDR45B",0.0269615010813671
"RP1-193H18.2",0.0270092404606869
"LOC100506489",0.0270278534231517
"TFCP2",0.0270292724590472
"MUC5B",0.0270319776624941
"FGG",0.0270400862245078
"LAMB2",0.0270432838297475
"ZSCAN20",0.027060695007641
"NRARP",0.0270646963608093
"NAA38",0.0270982044322203
"C10orf76",0.0271075487875446
"LINC00458",0.0271077488373619
"C17orf99",0.0271777721940928
"RP11-16P6.1",0.0272402708627893
"UBE2N",0.0272550813395641
"SNRPA",0.0272722226539113
"HSD17B10",0.0272904416671384
"RP11-53B2.2",0.0273179399085293
"GSTM5",0.0273532267638886
"C19orf70",0.0273565838037389
"ANGPTL4",0.0274304543995481
"HS3ST2",0.0274392889778643
"VRK1",0.0275263201586106
"RP11-314N13.3",0.0275569705236768
"TLR5",0.0275754023670392
"ATF3",0.0275848959932371
"HOTAIRM1",0.027607197199373
"METTL9",0.0276241485779151
"RFT1",0.0276452849898974
"NOP16",0.0276754156805032
"CD7",0.0276817388339383
"TMEM98",0.02774270599627
"TFDP3",0.0277461151356665
"AURKB",0.0277583327575733
"SLC5A3",0.0277603609528527
"PICK1",0.0278123046496013
"SMIM15",0.0278326356817371
"SLC5A1",0.0278503122803267
"LOC100996342",0.0279082088473499
"GPR110",0.0279924751979833
"APOH",0.0280066571764286
"POLE2",0.0280359359013252
"FDFT1",0.0280545598122815
"NDUFA6",0.0281388158318446
"COL8A2",0.0281852689103912
"HSD17B7",0.0282150360474814
"COMTD1",0.0282169493946276
"SYNE1",0.0282538248661989
"GPR157",0.0282561109502411
"RECK",0.0282795972156393
"CMC1",0.0283202886190371
"LOC202181",0.0283270306446761
"AK097119 /// RP11-73M18.6",0.0283362226769786
"HSD17B4",0.0283397125309568
"CACNB1",0.0283542321537077
"LINC00838",0.0284274783446663
"C1QTNF7",0.0284312372498473
"CHCHD3",0.028454778362593
"LOC101928590",0.0284874438196368
"BABAM1",0.0285023866455553
"TMEM186",0.0285101057943435
"SWSAP1",0.0285241449520389
"LOC101928098",0.0285640084631807
"TGFB1I1",0.0285655715574684
"BCAT1",0.0285789006748056
"TOLLIP-AS1",0.0285950782531255
"LOC101927380",0.0285966435486661
"SNORD114-3",0.0285973286488082
"GLRX5",0.0286073390161403
"PGPEP1",0.0286368193965006
"KIF3C",0.0286414243331735
"MIR612 /// NEAT1",0.0286415713709929
"SERINC1",0.0286672969810971
"CPSF4",0.0287168962087231
"ASTN1",0.028728645962087
"SYP",0.0287451821615518
"GSDMD",0.0287459185310581
"ABHD12B /// MIR4454",0.0287609018643518
"HTR2C",0.0287787757215484
"CEBPE",0.0287819439361655
"OLR1",0.0288033857444657
"ANKMY2",0.0288525153810915
"ST14",0.0288835996053328
"DUSP5",0.0289343749109153
"C5orf46",0.0289466015225418
"TXNL4A",0.0289624126633469
"CNTN4",0.0289820597587834
"MEPE",0.0289891907980366
"FRAS1",0.0289911231328572
"LENG1",0.0289991611886077
"SLC41A3",0.0290685233926803
"EMC8",0.0290729205979897
"TMEM160",0.0290866135439917
"SMIM2",0.0290957441253308
"DNPH1",0.02912072063692
"MGAT4B",0.0291300860576823
"HIP1R",0.0291357267268244
"BSPRY",0.0291635106277878
"TMEM129",0.0291640292164688
"ARIH1",0.0291783929325746
"DUS3L",0.0291792027454989
"MAP3K14",0.0291794579565859
"ARFIP1",0.0292327241031145
"SFXN2",0.0292372407837978
"WNT7B",0.029270379881221
"AOAH",0.0293723680056162
"SOX11",0.0293909553823622
"PEBP1",0.0294081874611136
"LOC286437",0.0294279092611797
"PRSS30P",0.0294445383844872
"IPO5P1",0.0294500479316854
"AMIGO3 /// GMPPB",0.0295218371400185
"CIART",0.029565901053559
"ALG1 /// NAGPA-AS1",0.0295716540268075
"OLFML2B",0.0295818247339629
"GPR160",0.0295959491030459
"ETHE1",0.0297143413734316
"S100A2",0.0297606006556688
"PTGER4",0.0297619705355743
"PPP1R13L",0.0297923324198841
"SPAG5",0.0298924657935326
"DQ581328",0.029896379682955
"SGSM3",0.0298968016418506
"LRRC31",0.0299053237955012
"PCDHGA3",0.0299156538142739
"MRPL51 /// SPTLC1",0.0299286723702156
"DHX8",0.0300078485859568
"TGFA",0.0300281287004472
"SOX13",0.0300392046774142
"KIF16B",0.0300667718748691
"C16orf62",0.0300818013304843
"AHCTF1 /// AHCTF1P1",0.0301215863893398
"DAGLA",0.0301446413000545
"LCLAT1",0.030156227012956
"ZFP82",0.0301623382376321
"LAMA5",0.0301692235523685
"MRPL34",0.0301720851098558
"TNFSF12 /// TNFSF12-TNFSF13",0.0301753487149484
"MYH14",0.0301976986573427
"KAT6A",0.0302009966012902
"WIPI1",0.0302050831271252
"RIMS2",0.0302217852884317
"HECTD2",0.030238396944511
"SLC39A1",0.0302449351065088
"ZNF365",0.0302457818405565
"ZRANB2-AS1",0.0302517801021066
"LOC100996668 /// ZEB1",0.0302539914188304
"SLC25A33",0.0302892285726451
"ALKBH4",0.0303196305285504
"C1orf180",0.0303278050193059
"H2AFZ",0.0303316651953094
"RP11-348P10.2",0.0303869032792126
"FKBP15",0.0304023216900967
"LOC102725271 /// NTM",0.0304170807586265
"PSRC1",0.0304268963597067
"GSX2",0.0304499611072402
"WHSC1",0.0304676860340243
"FOXN3-AS1",0.0304791644992088
"CNOT10",0.0304943737575179
"CALD1",0.0305220309271732
"PCDH12",0.0305316532356039
"KCNG4",0.0305536046497683
"NTN4",0.030592298225109
"TRAC /// TRAJ17 /// TRAV20 /// TRDV2",0.0306412830993665
"ST3GAL6",0.0306522865954993
"ARL11",0.0306538464600427
"LOC100505711",0.0307601622677473
"LOC101929988",0.0307763478830275
"SPRY3",0.0307888661091145
"TUSC3",0.0307938203832907
"CYB561D1",0.030811125856211
"PSD2",0.0308530426580255
"OR7E111P /// OR7E111P",0.0308721032511458
"LOC101929681",0.0308857269345259
"MRPS27",0.0309078340687885
"NCOA5",0.0309508828051666
"GVQW1",0.0310162906532298
"CYP4F12",0.0310179369193725
"RP11-456O19.2",0.03101940267433
"GULP1",0.031030051208763
"CDK2",0.0310686716835105
"PHC1",0.0311094855819494
"CALR3",0.0311226710699469
"SNAI1",0.0311481603957509
"BC038205",0.0311939044693668
"BDH1",0.0311962200993146
"PABPC5",0.0312018207685395
"BUD31",0.0312129725935189
"LRRC49",0.0312300103563734
"ECI1",0.0312591261652944
"LOC102724487",0.0312596512597168
"TMPRSS2",0.0312756658578628
"TLE2",0.031281151032589
"DNAH17",0.0313245507381811
"ACTA2",0.0313317798810741
"HCRP1",0.0313707627249307
"THSD7A",0.0314685079690313
"SLC35B1",0.0314971968856771
"HTRA1",0.0315467159582362
"RIOK2",0.0315477214460409
"STAMBP",0.0315524803275146
"LOC101929076",0.0315856168008466
"ZNF789",0.0316051599933782
"SERGEF",0.0316738557810214
"NR3C2",0.031678285801132
"ZXDC",0.0316958267248014
"PRRT3-AS1",0.0317118136907441
"UPK2",0.0317293690401164
"CDT1",0.0317389483260751
"DHRS1",0.0317567489710848
"SAPCD2",0.0317650098120051
"COL8A1",0.0317707932729932
"ABHD14A-ACY1 /// ACY1",0.0318143881298181
"OPCML",0.0318337884290626
"ATP5SL",0.0318391424929118
"CLMP",0.0318677870772775
"ELF3",0.0318692322056704
"PLCB4",0.0318772141809873
"PIK3C2B",0.0319139470047421
"ZNF484",0.0319159255952588
"RACGAP1",0.0319978145153233
"HOOK2",0.0320405112531937
"VCAN",0.0320547727910106
"OR2AD1P /// OR2AD1P",0.03208189392638
"DNAJC12",0.0320966303805195
"DYNC2H1",0.0321154497743165
"DPCR1",0.0321833400269553
"DPY19L2P3",0.032191286691836
"FOLH1 /// FOLH1B",0.0322291705628021
"POR",0.0322521538038331
"RMI2",0.0322832563520105
"TGFBRAP1",0.0322941498715165
"PAGE4",0.0323610470065612
"RP11-728F11.4",0.0323681717705897
"ODF4",0.0323900727376745
"SLC27A5",0.0324438841130104
"CHRNA3",0.0324523720586366
"PROK1",0.0324637137180479
"PXDN",0.0325026368255408
"PRADC1",0.0325128176410975
"TRAF4",0.0325133471517278
"RP11-272D12.1",0.0325218259936174
"SMARCA1",0.0325240011004247
"HOXC10",0.032547250383735
"LOC102724985 /// PDXDC1",0.0325550119372398
"AK2",0.0325623856384025
"PDGFC",0.0325683823646951
"AKAP2 /// PALM2-AKAP2",0.0325709305572767
"TMEM168",0.0325890613155015
"UBE2D2",0.032600254164571
"PTRH2",0.0326132577657586
"ZC3H4",0.0326595891996368
"ZFPL1",0.0327868516886948
"IGFL1",0.0328017312345221
"GPC2",0.0328446663256992
"NDUFA13",0.0328619137720293
"ASPRV1",0.0330448697504762
"RCBTB1",0.033060038216821
"WNT2B",0.0330780915987608
"ARID1A",0.0331191064347302
"PAXBP1-AS1",0.03312011856466
"LINC01140",0.0331253905028014
"PSMA7",0.0331330174945626
"LGALS2",0.0331415090063818
"GPRIN2",0.033144039952778
"SLC4A3",0.033184749364232
"HNRNPA0",0.0332305458428745
"PPARG",0.0332421753747769
"PCBP2",0.0332698818837944
"F2RL1",0.0332920301169261
"AK057259 /// AK096803",0.0333244736678298
"NUDT4 /// NUDT4P1",0.0333599288641184
"KIF9",0.0333657408826135
"HEY2",0.0333950521984505
"VAT1",0.033400825814306
"SEMA4G",0.0334108295450129
"LOC101927157 /// NIPAL1",0.0334302704693212
"CCDC125",0.0334558135897206
"EFEMP2",0.0334720619129458
"NLE1",0.0335023451588427
"TREM1",0.0335044264690425
"RP11-416N2.4",0.0335120752132339
"ERICH1-AS1",0.0335134591550427
"N4BP2L2-IT2",0.033554507750565
"LOC729083",0.033561429237276
"DBN1",0.0335655979391864
"EPS8L3",0.0335923277221938
"ME2",0.0335976215674742
"STXBP6",0.0337006258659884
"RNF112",0.0337497292497485
"AAAS",0.0337531392957138
"MYO1D",0.0337699669320035
"CCNA2",0.0338162067786127
"POSTN",0.0338595937424506
"CPN1",0.0338769493867576
"SIRPG",0.0339165776424813
"CXCL11",0.033923423995531
"CLYBL",0.0339472058453813
"DIP2C",0.034099163532773
"HERC2P3 /// LOC101930458",0.0341143169711629
"CYS1",0.0341350432439777
"MITF",0.0342273031559363
"LMTK2",0.0342357990365516
"MGAT4A",0.0342497236689393
"MIR143HG /// MIR145",0.0342800834419345
"AC004538.3 /// BC040327",0.0343608435719262
"LOC100506125",0.0343810690832939
"RP11-327J17.2",0.0344037265516505
"CTNNBL1",0.0344361277884274
"FBXO34",0.0344770739218081
"DUSP4",0.0344978533066544
"LOC101927934",0.034504291028453
"FLJ25694 /// LOC101929344",0.0345136645210287
"EPS8",0.0345652275588575
"RP3-406A7.7",0.0346394848794358
"COX17",0.0346792979685847
"HGSNAT",0.0347021822969242
"FAM223A /// FAM223B",0.0347470194408306
"KRMP1",0.0347843240464941
"RRNAD1",0.0348057627421719
"MRPS26",0.0348098503686578
"POU5F1P4",0.0348156477252415
"BMP4",0.0348290454628696
"PDSS1",0.0349000435178058
"B3GNT3",0.0349022947704128
"ATP6V1H",0.0349203107864333
"LTBP1",0.0349353371102478
"ARHGEF7",0.0349535487928671
"UNC80",0.0349554204566025
"NID1",0.0349690484968
"FAM46B",0.0349962021052659
"NPAP1",0.0350072655899077
"PCBD1",0.0350198553781721
"SLC20A1",0.0350485342810486
"PRKY",0.035084198249354
"WDFY2",0.0351008274989044
"ITGAE",0.035142314008727
"TFIP11",0.0351595291554854
"LOC101930324 /// NSF",0.0351878459341264
"ILK",0.0351882494052528
"LOC100131662",0.0351929779234739
"ICOS",0.035214376890484
"FBXO39",0.0352322764246989
"MYO1A",0.0352419262262983
"LINC00556",0.0352525095768941
"UST",0.0353103581469392
"AIFM3",0.0353292165137044
"STK16",0.0353581018181732
"SPTLC3",0.0354059019486233
"CCR6",0.0354511341727078
"TTPA",0.0354675519413248
"LOC101929122",0.0354693743191035
"NMUR2",0.0355123073247395
"GOLGA2P5",0.0355124931951183
"DOK5",0.0355390934677448
"CNTD1",0.0355529774785711
"ATP2C2",0.03559919366376
"C17orf78",0.0356091508497535
"ISOC1",0.0356251176022667
"C7orf13 /// LINC01006",0.0356302489886482
"EVA1C",0.0356463916258382
"ADAT3",0.0356740322204958
"TRMT61B",0.0356861053738867
"SLC25A3",0.0356918803212607
"DNM1P46",0.0357002499651713
"ZFAND6",0.0357024830512542
"MYBL2",0.0357414672174324
"DDX46",0.0357623586807693
"DSEL",0.0358465247427081
"UQCR10",0.0358498071166157
"PTBP1",0.0359082812931013
"LYPD6B",0.0359195254784596
"LINC01341",0.0359317144207043
"FAM26D",0.035939224297166
"CD93",0.0360013256855019
"KIF22",0.0360685958472051
"TRMU",0.0361044728606782
"FAM83G",0.0361113607647832
"SCUBE3",0.0361462475253896
"C1orf111",0.0361633476662805
"ADAP2",0.0361688228660713
"GINS1",0.0361692642411316
"CYMP",0.0362471696417752
"ARFIP2",0.036248139155684
"IL18R1",0.0362562153391521
"DHX33",0.0362673484803039
"ABCC2",0.0363889640420439
"SPINK6",0.0363985661988989
"C10orf99",0.0364188658943463
"ELOF1",0.0364764165206996
"TNFAIP6",0.0365111361608529
"AC017104.6",0.0365245083282091
"RP11-425D10.10",0.0365251936811276
"MAML2",0.0365323900283119
"SOBP",0.0365690692773
"NCLN",0.0365879639763379
"TNAP",0.036687628151453
"SNHG22",0.0366909453693285
"RPS6KL1",0.0366996790009952
"GOLIM4",0.0367422412588355
"C14orf37",0.0367498368502314
"PTCHD1",0.0367505028392567
"DNAJC11",0.0367789354695697
"AHCYL2",0.0367811700778731
"ZNF185",0.0367954065667498
"YEATS4",0.0368054695333369
"ANKDD1A",0.0368632791039114
"MGC4294",0.0368796997213323
"POP1",0.0369012381152142
"BNIP1",0.0369275908938303
"RAB18",0.0369455926944875
"ZC3H13",0.0369477400002271
"PHLDB2",0.036962713470935
"LOC100289090 /// RP11-23P13.6",0.0369996340557807
"AFAP1-AS1",0.0370311665139657
"PRCD",0.037087791127192
"CSDC2",0.0371224983649104
"RIPK3",0.0371254110971421
"ZNF496",0.0371265438998463
"MPV17L2",0.0372181178797544
"TEKT3",0.0372232848035021
"RP11-304C12.3",0.0372293007778201
"COPS6",0.0372311688915207
"ANKS4B",0.0372545480176327
"NOTCH2NL",0.0372654675450169
"DEGS2",0.0372925505491376
"TEX264",0.0373622178494184
"CWF19L2",0.037379773362917
"DHRS4 /// DHRS4L2",0.0373874897568558
"SLC26A7",0.0374017531929361
"CTLA4",0.0374135892868519
"PNRC1",0.037419411344687
"CLDN3",0.037479870423097
"FGF7 /// KGFLP1 /// KGFLP2",0.0375084352093639
"DTX2 /// LOC102725292",0.03751760635978
"LOC145783 /// ZNF280D",0.0375325817120771
"SNRPD3",0.0375444418215804
"HRH2",0.0376189294482231
"LOC101928806",0.0376201105262638
"CHAF1B",0.0376463247601127
"RP5-1039K5.17",0.0376990649463254
"DDX3Y",0.0377448062733859
"OGFRP1",0.0377466838914597
"LINC01082",0.0377992557312074
"TXN",0.0378125725288142
"ART3",0.0378398741259238
"ACBD4",0.0379023592379449
"SAFB",0.0379062472971283
"FBXO15",0.0379155199944066
"RP1-305G21.1",0.0380126539022019
"PBX3",0.0380179164284694
"CCDC137",0.0380571589755288
"ZNF784",0.0381055212038705
"UGT2B28",0.0381296609598648
"PKIG",0.0381361767318558
"LRPPRC",0.0381397065547174
"ARHGEF25",0.0381560691513827
"LOX",0.0382070853855764
"PUS1",0.0382207680518478
"FCAMR",0.0383150601657734
"CCL11",0.0383404957392653
"SRY",0.0383523147888585
"ERCC6L",0.0383634525847733
"AWAT1",0.0383739181590274
"GRK6",0.0383974551065882
"PDZRN4",0.0384288707203228
"LILRA2",0.0384353394543912
"CD99L2",0.0384720119251107
"MSI1",0.038477004068149
"GYPC",0.0384910575445424
"MRPL37",0.0385597679390533
"ZMAT3",0.0385708794578405
"SCO2",0.0386173068488074
"FAM122C",0.0386717702080178
"EHF",0.0387038592625856
"FANCD2",0.0387445950635141
"TGFB3",0.0387584639037175
"CABLES2",0.0387669059312739
"STAMBPL1",0.038772518343832
"FOLR2",0.0387754199054424
"LAMA4",0.038777962842263
"RP11-363E7.4",0.0388091933322766
"CXCR3",0.0388209440725782
"CCDC7",0.0388389979817657
"LEMD1-AS1",0.0388856393089798
"NUP107",0.0389035079759044
"NLRP1",0.0389105703737817
"ZMAT1",0.038966040243875
"KCNK5",0.0389660518524393
"ULK4",0.0390052544535906
"UBE2QL1",0.0390329867305665
"PSMB9",0.0390394385430435
"NUBP1",0.0390611948810656
"PINLYP",0.0390807361255062
"IPW /// LOC101930404 /// PWARSN /// SNORD107 /// SNORD115-13 /// SNORD115-26 /// SNORD115-7 /// SNORD116-22 /// SNORD116-28 /// SNORD116-4 /// SNRPN",0.0390859909015372
"MFSD5",0.0390957161489069
"CDON",0.0391218588474121
"NUMBL",0.0391540144447766
"ZFP91",0.039158067624534
"BTF3P13 /// BTF3P13",0.0391598306219209
"RDM1",0.0391652510599261
"PPIL2",0.0392166889063499
"STPG2",0.0392238952411751
"LOC100996747 /// LOC101929876 /// RPS26 /// RPS26P11",0.0392587046936869
"TEX11",0.0392599169389675
"LOC731424",0.0392665034339853
"NUDC",0.0392766575461026
"CD97",0.0392963466335963
"ATP5O",0.0393017632335305
"LDB2",0.0393247213465019
"TPCN2",0.03936034777414
"TUBG2",0.0393634849269002
"TTC9",0.0393759561220415
"UTP15",0.0393863945011214
"KCNE2",0.0394138049179542
"KLK5",0.039433827856324
"MUC3A /// MUC3B",0.0394338538091422
"LOC101929413",0.0394508678465512
"LRRC34",0.039459813676001
"PNLIPRP2",0.0395098045271601
"OIT3",0.0395099250905288
"RP11-402D21.2",0.0395429856805713
"HID1",0.0396129985174498
"NCSTN",0.0396246191527007
"SNX16",0.039634575880407
"LOC100288966",0.0396649036483632
"RAB42",0.0396743873315578
"STARD13-AS",0.0397281691842093
"TACC2",0.039829954781494
"LDHAL6CP /// LDHAL6CP",0.0398718898563249
"CXCL9",0.0398786726460508
"LURAP1",0.0398855473446489
"DLL1",0.0398950542079195
"AGR3",0.0399023572507707
"PLAU",0.0399363644912618
"FDPSP5 /// FDPSP5",0.0399685671856973
"PSME3",0.0399873207134017
"LOC101927901",0.0400001563031466
"MIR636 /// SRSF2",0.0400585426935583
"OTULIN",0.0400634834871997
"CDRT1 /// FBXW10 /// LOC100996906",0.0401016196023465
"DNAH11",0.0401071551514354
"NDUFA7",0.040124629748242
"INPP4B",0.040133072992299
"ORC5",0.040135769441057
"SUPV3L1",0.0401380269074065
"CTD-2292M16.8",0.0401583855698424
"SQRDL",0.0401666059322
"DEPDC1B",0.0401762384200345
"ESAM",0.0401955202304745
"ARFGAP2",0.0402347095673667
"LOC153684",0.0402450187066661
"FAM78B",0.040252137944987
"RP3-476K8.3",0.0402714001833687
"RP11-278J20.2",0.0402800812958468
"CDK14",0.040300643743686
"RP1-142L7.8",0.0403284728836965
"PFN4",0.0403307958081466
"ZDHHC12",0.0403355141471778
"RRM2",0.0403395981949596
"MCU",0.0403441491957961
"CPT2",0.0403469032447737
"MMP12",0.0403754372533717
"MRPS22",0.0404054463352543
"UBR7",0.0404170091112917
"C10orf10",0.0404177450377203
"PFKFB3",0.0404430825399829
"ZC3H12D",0.0404696441219281
"PLK1",0.0404822353166044
"SPOCK1",0.040507914091786
"TEX2",0.0405988307662778
"ZBTB20-AS1",0.0406010587575046
"ARF1",0.0406307761074055
"SAP30L",0.0406410917316114
"SPRR3",0.0406592590304835
"GS1-600G8.3",0.0407042238315614
"PBLD",0.0407257721533136
"LINC01013",0.040789876654447
"NEK6 /// RP11-121A14.3",0.0408221138150059
"MUM1L1",0.0408266633491875
"LOC101929288",0.0408450727093369
"LBR",0.040938200391606
"LOC101927933 /// LRRC8C",0.0409736767449108
"HOPX",0.0409813954053837
"FBXW9",0.0409931051627839
"PINK1-AS",0.0409952280646025
"ACTRT3",0.0410083260572276
"PLEKHS1",0.0410455020490709
"GJA9-MYCBP /// MYCBP",0.0410500716203663
"RIMBP2",0.0410613287034149
"PPP4R1L",0.0410618487446373
"IL2RB",0.0410806395976935
"HTR7",0.0410966680530349
"PAF1",0.041106115777474
"CYCSP33 /// CYCSP33",0.0411320354909895
"SPATC1",0.0412023308584313
"ITGA7",0.0412196611625444
"MAP7",0.0412317226285597
"HOXB3",0.0412482391870255
"C6orf163",0.0412589366965114
"FAM120C",0.0413037628880439
"ZCCHC17",0.0413317587780781
"BTF3P12 /// BTF3P12",0.0413425069911869
"CRMP1",0.041347751158846
"LOC102724030",0.0413524926386832
"ULK2",0.041474111031733
"DNAJB5",0.0415027764005068
"ANKRD36C",0.041518655009855
"FABP5",0.0415361075494405
"QRSL1",0.0415928258335968
"RP11-182L21.5",0.0416393251471422
"DCHS1",0.0416793348783809
"ROCK1",0.0416913631946287
"WDR66",0.0416996732702655
"STIL",0.0417565356260291
"FARSA",0.041768359964328
"LIMCH1",0.041806083957597
"MYPN",0.0418275628017208
"ALOX12P2",0.041838748091544
"LOC101927603",0.0418463936243096
"PCSK5",0.0418510495187367
"PRRG4",0.0418542201554071
"ADORA3",0.0418564602161788
"CKMT1A /// CKMT1B",0.0418877942973768
"CDCA2",0.0418950495363476
"HDAC3",0.0419245172784684
"CENPVP1 /// CENPVP2",0.041960016140786
"FBXL7",0.0419659390835492
"RGAG1",0.042013266145181
"COQ7",0.0420180714026733
"DMXL2",0.042073936718769
"C11orf83",0.0421669067326331
"H2AFJ",0.0422217192790293
"DCAF8L2 /// FLJ32742 /// LOC101928481",0.0422292852828499
"IGF1",0.0422410153562518
"CFL2",0.0422893768846671
"CCDC43",0.0422931641160854
"LOC101929953 /// LRRC37A5P",0.0423285431353034
"LINC01398",0.0423624540729558
"WBSCR27",0.0423903887129431
"KIFC1",0.0423977314043122
"SV2A",0.0424217012069821
"BCL2L12",0.0424347605211354
"CAMTA1",0.0424451860560954
"TMEM143",0.0424875539204175
"ATP1A1-AS1",0.0425073316307807
"GCNT1P1 /// GCNT1P1",0.0425143780517026
"GORASP1",0.042577878360399
"LSM5",0.0426193223816943
"NCR3LG1 /// RP1-239B22.5",0.0426480546841165
"LOC102724441 /// LOC102724951 /// LOC389831",0.0426666828750993
"TDP1",0.0426945112197086
"KRTAP4-11",0.042704680556931
"ENTPD6",0.0427408001039952
"TSSK3",0.0427579228926234
"MRPL45",0.0428513574933513
"PGAP2",0.0428514716388539
"PIGL",0.0428567137709953
"CRISPLD2",0.0428687670328996
"DDX56",0.0429051244383365
"NDUFAB1",0.0429085675320378
"ARHGAP24",0.0429256494187239
"MN1",0.0429547429574564
"ULBP3",0.0429649972176131
"ATP6AP2",0.0430399855978451
"PIPOX",0.0431235911459114
"EFCAB3 /// LOC102724660",0.0431435739177199
"CAV1",0.0431625997711034
"L3HYPDH",0.0431920706399757
"VPS9D1",0.0431984752734565
"PLA2G2A",0.0432040958966233
"RNMTL1",0.0432985055690154
"MGST2",0.0433010245966994
"PSMD11",0.0433185079747566
"COL13A1",0.0433622319629526
"C1orf123",0.0434037546732877
"STRADB",0.0434231971663094
"AURKAPS1 /// RAB3GAP2",0.0434854940920952
"RSPH10B /// RSPH10B2",0.0435068927174135
"ACTC1",0.0435257924993734
"LOC102725451 /// TPTEP1",0.0435338828742812
"ZNF37BP",0.0435659320902319
"PIGV",0.0435804469106496
"CNOT6L",0.04370487575667
"NDUFA8",0.0437339419074125
"SOCS5",0.043741402994821
"SYNPO2",0.0437445147943529
"RP1-74M1.3",0.0437464676134542
"BNC1",0.0437654302479478
"CDC20",0.0437691822356137
"PALM",0.0437720658266143
"SLC44A3",0.0437750705763769
"CCNF",0.0437853421901657
"BOLA2 /// SMG1P2 /// SMG1P5",0.0438055046148514
"FUT6",0.0438063066073835
"TLN1",0.0438069637434793
"SEMA5A",0.0438255861621761
"SEC31A",0.0438741791072808
"GIF",0.0438747669710868
"PCDHA1 /// PCDHA10 /// PCDHA11 /// PCDHA12 /// PCDHA13 /// PCDHA2 /// PCDHA3 /// PCDHA4 /// PCDHA5 /// PCDHA6 /// PCDHA7 /// PCDHA8 /// PCDHA9 /// PCDHAC1 /// PCDHAC2",0.0438847406661086
"SLC16A11",0.0438981200136306
"LINC01119",0.0439119321460258
"ARL10",0.0439120857318007
"DAO",0.0439758410012023
"BACH2",0.0439783587074779
"CDC25A",0.043979036421716
"LOC441155 /// ZC3H11A",0.0440058613928969
"GATAD2B",0.0440086604895343
"PRKAR1A",0.0440234898258623
"SNAP23",0.0440482289077105
"STAU2-AS1",0.0440812052659608
"EGFLAM",0.0441101973878748
"FSTL4",0.0441189656380697
"CYYR1",0.0441269524792638
"NDUFB8",0.0441791853414212
"LOC101927760",0.044204725608759
"RP11-48G14.2 /// TEX9",0.0442957008848407
"MOGAT2",0.0443253707202441
"LENEP",0.0443334358540488
"KBTBD8",0.0443573527983528
"LINC00869 /// LOC100996741",0.0444114493190179
"METRN",0.0444505721028011
"NOA1",0.0445184991925296
"SLC5A6",0.0445467219812556
"AMD1",0.0445793713276923
"PPM1H",0.0445879879470097
"FLJ35934",0.0445977657634081
"IL17RE",0.044657186641456
"PRR7-AS1",0.0447190925774434
"PPP1R3A",0.044753855403557
"PCSK1",0.0447539784951329
"LOC100506371",0.044760086669549
"MUSK",0.0447883253174752
"ZNF814",0.0447926998454734
"PDE6A",0.0448137272965125
"RB1",0.0448214109526448
"CCDC124",0.0448236055508587
"DLD",0.0448584912480742
"PPCDC",0.0449084580125497
"RILP",0.0449217167094702
"TMEM52",0.0449645417149147
"MIR6890 /// QARS",0.0449783804858856
"HMGCS1",0.0450152475725005
"CLECL1",0.0450378992127122
"ITGB3",0.0450812453305634
"SLC26A2",0.0451168268863798
"CAMKMT",0.0451807192201481
"RAB26",0.0451840394288667
"UBE2L6",0.0451878239450374
"PTPMT1",0.0453377629206549
"PRIMA1",0.0453432992939953
"GPR3",0.0453434869976329
"ABAT",0.0453806784036256
"C6orf136",0.0454342334566009
"LMO3",0.045441226932216
"BEX2",0.0454750687423562
"ZNF426",0.0455135715753709
"PDK4",0.0455793358185124
"MID2",0.0455817163146424
"ACTL10",0.0456206033257323
"PARD6G-AS1",0.0456265590248794
"TRAPPC5",0.0456301546187155
"FJX1",0.0456586428869094
"GABRA2",0.0456674116985507
"THBS1",0.0457005160400404
"SIN3B",0.0457126094336419
"CYB5D1",0.0457198974120277
"IGSF9",0.0457235410506151
"MYCLP1 /// MYCLP1",0.0457771889648704
"OPA3",0.0458160185302833
"TUBB6",0.0458373930823522
"SERF1A /// SERF1B",0.0458448225192513
"LPP",0.0458715800882326
"GTPBP4 /// IDI2",0.0459185466393319
"PAMR1",0.0459308966635113
"GHRH",0.0460232236543185
"RP11-186F10.2",0.0460383225308489
"S100A9",0.0461641096832978
"TMEM55A",0.0462137676639846
"TMEM181",0.0462208457970413
"CTTNBP2",0.0462322140973138
"KLK11",0.0462330458221359
"LOC150776 /// SMPD4",0.0463006255855457
"CAST",0.0463589037702349
"ADAM18",0.0464098724734384
"H2AFV",0.0464260146819055
"NPHP3",0.0464706589900248
"RCC1",0.0464790820383003
"ACHE",0.0465270265858983
"CISD1",0.0465462625424799
"MTIF2",0.0465467710013762
"CGB /// CGB1 /// CGB5 /// CGB7 /// CGB8",0.0465919276546121
"PPM1E",0.046603166193375
"TMEM178A",0.0466308028558551
"WDR90",0.0466800279795477
"PCA3",0.046724026285706
"SPINT3",0.046735817846845
"UQCR11",0.046748950524573
"STXBP1",0.046828395470451
"URI1",0.0468743588736644
"EIF5A",0.0468922238107789
"KIF11",0.0469047199452563
"PPARGC1A",0.0469146068604385
"LOC101930405",0.0469895845891361
"RNF157-AS1",0.0470051105158644
"TTC14",0.0470613560669571
"SGPP2",0.0470783807034342
"RP11-544D21.2",0.0470922069620325
"ABCD3",0.0471061436779726
"SPNS2",0.0471353042226515
"LOC100287808",0.0472096857245379
"CNNM2",0.0472364275705981
"FANCC",0.04726484783219
"PTMA",0.0472933071204249
"CDKN2AIPNL",0.0472953686078142
"TEAD1",0.0473446201330088
"PIK3R1",0.0473544773916018
"OR7E47P",0.0473794622936172
"AP001347.6 /// BC024173 /// BC048201",0.0474298561744961
"TSEN34",0.0474451982759696
"SLC7A9",0.0474565431739274
"PARS2",0.0474958311789474
"BTD",0.0475317898049478
"CD163",0.04755965136606
"ACTR3C",0.0475646051399102
"CTD-3222D19.5 /// MED26",0.0475838313046413
"IL36RN",0.0475948938634432
"ARHGEF19",0.0476536057096016
"CARD6",0.0476561864651829
"DHFR",0.0476711651309423
"MB",0.0476872732194123
"PTGIR",0.0477086707357642
"MFSD3",0.0477130260988795
"LOC728061",0.0477522005295861
"DCLK2",0.0477643728996728
"DOCK9",0.0477908335272926
"CNN3",0.0478226836458352
"DNAJC1",0.0478767124580917
"HEG1",0.0478823245785143
"OSBPL7",0.047897082506441
"LOC728743 /// ZNF775",0.0479026372341653
"JADE2",0.0479286576459521
"IGFBP4",0.0479376933344289
"GATC /// SRSF9",0.0479503158560676
"LOC100129516",0.0480164327747627
"LOC101928881",0.0480264717343181
"PAFAH1B3",0.0480332535409986
"AC079807.4",0.0480474880876791
"CDKN1C",0.0481567819545481
"DACT3",0.0482314346063371
"TM2D3",0.0482466988567151
"MEOX2",0.0483296655796286
"KIAA0391 /// PSMA6",0.0483500701319654
"SCAMP1-AS1",0.0483695611614312
"HNRNPA1P37 /// HNRNPA1P37",0.0484373143998162
"TRMT10C",0.0484664336470242
"EPB41L5",0.0485058464797495
"PLEKHA7",0.0485161491217307
"FAM86A",0.0485278436437016
"SELE",0.0485655112103649
"TFAP2A-AS1",0.0486107547734714
"ANKRD7",0.0486194412259082
"FKBPL",0.0486225151607709
"CASP7",0.0486276198080603
"NBEAP1",0.0486326075604427
"SUSD2",0.048653481250786
"OIP5",0.0487026214944623
"COASY",0.0487403142735771
"DTWD1",0.0487461842841649
"C11orf63",0.0487623639342484
"TRIM40",0.0487972214171565
"SRSF3",0.0487973203869846
"DHX30",0.0488011316160928
"PRPSAP2",0.0488044225129369
"LOC101927608",0.0488737712419212
"MYL5",0.0489075862575766
"GMPPA",0.0489555183436035
"UBE2W",0.0489699345462257
"RAD17",0.0489816315756359
"DHX37",0.0490080355977929
"AVL9",0.049015434496038
"ZBTB6",0.0490805001703191
"CSTF3",0.0490948846574892
"CALU",0.0491147497548501
"PDE4DIP",0.0491451801548843
"CCDC28B",0.0492056441974422
"CEP19",0.0492075414057586
"GABRA4",0.0492565835306661
"ABCC6 /// ABCC6P1 /// ABCC6P2 /// LOC101930322",0.0492631786386493
"SMIM20",0.0493462098423739
"MUC19",0.0493600604096899
"SLC37A1",0.0493729029077344
"BC016656 /// RP11-168O16.1",0.0494068077767259
"ZNF688",0.0494155929886775
"SNX31",0.0494357788734068
"CHCHD5",0.0494876254137463
"GSE1",0.0495133974812276
"FBXW4P1",0.0495219029058435
"MYO19",0.049599532532711
"COL5A1",0.04960258626602
"RP11-134G8.8",0.04965400242163
"CBFA2T3",0.0496866570144851
"VPRBP",0.049733356087373
"LMOD1",0.0497430252477188
"PRICKLE2-AS3",0.0497538344281753
"GLIS2",0.0497792618851271
"PPP2R2B",0.0498082321246452
"ACE2",0.0498413070315858
"SSH2",0.0498680354271261
"UBA6",0.0498703747528146
"CD40LG",0.0498985466013109
"PDZK1IP1",0.0499278048535267
"PRKCDBP",0.0499586789600062
"FASN",0.0499818587313466
"CTD-2537I9.5",0.0499944726971455
"F13B",0.050031463851941
"JMJD7-PLA2G4B /// PLA2G4B",0.0500485099363785
"HTR2A",0.0500749759997021
"NSUN4",0.050110550959773
"LOC101060510",0.0501350147428984
"RP11-945A11.2",0.0501361341031972
"SLC38A10",0.0501453690936513
"ELN",0.0501510964522282
"DQ576994",0.0501701455488707
"PTGES3",0.0501705736167437
"LOC284578",0.0501835325241847
"GAPDH",0.0502086254057213
"SMIM22",0.05021796066064
"SPIRE2",0.0502342115835129
"PI16",0.0502585152798451
"CD247",0.050268276016274
"BSDC1",0.0503596698522885
"SPA17",0.0503697530156589
"FAP",0.0504172605209389
"BRI3",0.0504540036357479
"C19orf25",0.0504659512526211
"BEAN1",0.0504891530101169
"IGSF11",0.0505159460665286
"PPAPDC2",0.0505244801121159
"TMSB15B",0.0505354229812032
"MYC",0.0505450623736661
"SLC11A2",0.0506110880903056
"RPS4Y1",0.0506448711673291
"GPD1L",0.0506691383760448
"TMEM60",0.0506949316245301
"PRMT2",0.0507247805353837
"RFTN2",0.0507361110530722
"COL3A1",0.0508515868275121
"RRAS",0.0508955591298775
"NDUFB9",0.0509161930119866
"MRPS18A",0.0509243042265548
"CNTNAP3 /// CNTNAP3B /// CNTNAP3P2",0.0509316085492353
"KDM1A",0.050990392512929
"AKAP14",0.0509914349456112
"CGREF1",0.0510415345903318
"TCEAL2",0.051046808669565
"DCUN1D3",0.0510989696462518
"FGFR4",0.0511436598484222
"CAV2",0.0511511035399135
"SNAPC1",0.0511707967160747
"SNX18",0.0511765715795495
"SOCS3",0.0512224916986379
"C2",0.0512876153366025
"MYBPH",0.0512896452443619
"ARL5A /// LOC101929356",0.0513617285083241
"OSM",0.0514618928165339
"ERAL1",0.0515001711076125
"BPIFA3",0.051550425503459
"AX747135 /// RP11-863K10.7",0.051556294336619
"SLC39A7",0.051596964425012
"C17orf97",0.0516163882310366
"PVRL4",0.0516263911492873
"RAB3IP",0.0516326976770739
"ATG4D",0.0516406291901145
"PLS1",0.0517282506979616
"MRPS16",0.0517433020415296
"LNX1",0.0518003742705681
"LOC283788",0.0518187419265144
"MAP1A",0.0518224843529322
"RIBC2",0.051856110221054
"PDZD8",0.0518677989627431
"IRF9 /// RNF31",0.051936958383231
"CAND1.11",0.0519724395445547
"USP42",0.0520110038956963
"BC040577 /// RP11-10K16.1",0.0520135261343894
"LY6G6C",0.0520183569378643
"CDH17",0.0520463767027869
"PPL",0.0520565588280091
"THBS2",0.0520655612528699
"C20orf196",0.0521531714954626
"VWA1",0.0521589370853996
"FLJ32790",0.0522153907946325
"LIG4",0.0522202732831727
"FZD1",0.0522283186218651
"HMGN2",0.0522640437492926
"PRR34-AS1",0.0522696835156457
"LINC01103",0.0522912207515563
"PRSS36",0.0523189589844824
"LOC101927263",0.0523473411853313
"BRCA1",0.052377173860747
"GAS2L3",0.0523931450717494
"ISY1-RAB43 /// RAB43",0.0524132252201063
"HBP1",0.0525003430840419
"R3HDM1",0.0525108992306281
"CPQ",0.0525365240687791
"RP11-342L8.2",0.0525404266446753
"TWIST2",0.052568598847028
"RP11-362K14.6",0.0525796599500915
"APOL3",0.0526670574497588
"SLC22A4",0.0526747537007218
"TYW1",0.052729742251009
"KLHL26",0.052839850932086
"UBR2",0.0529015875403465
"EIF3G",0.0529300174346844
"PSMD7",0.0529401980365654
"LOC100505666",0.0529575488550342
"BMPR2",0.0529831168239076
"FOSB",0.0529873830817554
"ZNF281",0.0529984980127107
"DUSP27",0.0530146626914846
"LOC153682",0.053016205058962
"PTCHD4",0.0530243735187573
"MARCKSL1",0.0530312754279794
"PAX6",0.0530439533757966
"CYP2C18",0.053140960143326
"MYO15B",0.0531452107576023
"HEXIM2",0.0531620708317569
"NTNG1",0.0531752852937632
"GLYATL1 /// LOC100287413",0.0531863192898857
"RP11-10N23.4",0.0532418033544302
"ECEL1",0.0533099427024041
"CLIP3",0.0533246114062074
"RNF138",0.0533301578767973
"BIN1",0.0533821352161226
"RP11-217B7.2",0.0533956056822078
"GRIA2",0.0534387263556214
"PPP1R2",0.0534404337229557
"WDR83",0.0534456401541355
"CD2",0.053461723926794
"FFAR4",0.0534967600169585
"TMEM56",0.0535180117714023
"B4GALT5",0.0536074400996234
"AMPH",0.0536371552156648
"ACRV1",0.0536407193158447
"TFB1M",0.0536442536983522
"CDKN2A",0.0536634627218378
"ADAMTSL3",0.0536710823736452
"SLC51B",0.0536714776050332
"NABP2",0.0536737803211024
"CFC1 /// CFC1B",0.0536749310869988
"RASSF8",0.0536998512411444
"LOC101927257",0.0537056152473994
"LOC101927550",0.0537071964628267
"MSANTD3",0.0538210585530923
"MS4A4A",0.0538396673534732
"GMCL1",0.0538888743546954
"CERS2",0.0539343053505676
"SSTR5-AS1",0.0539435342253846
"USP51",0.0539461683151
"ARL15",0.0539552774850338
"OFCC1",0.0539782235140752
"CDK5",0.0540128377378736
"GAFA2",0.0540235879692597
"RBPMS",0.0540389277028921
"PACSIN2",0.0540847798350401
"CDC37L1",0.0540919540989599
"CHI3L2",0.0540988522165752
"RP4-635E18.8",0.0541031599126268
"BRI3BP /// THRIL",0.0541175865631836
"LOC101927710",0.0541853217590096
"FIBIN",0.054205815822365
"PTPDC1",0.0542159048824962
"LEPRE1",0.0543025709860296
"DYRK4",0.0543832484265922
"XPA",0.0544145491663948
"ALMS1-IT1",0.0544279965532858
"PSMD3",0.0544343068311726
"REV3L",0.0544383184018104
"LOC101928475",0.0544522376149035
"PPA1",0.0544590009265659
"SLC25A1",0.0545307351641028
"METTL7A",0.0546133588718518
"DRD4",0.0546713574198082
"FBXO28",0.054718112727589
"SPACA3",0.0547735460084794
"LOC727944",0.0547969457503633
"UNG",0.0548737863153539
"TACC3",0.0548862145804294
"FAM204A",0.0549219295796054
"LOC727916",0.0549251327131164
"LRRC47",0.0549559702598786
"STARD4",0.0549591305833604
"KLRB1",0.0550111526034159
"MND1",0.055015152804115
"ZSCAN16",0.0550344524888361
"EIF6",0.0550652151759695
"TOR1AIP2",0.0550768475849126
"SIVA1",0.0551113445882575
"BC048103 /// CSGALNACT1",0.0551572855791466
"DRD5",0.0551670309169594
"CEP350",0.0551905028850783
"FASTKD1",0.0551967989089413
"PNMAL1",0.0552024355655498
"CCL8",0.0553035516582194
"PCAT4",0.055353087293725
"LOC100130458",0.0553762928723975
"ULBP2",0.0553890715303295
"PRDX2",0.0553989778961657
"AXL",0.055451258113876
"FBRSL1",0.0554607964759963
"ARL6IP4",0.0554748474327321
"CPSF3L",0.0555049402727808
"PIGN",0.0555212925561801
"LINC00889",0.0555260773581366
"RGS2",0.0555381079434909
"TSR3",0.0555436793263307
"FGD1",0.0556205332271575
"NCAPH2",0.05562763778779
"UBE2J2",0.0556518241354911
"NXNL2",0.0557158967540821
"USMG5",0.0557696254723534
"ZNF296",0.0557890906401627
"RNF126",0.0557947725712474
"DMAP1",0.055863685769463
"RBP2",0.0558659498560205
"LOC101928559",0.0559004498492914
"GTF2IRD2B",0.0559076086124888
"INHBA-AS1",0.0559157409287284
"ECHS1",0.0559511026484434
"ZNF444",0.0560992746718902
"DEF6",0.0561350273668823
"TOP1",0.0561351216184764
"WWP2",0.0561374539247391
"RPL5 /// SNORA66 /// SNORD21",0.056137898607388
"TMEM61",0.0561799803748875
"LOC101927988",0.0562635418288941
"PRDX5",0.0562725349044061
"GSC2",0.0562748157572697
"MRC2",0.0562757991568606
"TRIM24",0.0562965092988504
"UNK",0.0563590303663734
"TMEM125",0.056391085862772
"ACR",0.0564011936545248
"RPS19BP1",0.056401901941478
"SMIM2-AS1",0.0564309700062727
"KDM4A",0.0564537987972165
"THAP7",0.0564711573307553
"C9orf84",0.0564774870044801
"GPX2",0.0565039398218528
"FAM101B",0.0565169704952929
"LRRFIP2",0.0565175614385707
"TELO2",0.0566660724981855
"LOC338620",0.0566744704981715
"WBSCR22",0.0566835769711841
"PRAF2",0.0566930297036743
"KDM8",0.056693389226372
"CHRNA5",0.056695542390272
"BAX",0.0567143768463447
"FASTKD5",0.0567177347345743
"LINC01019",0.0568148733424511
"NOB1",0.0568252543060403
"EIF5A2",0.0569800317197662
"RP11-210K20.4 /// RP11-452K12.7",0.0569959918518232
"CCDC101",0.0570255969510522
"MS4A7",0.0570434837512218
"ATP1B3",0.057045565309925
"BLID",0.0570734204998568
"TTTY13",0.0571854705001447
"AVIL",0.0571960922277104
"C19orf48 /// SNORD88C",0.0572361859522182
"MTR",0.057261611956864
"AC091633.3",0.057326863911903
"PID1",0.0573364488502098
"LOXL1-AS1",0.0573518498032243
"MAGI3",0.0573897268665502
"LOC102724782",0.0573949976253132
"SSBP2",0.0574285732942161
"GTF3C2",0.0574291625477191
"FAM229B",0.0574571160501622
"MORC1",0.0574768555532517
"IDO1",0.0574851422867021
"NETO1",0.0575049843156882
"DNMBP",0.0575436163211532
"DUS2",0.0575706038858821
"FDX1",0.0576030655198847
"MIR6834 /// PFDN6",0.0576101365782949
"GEMIN4",0.0576447207523126
"LNP1",0.0577305545428347
"GRHL2",0.0577724647527852
"COL4A3",0.0577724984223287
"WARS2",0.0578583503912534
"CHMP4B",0.0578961959646083
"PPP1R13B",0.0579071290307884
"C4orf46",0.0579182087737091
"UBL7-AS1",0.0579343924009769
"RP11-579O24.3",0.0579885658120131
"PAWR",0.0579891599894554
"DOC2A",0.0579935688650807
"NUDT16",0.0579941402776971
"PIEZO2",0.0580168184314919
"HES1",0.0580188423556221
"RARB",0.0580209639228179
"DYRK3",0.0580802336527037
"DNAJC13",0.0580919032084906
"LOC100506563",0.058141970491167
"LOC339803",0.0581461182938969
"OSR1",0.0582209073808038
"ABRACL",0.0582292734142287
"SPARC",0.0582406357556089
"TEC",0.0582559603018692
"CTD-2561B21.11",0.0582596719347412
"MPHOSPH6",0.0582723485723065
"FAM105A",0.0583378999607354
"GAS8",0.0583847429639064
"DDX19A /// DDX19B",0.0584038815897432
"SLMAP",0.0584144143911961
"NEUROD6",0.0584356931241786
"HOOK3",0.0584725858768481
"KLK8",0.0585180736545219
"RP3-428L16.2",0.0585816834226009
"COL18A1",0.0585829888702159
"CCL2",0.0585972302822016
"ERVMER34-1",0.0586137007680518
"GRK4",0.0586290061507868
"ANTXR1",0.0586509346342875
"FPGT-TNNI3K /// TNNI3K",0.058654142638905
"TAGLN",0.0586632096415499
"FEM1B",0.0586871248197627
"DHX35",0.0586969380648776
"TMEM45B",0.0586981651730691
"MIR6132 /// ST7 /// ST7-OT3",0.0587063057827988
"LOC728040",0.0587347786513783
"LOC101927049",0.058786319070639
"YAP1",0.0587873207262886
"KLRC3",0.0588140770163714
"KIF20A",0.0588234094682356
"CCNO",0.0588718343539565
"PPA2",0.0589598191098044
"SLC8A1",0.0589623762728358
"ESPN",0.0589800815913651
"RWDD4",0.0589956383691564
"ATP5J2-PTCD1 /// PTCD1",0.0590262009166748
"LOC100652999",0.0590273034423598
"LINC01133",0.0591198873290198
"PARVA",0.0591232475405049
"LETM2",0.0591244190319358
"NUP93",0.0591539794314513
"HCN4",0.059212061037794
"SLC25A36",0.0592129988108657
"RFC4",0.0592327776764478
"TRIM34 /// TRIM6-TRIM34",0.0593002435508254
"DENND1A",0.0593108302712184
"C1QTNF3",0.0594066390440304
"SRPK1",0.0594388992121235
"BATF2",0.0595269277127607
"CASP5",0.0595710547367607
"CD276",0.0595872196363848
"PAFAH2",0.0595898090941827
"MIR943 /// NELFA",0.059605707641652
"CNPY2",0.0596100881134838
"KIAA2026",0.0596391804493102
"LOC101929745",0.0596483136290046
"CALHM3",0.059661074316089
"ASB9",0.0596830041958545
"OR12D3",0.0597099875693267
"TRPV5",0.0597130426280537
"WDR3",0.0597170202422552
"COX18",0.0597175715459216
"MCAM /// MIR6756",0.0597584873106654
"GPX8",0.0597763531919785
"ADCK5",0.0598163830713675
"KLF11",0.0598176263812654
"SYDE1",0.0598684591708922
"SIX2",0.0598767832159379
"CTDP1",0.059885342531669
"CEP85",0.0598929023138223
"NDUFB2-AS1",0.0598968415566323
"LOC101928245",0.0599473985375034
"FAM222A-AS1",0.05998630274834
"PER2",0.0600467879556037
"LOC441242",0.0600504118552242
"BPHL",0.060050927445303
"TRIB2",0.0600657738151906
"CIB2",0.0600815357474574
"KLK1",0.0601155197309773
"GPR35",0.0601294923219818
"TENC1",0.0601355677909612
"ZNF582",0.0602825655480206
"HEPH",0.0602932891067325
"EDA",0.0602996986082821
"TNFSF8",0.0603280210495583
"CYP2A7P1",0.0603479301630073
"TDRD7",0.0603491717764382
"DMKN",0.0603500364606951
"ANTXR2",0.0603739960738616
"C1QBP",0.0604012838005167
"CNTNAP3",0.0604055511982941
"LGR4",0.060462989540121
"ZFAND3",0.0604645207754775
"VTCN1",0.060499378238077
"CNPY4",0.0605034368740922
"MAT2B",0.0605353039716792
"LOC100996325",0.0605438159372633
"ZCCHC10",0.0605534949675484
"SPATA1",0.0605542720105007
"DSCR9",0.060581853447156
"ALDH7A1",0.0605910591342309
"SEPT11",0.0606127091518378
"LOC388780",0.0606154602694939
"KRT18",0.0606837777433167
"ADAMDEC1",0.0606876354621204
"SPPL3",0.0606876393966912
"RP11-787B4.2",0.0607236051926283
"COL4A2",0.0608064754531026
"ACOT9",0.0608087154194856
"FDPSP2",0.0608134360631263
"CEP164",0.0608233975023941
"AP1S1",0.0608329199755713
"MRS2",0.0608631588213443
"DCDC2B",0.0608873647152661
"WDR70",0.0608881007233804
"CDH11",0.0608927985708792
"CACNA2D2",0.0608993592201825
"TRAPPC3L",0.0609280143020348
"ETV6",0.0609802031715374
"EFCAB11",0.0610761444616799
"TESK2",0.0612073167919338
"TMEM208",0.061259858672545
"NAT1",0.0612743951709862
"TMEM39B",0.061276990193781
"SUGP1",0.0612788425555869
"COL6A3",0.0612814151810034
"NAE1",0.0612865709713799
"CFTR",0.0612878711473297
"ATP1A3 /// LOC101927137",0.0613059369452678
"MAP2K2",0.0613296708791961
"USP9Y",0.0613618259054632
"RP11-307O13.1",0.0613723805509615
"MRPL42",0.0613906747753852
"HOXB5",0.0614222390127739
"MGC27345 /// RBM28",0.0614257636560131
"PLA2G5",0.0614434920468765
"COL12A1",0.0614465184363397
"RASSF1-AS1",0.0614656093875892
"ITPR1-AS1",0.0614904686068629
"LINC00094",0.0615148244556886
"LOC400965",0.0615522440447344
"MTG2",0.061564168166905
"DCXR",0.0615929155709459
"KIF1C",0.061616027645535
"DEFT1P /// DEFT1P2",0.0616360324409946
"C12orf45",0.0616427416605729
"TMC6",0.0616481999200415
"USP31",0.0616830368971467
"ZNF407",0.0617211915188137
"SMIM5",0.0618143433878271
"SPINK4",0.0618294929955139
"BC052775 /// FNTB",0.0619100461145298
"MGC40069 /// TRAC /// TRAJ17 /// TRAV20 /// TRDV2 /// YME1L1",0.0619112172393259
"SLC35B3",0.0619707418716021
"LHFP",0.0620083341500119
"ZNF219",0.0620090833010047
"LINC00466",0.062010373705134
"SNX30",0.0620300257934409
"KCNRG /// TRIM13",0.0620339592301998
"HBD",0.0620384965116875
"KIAA0430",0.062050259434714
"TANC2",0.0620665342735232
"CLK2",0.0620758324675782
"MIR4755",0.0620869094671578
"EXOC6B",0.0621232308454609
"RARRES3",0.0621332570562459
"CLGN",0.0621879742985677
"ABHD14B",0.0622269396799499
"DOCK4",0.0622462237698395
"FAM117A",0.0622755346526818
"CDK11A /// CDK11B",0.0623040678049488
"NT5C1B /// NT5C1B-RDH14",0.0623169178428992
"HOMER3",0.0623209231610943
"CLEC4D",0.0623389179758336
"LOC101927069",0.0623398915258124
"SPCS1",0.0624173794057633
"ROBO4",0.0624430789554088
"LOC100506858",0.0624626862766557
"RANGRF",0.0624703634066296
"OARD1",0.0624798902861103
"ATRN",0.0625476099006381
"CBLL1",0.0625641097455571
"NOX4",0.0625808093979602
"TSPAN13",0.0626977008729052
"RIMS3",0.0627144338072377
"MLC1",0.0627500516233736
"CEP112",0.0627539705119541
"LOC101929464",0.0627626924295151
"TMOD2",0.0627814063688099
"ZNF677",0.062792606361943
"ALDH1A2",0.0628399237113768
"MSRB2",0.0628759549463694
"DQ570835",0.0628833598700485
"av27s1 /// TRAV39 /// TRAV39",0.0629180431882643
"HNRNPD",0.0629311192615003
"SCARB1",0.0629564339788317
"LOC100131763",0.0629648385508814
"ARHGAP20",0.0629675908261142
"E2F8",0.0629915274160669
"COPE",0.063037922246389
"CACNA1C",0.0630563468595502
"PMS2P5 /// PMS2P9",0.0631564777233032
"ICK",0.0631583406652291
"SOX5",0.0632086892430285
"AC011997.1 /// BC021693",0.0632237389133041
"LOC285000",0.0632781432593131
"CRIP2",0.0632922028435705
"LINC00824",0.0632949400649431
"USP11",0.0632997151406334
"UFD1L",0.0633329822977062
"C7",0.0633417925202454
"TAF9B",0.0633467188096155
"DIRAS2",0.0633696122108142
"PTBP2",0.0633946894577852
"SNAP25",0.0635982049334457
"C14orf159",0.0636013016189281
"HOXA5",0.06363559892467
"SNRNP40",0.063644366110855
"PMF1",0.0636718361530129
"PKD2",0.0636905339351876
"CNDP2",0.0636918212940261
"FXYD6",0.0637488463705772
"DLEU1",0.0638256306097793
"MARVELD1",0.0638665892621027
"RBPMS-AS1",0.0638867245646062
"RAET1E",0.0638974724805937
"AQP9",0.0640024121028085
"BMP8B",0.064006866579054
"FOS",0.0640387336360052
"ASPN",0.0641016334268747
"SAMD13",0.0641596212865368
"KRT6B",0.0641748558864811
"XIST",0.0641905028463111
"SPRR1B",0.0642017648477368
"FAM135B",0.0642122908797638
"ZNRF3",0.064264539950163
"AATF",0.0642646678156877
"AIFM1",0.0642816782376792
"ANGPTL2",0.0643233604046942
"TRAF3",0.0643276724512007
"NUDT5",0.064339176252903
"CAPN5",0.0643406191298294
"RRP9",0.0643513027256312
"MED26",0.0643804234730994
"EME1",0.0644869123392285
"ABCC6 /// LOC101930322",0.0644997056225101
"IGHA1 /// IGHG1 /// IGHG3 /// IGHM /// IGHV4-31",0.0645174634991849
"RPSA /// RPSAP19 /// RPSAP58 /// RPSAP9 /// SNORA6 /// SNORA62",0.0645368098525906
"DENND2D",0.0645448489345152
"GAL3ST4",0.0645517062754738
"BCS1L",0.0645644076607652
"C9orf117",0.0645960630032984
"SNRPC",0.0646023833097736
"GPR22",0.0646246066578019
"RP1-140C12.2",0.0646281416018089
"C16orf78",0.0646303779494396
"IGHG1 /// IGHG2 /// IGHM /// IGHV4-31 /// MIR8071-1 /// MIR8071-2",0.0646719349528061
"CA14",0.0647073282855807
"TMEM255B",0.0647859162700447
"RAD51AP1",0.0648551346981588
"MS4A14",0.0649068220326493
"ZNF101",0.0649113787634759
"CXCL10",0.0649795503890443
"SLC6A5",0.0650514777989262
"RP5-1031D4.2",0.0650669612569191
"ZNF586",0.0650763301495099
"SLC35F3",0.0651059701022001
"TTC22",0.0651463582035028
"LOC100506797",0.0652281485929961
"SLC38A6",0.0652413873250603
"TPM3",0.0653368872402048
"LOC283914",0.0653593752225324
"CEBPZOS",0.0654115699115278
"LA16c-358B7.3",0.0654271281958285
"RBFA",0.0654445208317948
"L1TD1",0.0655089818728799
"EPSTI1",0.0655257208544604
"PLXND1",0.0655643750968861
"ATF2",0.0656062788019231
"FGF9",0.0656862289561388
"ACOX1",0.0657374173834736
"ARL16",0.0657540789863476
"COX7C",0.0657636767455219
"CMTM3",0.0657647323034867
"NDEL1",0.0658336880355549
"LOC100652777 /// PLA2G10",0.0659193477603707
"NR2F1",0.0659262055707866
"PKI55",0.0659476532636512
"TTTY7 /// TTTY7B",0.0659816705927802
"LRRC3B",0.0659882681238971
"MTFR2",0.0660263183424823
"SPHK1",0.0660263970171291
"TP53I11",0.0660860024697997
"AGAP6 /// AGAP9 /// BMS1P5",0.0661168206585444
"PCDH7",0.0661378429073081
"NOL7",0.066154500537928
"MIOS",0.0661903298153501
"CYP26A1",0.0661913375978768
"ITGA3",0.0662097750788795
"TMEM101",0.066215311881711
"LOC284837",0.0662156024514255
"KRTAP4-2",0.0662492262917621
"HAS2",0.0662763677160748
"SAT1 /// ZSWIM8",0.0662985662812455
"FEN1",0.0663852456721933
"FCGR2C",0.0664064875129192
"CTBP1",0.0665115254226653
"DKFZP434L187 /// DKFZP434L187",0.0665203664761127
"TTLL2",0.0665737377577395
"LOC100505716",0.0666164875802737
"DDR2",0.0666252051115427
"LINC01271",0.0666290267479881
"CPLX1",0.0666682012261434
"COPS4",0.0666712861506309
"WNK1",0.0666780243981409
"AL928742.12",0.0666935114940211
"SCARNA13 /// SNHG10",0.0667020611611234
"DGCR6 /// DGCR6L",0.0667162513540395
"IQCF4",0.06672492453396
"FOXM1",0.0667604937013137
"BCAR4",0.0667728674883599
"SWAP70",0.0667782664667516
"DOK7 /// LOC102724043",0.0667909260368999
"BC021061",0.066803049247462
"NPM1",0.066878042657317
"RP11-360K13.1",0.0669500025021191
"TCTN3",0.0669700250189112
"PACRG-AS1",0.0670009751603179
"GFER",0.0670331268095187
"EPG5",0.0670363424342772
"GATAD2A",0.0670513479220416
"SLC41A1",0.0671083515933
"SORCS1",0.0671396664138901
"B3GALT1",0.0671584979055927
"HORMAD2",0.0672036006174879
"MTHFD1",0.0672037251777182
"ABHD17B",0.0672744251702187
"CAPNS1",0.067289879219084
"TMEM229B",0.0672899329544204
"ZNF544",0.0672904478218288
"GNA14-AS1",0.0672955466037505
"RP3-412A9.16",0.0673168266427107
"ARMC9",0.0673188909104441
"RP11-350F4.2",0.0674117140749778
"AC007787.2",0.067413696591846
"CALCRL",0.0674413134137915
"DDX11L2",0.067594219742807
"MIRLET7DHG",0.0676532600014942
"ABHD17C",0.0677388132425741
"ADAM12",0.0677521921524433
"PRAMEF10",0.0677753378061664
"PIP4K2C",0.0677774205309145
"XDH",0.0678099560142019
"MARCH8",0.0678889337402767
"BTN1A1",0.0678999053766421
"COIL",0.0679018526951926
"MIR3658 /// UCK2",0.0679276855765316
"SCRG1",0.0679886481582421
"NADK",0.0679923580083524
"EZH2",0.0680502254046587
"PPFIBP1",0.0680749090305689
"LOC100270804",0.0680972492459801
"BTN2A3P",0.0681754869199528
"LOC100130417",0.0681809807633034
"AK025975 /// RP1-74M1.3",0.0682230600867573
"CCDC51",0.0682368486364871
"HSBP1L1",0.0682755353975272
"MCHR2",0.0682762045795164
"SIPA1L2",0.0682865386623625
"IGFLR1",0.0683286760550482
"NAV1",0.0683662430238735
"SLC6A19",0.0684158854204747
"SIRT4",0.0684461629990452
"SPR",0.068458291582169
"IL7",0.068475942813206
"RP11-285E9.5",0.0684826275876162
"BCDIN3D",0.0685136404014137
"LOC102724201",0.0685490475894666
"PIGW",0.0685523862622653
"BLOC1S3",0.068597019800013
"LOC284219",0.0685978309770898
"DHX58",0.068615398462965
"ANKRD39",0.0686716254790448
"KIAA0232",0.0686879421376723
"RBSG3",0.0687151664828912
"ENTHD2",0.068753860105519
"LOC100996506",0.0688924921571855
"LOC101927660",0.0689399010691805
"GCSH /// LOC101060817",0.068954598187409
"RASL11B",0.0689601678408745
"FAM53B",0.068970248024064
"KRTAP5-8",0.0690887604156295
"ITGAM",0.0691415912978714
"MESP1",0.0691462020383042
"CDC42-IT1",0.0691572309464945
"BVES",0.0692109121722031
"PCBD2",0.0692397860466968
"NT5C3A",0.0692757947619465
"OR4D2",0.069288455671532
"KLK15",0.0693187608333267
"ZBTB4",0.0693469587775198
"POLRMT",0.0693486097773484
"KLHDC2",0.0693764757384573
"ID4",0.0693778877310881
"RP11-804H8.6",0.0694207313212196
"AC007228.11 /// BX647249",0.0694427218018516
"AC018462.2 /// BC071802",0.0694469468047104
"PCDHA5 /// PCDHA6",0.0694594585694336
"ZBTB11-AS1",0.0694671070096576
"ERICH3",0.0694946042570018
"RNF146",0.0695566083126058
"MIR7109 /// PISD",0.0695908046677131
"RNF144B",0.069729397547983
"GABRR3",0.0697495219463128
"CD59",0.069790510291391
"EDEM1",0.069824005412124
"HAS3",0.0699233977317834
"FBXO30",0.0699720017075745
"HSPB2",0.0699862090746537
"APOD",0.0700602657003156
"DLX5",0.0701861048343524
"LIG3",0.0702012999042026
"RB1CC1",0.070290544117301
"BC065766 /// MALSU1",0.070298047400839
"RP6-99M1.2",0.0703156991590638
"MIEN1",0.0703174139877968
"SERTAD4-AS1",0.0703277768175033
"ATP6V0A2",0.0703872210088476
"KLHDC4",0.0703924003610219
"TMEM204",0.0704133695105014
"FAM205CP /// FAM205CP",0.0704383844949228
"DUSP1",0.0704586394920492
"ELMO3",0.0704850907808401
"TMC8",0.0704973120649056
"RALYL",0.0705098071626137
"MCTP2",0.0705560007409226
"NSUN2",0.0707308995439395
"LINC01343",0.0707362626042376
"TRMT2B",0.0707579881608246
"ADCK3",0.0708333140941755
"KIAA1586",0.0708359572206256
"LOC100130428",0.0708607551064015
"ERGIC1",0.0708844657472153
"LOC100128653",0.0709404910650929
"UBE2E2",0.0709654411197457
"GUSBP5",0.0709862542680355
"FLJ42627",0.0709964399821305
"AK024119 /// CTC-378H22.2",0.0710134073849736
"PIP",0.0710350871765563
"CHAC2",0.0710464546909631
"COLQ",0.0710478554482507
"PCIF1",0.0710543218212179
"FAM84A /// LOC653602",0.0710743299112267
"PLA2G3",0.0710819798808009
"MMP24-AS1",0.0710924909641308
"LOC101929841 /// LRRC37B",0.0711188251647783
"MAPK13",0.0711304297264106
"BBX",0.0711474524125395
"DRAXIN",0.0711690109857789
"HNF4G",0.0711771329496667
"MRO",0.0712047935653172
"RNF115",0.0712584687406723
"C8orf49",0.0712648970273787
"LINC00028",0.071296743775932
"SDC4",0.0713200236805321
"SLC35A4",0.0713495354717117
"SLC25A11",0.0713947351754463
"TXNDC8",0.0714199948451949
"RAB37",0.0714595101963004
"NME9",0.0715064814768755
"SLC22A15",0.0715391240073886
"C5orf20 /// TIFAB",0.0715516976730389
"ECM1",0.0715572497134482
"NAGA",0.0715759304913749
"PPP1R37",0.0716251574279674
"TMEM138",0.0716985745032593
"COX7A1",0.0717007099934365
"TRIM15",0.0717518010008734
"LOC101928054",0.071759174184136
"CHCHD1",0.071764683880792
"ZNF354B",0.0718069725598613
"SOX10",0.0718922383483356
"C2CD5",0.0718932662822911
"A1CF",0.071910379622071
"CTDSP2",0.0719218445613154
"CLEC4GP1",0.0719467094665145
"ADAMTS2",0.071975734876746
"TGFBR1",0.0721292338133008
"CCDC53",0.0721429822061852
"USP54",0.0721539437294229
"HADHAP1 /// HADHAP1",0.072167769273703
"SEPT4",0.0721688342583604
"IPW /// LOC101930404 /// PWARSN /// SNORD107 /// SNORD115-13 /// SNORD115-26 /// SNORD115-7 /// SNORD116-22 /// SNORD116-28 /// SNORD116-4",0.0721974296676466
"CAPN3",0.0722342038521606
"EAF2",0.0722367764391996
"CALCOCO2",0.0722566558211664
"ACAT1",0.0722769034975571
"CD209",0.0723340138692597
"LGALS8-AS1",0.0723496143345784
"LOC401176",0.0723605459187269
"LOC401442",0.0723728401491187
"HDGFRP2",0.0724063193705858
"DKK1",0.0724077561530283
"TMEM209",0.0724300959649493
"BTN3A2",0.0724625763721261
"AGPAT3",0.0725323958970144
"LOC643201",0.0725511026334033
"MPZL3",0.0726019862133621
"SUV39H2",0.072603863480959
"COX8A",0.0726115188367599
"RBM22",0.0726154475432656
"RBBP9",0.0726764172558734
"RNFT1",0.0726819437994128
"SOX7",0.0726996384014325
"HSPBP1",0.0727189914071405
"BCHE",0.0727742923265445
"ENTPD5",0.0728254175339728
"HSPA1L",0.0728393124763407
"PIN1",0.072871586834802
"LRCH2",0.0728766940135556
"GPRC5C",0.0728796392529704
"LOC100132057",0.0728862120672555
"ARMCX5-GPRASP2 /// GPRASP2",0.0729794579636984
"CES1P1",0.0730764853759846
"TUBA1C",0.07307847995492
"KLHL15",0.0731642370726852
"NUDT13",0.0731968507345002
"FANCA",0.0734013830977136
"FUT3",0.0734054662559805
"MIR4680 /// PDCD4",0.0734674827868711
"PPP1R26",0.0735907942382485
"F12",0.073592243789838
"PODN",0.0736001476685478
"KDM5D",0.073627855284076
"CHTF8",0.0736370467518324
"TMEM252",0.0736748872786947
"LOC100507073",0.0736981332297598
"TRIM2",0.0737323081171074
"SH3BP1",0.0737439048962247
"LOC101928830 /// LTA4H",0.0738215024258742
"EMX2OS",0.0738759197451625
"LOC102725408",0.0738777409656145
"TBC1D30",0.0738867031670796
"UBR1",0.0740154269539038
"ZCCHC6",0.0740953387121857
"CTSL",0.0740975948640353
"CECR5-AS1",0.0741685252881151
"HCCAT5",0.074182201110638
"PSMB2",0.0742390655350531
"CDH18",0.0742724391288699
"SETBP1",0.0743226434192932
"PDSS2",0.0743629156886169
"SLC12A6",0.0743748467408669
"MANBAL",0.0743931236332722
"WHAMMP2",0.074407577013744
"STYXL1",0.074462903364305
"SNX27",0.0745075689605714
"C14orf178",0.0745240713195423
"HN1",0.0745762947573449
"PRLHR",0.0746562723800961
"KLHL41",0.0746982189893698
"LOC100506851",0.07475593682507
"NDUFV2",0.0747836134311529
"LOC100507395",0.0747862692645831
"EPOR /// RGL3",0.0748552314542271
"CORO2A",0.0748898148397475
"SNX29P2",0.0749106877908917
"GRAMD1B",0.0749231569809541
"ACSM3",0.0749239752883539
"TNFSF10",0.0749460221335138
"REPIN1 /// REPIN1",0.0750619495030277
"RP11-24P14.1",0.0751085594370166
"BRINP1",0.0751193317945917
"RP11-521I2.3",0.0751384163948888
"KIAA0513",0.0751500818130186
"CLU",0.0752562999620623
"IRF2BP1",0.0752712201635047
"PMPCA",0.0753037446117989
"CADPS",0.0753056845154917
"COLGALT2",0.0753086710468199
"COX7BP1 /// COX7BP1",0.0753145355917812
"LOC102606465",0.0753850227628882
"TIGIT",0.0754002685929754
"PPIC",0.0754955625595812
"LOC100288123",0.0757081816029498
"CLHC1",0.075731322895674
"EQTN",0.0757367875382598
"BHLHE40",0.075757897749398
"PPAN /// PPAN-P2RY11",0.0758005007472734
"PLAT",0.0758083980986388
"MTERF1",0.0758097576135591
"DBF4",0.075809930747382
"VEGFA",0.0758707262827892
"TMEM203",0.075948783269023
"SDHB",0.0759828966249081
"MIR1244-3",0.075993758856019
"GDAP1L1",0.0760074540987378
"LONRF2",0.0760202114020908
"VPS51",0.0760739465672648
"CCDC25",0.0760878230665672
"FOXC2",0.0760966376042379
"DNM3OS",0.0761313549547782
"RIMKLB",0.0762185455816847
"EFNA5",0.0762299319200315
"RP11-362K14.7",0.0762637091203441
"LOC100129455",0.076290684923778
"UBIAD1",0.0763148994118505
"PLBD1",0.076401266391472
"PDXK",0.0764032667267362
"IMPDH2",0.0764223915638087
"COL1A2",0.076426717318967
"KIAA1549L",0.076497528869728
"TMEM88",0.0765014884293602
"KATNBL1",0.0765281068853211
"SERBP1",0.0765287774325405
"AKAP13",0.0765389378818266
"LINC01159",0.0765401551534473
"AIMP1",0.0765643445453997
"LINC01001 /// LINC01347 /// LOC101060494 /// LOC101926894 /// LOC101929038 /// LOC101929819 /// LOC101930127 /// LOC101930567 /// LOC388572",0.0766534354157456
"C1orf131",0.0766794679273815
"B3GNT6",0.0766908476428275
"STX2",0.07684620230716
"TIAM2",0.0768775591790438
"CIDECP",0.076905399872787
"AATK",0.0769622207816111
"TJAP1",0.0770280824291633
"NDUFA10",0.077033944386432
"LOC100505498 /// TEX41",0.0770434160159241
"ANO4",0.0771408768835912
"C1orf56",0.0771953394301673
"LINC00893 /// LINC00894",0.0772285549010429
"CCAR2",0.0772484986176235
"BIRC6",0.0772500722715743
"LOC102724517 /// NLK",0.0772874486623865
"POLR2H",0.0773114479461681
"OSTM1",0.0773836895393926
"ZNF674",0.0773847933770889
"LMNTD2",0.0774494326131329
"AKAP7",0.0775495963897487
"MKI67",0.0775551511824845
"AP2B1",0.0775579653590746
"RALGDS",0.0775613714298866
"PMS2P3",0.0776479657477855
"PCYT2",0.077673183120397
"KRT20",0.0776820811022824
"RFPL3",0.077689342709034
"HTR4",0.0777494603350707
"PRAM1",0.0777884415264541
"EPRS",0.077790496695585
"REEP2",0.0778442073778065
"THOC7",0.0778560959847482
"VPREB3",0.0778714361489403
"LOC286009",0.0778755319111297
"FAM122A",0.0779613950211306
"RAB40C",0.0779835832141813
"PSORS1C2",0.0779930680081471
"ZNF628",0.077999479736122
"LOC100287098",0.0780329635827791
"RPS21",0.0780364744000228
"WDR76",0.0780782649259699
"CCDC185",0.0781009808197262
"VNN2",0.0781099568271434
"MYCT1",0.0781244617655014
"PARM1",0.0781253503126867
"SERPINB3",0.0781603313828052
"DGCR8 /// MIR1306",0.0781620175923807
"AKAP10",0.0782350455577158
"AC016831.7",0.0783084091088711
"ADCY1",0.0784027544701498
"LOC100130741",0.0784029141609465
"CPOX",0.0784141150644805
"FAM149B1",0.078459507175122
"GORASP2",0.0784749601500169
"PTCH2",0.078488504461466
"LOXL3",0.0785000333688313
"CEP78",0.0785334657384403
"HINT2",0.0786334363407444
"GSTK1",0.0786410903579281
"PRKAR2A",0.0787150243510989
"IAH1",0.0787246085128947
"MIR5188",0.07873256054427
"AKAP1",0.0787342386118556
"CYB561",0.0787584598149512
"FAM65C",0.0787600745069288
"FCGR2B",0.0787881364108323
"PAQR6",0.0788044073482944
"ZNF423",0.0788153368977709
"DNAJC2",0.0790277759265771
"LOC101928200",0.0790739673578315
"PAXIP1",0.0790901017620077
"GNA11",0.0790984025326237
"EVC",0.0791081313528682
"DNAJC9",0.0792376903292158
"EIF3F",0.0792711749947465
"PEX16",0.0792762726489178
"DKFZP434L187",0.0792998696510145
"MYOG",0.0793051210060725
"SYNGR1",0.0793286259738291
"BCL9L",0.0793417336248184
"LOC440570",0.0793502523562158
"COX7A2L",0.0794470555812309
"LGALS1",0.0794673370369691
"SMTNL1",0.0794804150655886
"MAP3K3",0.0795599324588501
"ABHD6",0.0795902993915472
"VWA8-AS1",0.079616733667228
"RAD51",0.0796694043705309
"RANBP3",0.0796713617795183
"BC040412 /// CTC-400I9.1",0.0796714756595948
"RAB11FIP5",0.0797279246184754
"CALHM2",0.0797541630331461
"U2AF1L4",0.0797962433568738
"LOC101929511",0.0798499585340596
"TOE1",0.0798595447782071
"TTC32",0.0798712474359708
"SLCO1A2",0.0798882609670443
"EIF2S2",0.0799212049455583
"TNPO3",0.0800003616518632
"TTC31",0.0800022297352978
"PSMD1",0.0800208644082629
"HEXDC",0.0800386880488449
"AEBP1",0.0800432085961557
"SLC44A4",0.0800607878935346
"PPM1M",0.0800819522838246
"VAC14-AS1",0.0801031003865011
"RHBDF2",0.0801294699803627
"CDYL2",0.0801296989833985
"LINC00882",0.080144432108025
"ORAI3",0.080187167039791
"TRAC",0.0802049433310146
"CD177",0.0802742029133334
"OSBPL10",0.0802809008415159
"GPR161",0.0803342875661026
"RP11-676J12.6",0.0803417681790475
"LRRC29",0.0803801252078174
"NEURL1",0.0804179265508945
"CMTM4",0.0805199851701564
"AOX2P",0.0805212537318654
"VRK3",0.0805222980915934
"ZFR2",0.0805366655568261
"STK39",0.0805574453626271
"HAND2-AS1",0.0806057204140943
"ATP5G2P1 /// ATP5G2P1",0.0806331092397466
"GRP",0.0806375148693106
"NVL",0.0807118742668175
"SETX",0.0807140983381544
"EFCAB4A",0.0807628270742729
"UBL4B",0.0807750798634123
"PIGH",0.0808068287091072
"ATP13A1",0.0808361213898106
"LOC101928779",0.0808365753365594
"BRIP1",0.0808803999144966
"BRAP",0.0808850166391858
"WNT4",0.080885411936426
"C1QTNF5 /// MFRP",0.0809073833272786
"FAHD2A",0.080950360198657
"LOC102724316 /// PTCHD3P1",0.0810000740543863
"MRPL44",0.0810396997453983
"IL32",0.0810557654261621
"TPP1",0.0810585342800064
"GAL",0.0810648991853554
"PHKG2",0.0811198950866437
"AAR2",0.0811295510657337
"LOC100506860",0.0811380363707975
"FARSB",0.0812101163450463
"BTNL9",0.081233897545692
"LOC101928973",0.0812594583081305
"NDUFB11",0.0812898870147946
"GGT5",0.0813187457317354
"LRRC45",0.0813486908019172
"POLK",0.0813640512196163
"FBXO7",0.0814167046210649
"NIPA2",0.0814195110168113
"ZNF341",0.0814517360691358
"QRICH1",0.0814565140447526
"LOC101927468 /// LOC101929257 /// LOC102724558",0.081461965846756
"MICB",0.0814741598149111
"C18orf8",0.0815058460152179
"C1orf167",0.0815182546869954
"WHAMM",0.0815397349728512
"CIAPIN1",0.0816177476922785
"AK055910 /// ZBTB1",0.081619958725338
"RP11-152L20.3",0.0817329029544332
"ISLR",0.081737719924532
"LOC338694",0.0817538844072474
"TBX19",0.0818542196754225
"ZDHHC6",0.0818803829927313
"COL11A1",0.08195252002594
"SAR1B",0.0819794661433251
"RP11-111K18.2",0.0819902945942774
"EXOSC9",0.0820045930305646
"CD34",0.0820067064682989
"OLFM4",0.0820082621574327
"WISP1",0.0820173256439915
"ZFP37",0.0821029296517483
"MRPS12",0.0821031172143178
"CHST5",0.082118049966537
"LINC00408",0.0821260780622788
"ACP1",0.0821821133670967
"SLC34A1",0.0822076883014025
"CCDC50",0.0822235824961756
"RHOB",0.0822267467893138
"PAICS",0.0822387847180388
"NUP88",0.0822732317111843
"ZXDA /// ZXDB",0.0823789941353204
"CDH19",0.0824572586452904
"TBCEL",0.0824627832772024
"PACRGL",0.0824828087052122
"LINC00152 /// LOC101930489 /// MIR4435-1HG",0.0824841264554116
"PPIA",0.0825082883866899
"DYDC2",0.082512844705069
"ADAMTS3",0.0825155049295189
"MIF4GD",0.0826388409991988
"ERBB4",0.0827196841876555
"LOC100130642",0.0827209718938911
"MRPS33",0.0827314048446146
"LAMA2",0.0827826280206941
"LPPR4",0.0828275687510562
"PXDNL",0.0828530810151361
"LOC283070",0.0828652626598637
"ETV3",0.0829046862838954
"SNRPB2",0.0829199027354405
"PLA1A",0.0829498518671451
"NOL11",0.0829499403071087
"ESRP1",0.0829813027894033
"PGM5-AS1",0.0829997638552647
"FZD4",0.0830024929144555
"LDOC1",0.083065622709563
"CCDC97",0.0831314267647641
"AC005224.2",0.083146064497559
"NR2F2-AS1",0.0831648034453411
"AK128734 /// JAK1",0.0832117484241604
"TIMP4",0.0832358647534614
"ZHX3",0.0832430666724137
"RGS17",0.083252950012925
"LINC01362",0.0832845069170395
"AGAP1",0.0832903828344879
"AIDA",0.0832981159301101
"FRG1 /// FRG1B /// LOC100134091 /// LOC100289097 /// LOC101930278 /// LOC101930531 /// LOC102724923",0.083351343516966
"GOSR1",0.083363471477908
"TXNDC17",0.0833681003447256
"CD1E",0.0834153960149605
"LOC101928099",0.0834190893687754
"RPL13A /// SNORD32A /// SNORD33 /// SNORD34 /// SNORD35A",0.0834201330777367
"PLIN4",0.0834427289270923
"TCEB3-AS1",0.0834438477257139
"TCRVA15 /// TRAV5 /// TRAV5 /// YME1L1",0.0834506272944782
"CALML4",0.0834908082387621
"IL1RL1",0.0835059122621285
"P4HA3",0.0835239339016749
"OPN4",0.0835285771221466
"GPSM1",0.0835495928832131
"GP2",0.0836168901987064
"RUSC1-AS1",0.0836208615875017
"PYY",0.0836986596421537
"LINC00174",0.0837211567481488
"VCL",0.0837379104666202
"IFT27",0.0837613012365374
"SNRPB",0.0837675112492313
"BCL2L2 /// BCL2L2-PABPN1 /// PABPN1",0.0837691004481634
"GRWD1",0.0837973489434562
"LOC284926",0.0838368127368814
"ADTRP",0.0838566698717439
"RBBP5",0.0838594228727236
"DBNDD2 /// SYS1 /// SYS1-DBNDD2",0.0838727808306242
"TFAM",0.0838871797964075
"EMP1",0.0839523127218196
"CRLF1",0.0839806064777446
"MGC39584",0.0840107157399791
"RCOR3",0.0840755091867387
"CEACAM6",0.0840787895414578
"LOC646214",0.0840795168371835
"ADAM29 /// LOC101928551",0.0840897416782843
"TSPAN18",0.0840905706290134
"CTGF",0.0841669400917201
"NPM3",0.0841673704295302
"FAM149A",0.0841745945934493
"SEC24D",0.0841872924966576
"LOC100289495",0.0842480484874726
"NPY2R",0.0842506353446567
"RP1-142L7.9",0.0842616864122005
"LINC01144",0.0842627794250485
"PCGF5",0.0842765893065327
"BBC3 /// MIR3190 /// MIR3191",0.0843397198288479
"LOC101929761",0.0843464669662359
"MLF2",0.0843850870085256
"TRIM68",0.0843899267691246
"C20orf57 /// DUSP15",0.0844030395650394
"NEUROD4",0.084461669697222
"HAND1",0.0844935842462684
"GPS1",0.0845832264879145
"DST",0.0846605917390062
"PRRG1",0.084701925046093
"ACOT8",0.0847321847162499
"PAPOLG",0.0847528935414335
"MGME1",0.0847686509637083
"DLGAP3",0.0848927892412936
"MECR",0.0848943431925144
"ATHL1",0.0849316751072863
"IGF1R",0.0849673672784534
"PCNAP3 /// PCNAP3",0.0849856603707339
"CSF1",0.0850325083454977
"TJP1",0.0850338256031233
"ADH1C",0.0850984669575083
"KIAA1107",0.085116419026754
"RASAL1",0.0851473077261207
"CTC-384G19.1",0.0852027596694066
"CCNJ",0.0852360141935372
"EXTL1",0.0852746698488697
"DGCR7",0.0852826572136396
"ABCA13",0.0853746798367024
"PLCH1",0.0853906661226843
"CDHR1",0.085403417582984
"FAM26E",0.0854082118753775
"MRPS15",0.0854491561728792
"MSANTD2",0.0855197483008079
"NTN3",0.085539961971846
"SEC23B",0.0855467645117717
"LOC102723692",0.0855756779437467
"AHCY",0.0856474747374334
"IKBIP",0.0856539482009615
"RP11-324L17.1",0.0856982556566538
"PRKCE",0.0857244748602357
"LOC101928487",0.0857262149832539
"SLC6A18",0.0857471783731496
"LOC101927447",0.0857625119911439
"SLIT3",0.0857831564079042
"NGRN",0.0857868356693239
"TSPAN6",0.0858105300228173
"CDPF1",0.0859193750564158
"LFNG",0.0859617468051771
"SEMA6A",0.0859701334005991
"ADCYAP1",0.0859752206408049
"RPRD1B",0.0859778957635732
"PURG",0.0859802151910977
"TFE3",0.0859821836769264
"RNH1",0.0860266631492787
"C17orf59",0.08609450107556
"GPATCH2L",0.086237353772606
"CIRH1A",0.0862712922012762
"PSORS1C1",0.0862804905368332
"KIAA0040",0.0862963915364055
"ZBED5-AS1",0.0863599567674655
"ZNF576",0.0864681990904694
"PTPRD",0.0865220664811036
"LINC01208",0.0865992716468938
"CILP",0.0866471081558796
"LOC285178",0.0866602662541882
"PEX1",0.0866703459807741
"LOC100507459",0.0866731946622429
"ARL6IP6",0.0866783721953254
"CCDC115",0.0866829740465899
"ARHGAP22",0.0866966301528434
"SOX14",0.0867153201135979
"C18orf21",0.0867203426119397
"RBM15B",0.0867328326693923
"TIMM21",0.0868233123863192
"CCDC138",0.0868398851544626
"RP5-963E22.5",0.0868575847154057
"PDLIM4",0.0868765935272626
"RGS7BP",0.0868839322283413
"NSA2",0.0869904785454098
"IK",0.0871796924881265
"ATPAF2",0.087264262579181
"NT5C1A",0.087293162191616
"MCOLN3",0.0873011471416232
"FBXO25",0.0873710348577321
"PSMB6",0.0873730783775719
"NDUFC1",0.087392615006192
"PRPH2",0.0874177032311788
"FH",0.0874210803858624
"TMA7",0.0874277654865832
"RNF149",0.0874606465407481
"USP19",0.0874670186690676
"BC033164",0.0874932335574576
"NRD1",0.0875705851375611
"CSTF1",0.0875899950930804
"PCMTD1",0.0876000666890904
"GPC4",0.0876099906519498
"BRF1",0.0876100831020586
"ZFP57",0.0876124652776331
"MARK4",0.0876304848976015
"EIF4E2",0.087669938214378
"LEPREL4",0.0876923805731887
"LOC157273",0.0877700710348164
"KLHL32",0.0877922918046055
"SLC26A3",0.087854338469566
"C22orf23",0.0878813356449453
"RABL6",0.0878954131256394
"HSPB6",0.0879328637524696
"EBPL",0.0879333467057341
"FAM19A5",0.0879746821582939
"CEP85L",0.0879779605626466
"PDHA1",0.0879838465329557
"EPN2 /// EPN2-IT1",0.0880026495338283
"ZNF527",0.0880233409342876
"IGH /// IGHA1 /// IGHA2 /// IGHD /// IGHG1 /// IGHG3 /// IGHM /// IGHV4-31",0.0880887147133055
"DPYSL5",0.0881523187763356
"NKX2-1",0.0881670085000158
"SEMA5B",0.088195641781088
"BC047644",0.0882275013098082
"PET117",0.0882537394815336
"SCAND1",0.0882640170048844
"DEFB104A /// DEFB104B",0.0883146926326475
"CPSF3",0.0883550338799184
"KLHL36",0.0883792937944712
"COL1A1",0.0884041898157264
"TPTEP1",0.0884252148538291
"C10orf25",0.0884377987408752
"CGB7 /// NTF4",0.0884466898900861
"FBXO46",0.0884504070512512
"SP140L",0.0884598509586875
"SERPINI1",0.088465214493925
"QRFPR",0.0884852074259646
"FOXJ1",0.0884921282523932
"C3P1",0.0884955660103869
"HMGB3P30 /// HMGB3P30",0.0885786995391684
"KCND2",0.0885903333691939
"GFOD2",0.0886928242689587
"TCF3",0.088739693036843
"DDX20",0.0887523878859685
"HMOX2",0.0887741238682352
"CDY1",0.0887994243019259
"PIWIL4",0.0888203562533167
"MBD5",0.0888856911616637
"MYD88",0.0889307924614977
"WDR92",0.0890277355025136
"TRDV3",0.0890604915259884
"LINC00324",0.0891476946106457
"C8orf44-SGK3 /// SGK3",0.0891919401695919
"ELAC1",0.0892417465162657
"WDPCP",0.0892439051648788
"LAYN",0.0892484788753367
"SLC25A17",0.0892549652021254
"TTC27",0.0892554439868081
"OSER1",0.0892605665492284
"HECW1-IT1",0.0892968532973495
"COL10A1",0.089309870656443
"ZFP69B",0.0893105391091253
"SOSTDC1",0.0893867823853788
"RNF11",0.0894582445733213
"TLL2",0.0894822680724624
"HACE1",0.0895064780369856
"CPNE5",0.0895325390722106
"LTK",0.0895874934363558
"SLC4A11",0.0896129932669968
"NARS2",0.0896573512610077
"LOC100289019",0.0896966776855143
"SPC25",0.0897480710189977
"SPATA16",0.0897827636588858
"ATF7",0.089819794692802
"MMRN2",0.0898952433859731
"SH2D3C",0.0899018604596257
"ARMC5",0.0899039046580309
"HOXC9",0.0899136087824716
"IL7R",0.0899895485285088
"AUTS2",0.0899904198167647
"FGD5",0.090033711468402
"SLC39A11",0.0900455588747593
"TSPYL4",0.0900472502143774
"CTC-471J1.2",0.0900563512846646
"POM121L8P",0.0900960222205096
"ITGA1",0.0901101880759704
"RPL13AP17",0.090137067426964
"KRT8P11 /// KRT8P11",0.0901388406610299
"POLR2E",0.0902707779570291
"LOC100996654",0.0902866677750891
"BRE-AS1",0.0902893772939549
"FAM161B",0.0903364056127387
"AARSD1 /// PTGES3L /// PTGES3L-AARSD1",0.0903367271903456
"CTB-12O2.1",0.0903722181215976
"PTGER3",0.0903795260913192
"MTFMT",0.0903852845459917
"UBE2L3",0.090517688999446
"ADAMTS9-AS2",0.0906028652637896
"RP11-456P18.2",0.0906115458085522
"TTC9C",0.0906446036542095
"CTHRC1",0.0906913113421611
"LOC284648",0.0906952781171858
"RASGRF2",0.0907025652128724
"SLC35D1",0.0907681050967422
"EFHC1",0.0908241423910929
"EPYC",0.0908278684300814
"PGD",0.0908547333942821
"WNT10A",0.0909254079266153
"RCBTB2",0.0909298576456222
"LINC00355",0.0909485834498804
"SLC7A4",0.0909503782381336
"MSRB1",0.0909554656143019
"KCNG3",0.0910674492563467
"NDRG3",0.0910714729898815
"TREML3P",0.0911359963263314
"MCF2L-AS1",0.091293846282838
"PAOX",0.0913067181741877
"CCIN",0.091318792257189
"ADD2",0.0913444458118748
"ZNF638 /// ZNF638-IT1",0.0913659433438274
"DES /// SUPT20H",0.0913684630715213
"PPEF1",0.091413289271854
"KIAA1143",0.0914298147151312
"ERI2",0.091443323086505
"TMEM141",0.0914479074059723
"CSF3R",0.0914736280272457
"COL16A1",0.0915103579279424
"POP4",0.0915188394780598
"MDH1",0.0915250702342588
"SLC39A5",0.091529892666552
"IL1R2",0.0915695601071114
"GAPDHS",0.0915914175963667
"NUDT4 /// NUDT4P1 /// NUDT4P2",0.0916190608180106
"LRGUK",0.0916396726198508
"GABBR1",0.0916487118045093
"TAS2R8",0.0916709659800169
"TOR1AIP1",0.0916756595730944
"DNAJC8",0.0916900266420074
"SERTAD1",0.0916981178112864
"GSG2",0.0916982376898368
"SMARCE1",0.0917011288702155
"KIAA0087",0.0917018425399453
"ACVR1",0.0917038421440723
"TMEM86A",0.0917325937225275
"MORF4L1",0.0917336078510738
"ZDBF2",0.0917408307824491
"DDX49",0.0917838862240862
"MYO10",0.0918175233384226
"HLA-F-AS1",0.0918330319130071
"LINC01293",0.0918388555425144
"ZNF569",0.0918422373836531
"HOXB13",0.0918853054418988
"MCF2L2",0.0918922478847639
"C6orf52",0.091918188805848
"SSC5D",0.091942924375144
"RARS",0.0919536210366924
"SLC5A8",0.0919959515480872
"LINC00260",0.0920028551278909
"MOSPD1",0.092018120033629
"NR4A1",0.0920306083116122
"METTL17",0.0920375621485196
"TMEM91",0.0920481167411062
"ZNF501",0.0921321783009307
"LOC101928269",0.0921795621515252
"BRD1",0.0922732356561974
"TCF4",0.0923194852141293
"DPP6",0.0923259830177498
"TARS",0.0923780665760276
"CPSF6",0.0923934372527777
"LOC100996634",0.0924664446242041
"SNORA5B /// TBRG4",0.0925303172952534
"RAB27B",0.0926102233849636
"EBNA1BP2 /// MIR6733",0.0927119705486686
"CTIF",0.0928010869548033
"APITD1 /// APITD1-CORT",0.0928138553684286
"LOC100233156 /// MAFIP /// TEKT4P2",0.0928195382709741
"TBX21",0.0928505655816333
"AHRR",0.0928726310174499
"RP11-116D17.1",0.0928921137216791
"LOC101927830 /// TMLHE-AS1",0.0929268939571147
"MAML3",0.0929695614834043
"DNAJC5B",0.0929913480835831
"SULT1A1",0.0930226751142262
"IQGAP3",0.0930395208578124
"ZBTB42",0.0930715442514906
"MAP7D1",0.093183707991774
"CCDC71",0.0932109961918753
"LARGE",0.0932417510330497
"FTSJ2",0.0932557857875988
"DQ586822",0.0932682853469841
"NCKAP5",0.0932859595497967
"PCDH9",0.0932879380690237
"MAGED2",0.0933561464174863
"NADSYN1",0.0933647244879365
"IQCA1",0.0934133436526479
"RASL12",0.093420553871821
"WDR55",0.0934209110584491
"PDE2A",0.0935140455188096
"TBCA",0.0935396125915952
"PAM16",0.0936315495744405
"MRPL1",0.0936379912701206
"SAMD5",0.0936622095164504
"PHBP8 /// PHBP8",0.0936864668557692
"SELPLG",0.0937481559954887
"TLR3",0.0937682854101396
"TARP",0.0938240475493012
"COMMD9",0.0938525125458025
"DENND1C",0.09385325208648
"DGKZ",0.0938571203982402
"ACAA1",0.0939488543939415
"JAM2",0.0939565772540441
"GRIK1",0.0939799530147545
"MRPL36",0.0940203047866805
"SYNE2",0.094022000787738
"ZFP36L1",0.0941210380585573
"ZNF573",0.0941616324760442
"PEF1",0.0941699647505454
"HYLS1",0.0942079141430685
"SLC2A8",0.094220538302116
"ZDHHC2",0.0942247180674947
"CHST1",0.0942653947767493
"HEYL",0.0942940958936848
"ZDHHC16",0.0943007298665214
"NAT6",0.094317183400916
"CENPW",0.0943249320440757
"VKORC1",0.0944074608084858
"CTSS",0.0944325999323141
"OR2I1P /// OR2I1P",0.0944401097002476
"HES2",0.0944544938137137
"PFDN2",0.0944722521681648
"ANO8",0.0944728862814131
"POLR3A",0.0944921553671032
"RPN2",0.0945284863771588
"RAB11B",0.09456893624136
"ZNF587B",0.0945905795154032
"ANKRD52",0.0945910953512069
"OR2A20P /// OR2A9P",0.0946296164625847
"ZCCHC18",0.094655725634512
"EIF2B5",0.0946913684819699
"ACVRL1",0.0946953684219494
"RPL39L",0.0947749649589984
"MAN1B1-AS1",0.0948420358766638
"NUTM2A-AS1",0.094853995830986
"EPB41",0.0948545151872447
"SPON1",0.094885402836181
"ME3",0.0949215042188494
"MAEL",0.0949659290522408
"NAPA",0.0949808235552538
"ERVH-1",0.0950157588915688
"LOC101928663",0.095086079605466
"GEMIN5",0.0951207162893807
"TMUB2",0.0951254260047711
"MYOCD",0.0951331945719675
"RC3H2",0.0951504862025238
"CEACAM1",0.0951665279332627
"TNNC2",0.0951839212092676
"DDX54",0.0952018695542889
"LINC00563",0.095221171871713
"LINC00284",0.0952660059604583
"MAD2L1",0.0952732081074023
"C2orf40",0.0953023060168134
"LOC389199",0.0953103455505539
"MIR4745 /// PTBP1",0.0953162002931023
"EIF2S1",0.0953186612207204
"IL4I1 /// NUP62",0.0953300447955879
"GLA",0.0953374364050549
"NAG18",0.09544518388812
"KLHDC1",0.0955335446894129
"ITPRIPL2",0.0955863473052876
"LOC100130950",0.0956571944395546
"PLEKHO2",0.0956697931397246
"APBB2",0.0956892064056319
"CAPRIN2",0.0957204443966902
"TAF1L",0.0957632233899222
"AGAP6",0.0958099641316665
"CCDC108",0.0958390873311354
"MARCH9",0.0958587951347711
"FXYD4",0.0958790650863225
"CELF1",0.0959025287967249
"ZBTB43",0.0959243414504646
"DOK1",0.0959460287583809
"C7orf71",0.0959529650438978
"RP9",0.0959625515367236
"KCNAB1",0.0960557049663256
"TP53TG1",0.096103462292854
"POLR3C",0.0961739677561131
"SNRPN /// SNURF",0.0961813871224438
"Ndufaf4",0.0961877263644849
"CNN1",0.0962343116872817
"OSGEPL1",0.0962618648210207
"MFGE8",0.0962943885274148
"FLG-AS1",0.09630634623013
"FAM102B",0.0963439978424249
"USP35",0.0963874970816949
"FBXL8",0.0963931607313566
"COBL",0.0964442255721676
"NXPH1",0.0964483900197644
"TPH2",0.0964820975842184
"SNAP29",0.0965165936917814
"RPA2",0.0965370613127957
"TCRA /// TRAV30 /// TRAV30",0.0965554294276288
"TNFSF4",0.0965853188394905
"RILPL1",0.0966076779988862
"CTD-2325A15.5",0.096621235550204
"NRG2",0.0966302875194901
"RP11-452L6.1",0.0967568915547957
"PCDHGA4",0.0968144158763739
"LOC102724888 /// LOC102725420",0.0969529894959476
"NOL4L",0.0969672535849884
"PRB1",0.0969686794146576
"TLR8-AS1",0.0969913475735082
"ERVK3-1 /// ZNF8",0.0970052988935489
"JAZF1",0.0970488562933602
"GPHA2",0.0970689274654958
"ACAD10",0.0970732631579596
"FAM83E",0.0970763192277099
"POTEM",0.0970807103348985
"C5orf56",0.0971302799606001
"ARHGAP1",0.0972538954908446
"OK/SW-CL.58",0.0973742275357208
"GALNT8",0.0975303310520073
"SRP14",0.0975905931581011
"CADM2-AS1",0.0976053108828377
"PC",0.0976613440577195
"LYNX1",0.097765160984884
"CATSPER1",0.0977929592157448
"IQCB1",0.0978236157690796
"TNFRSF19",0.0978358857125188
"TAS2R40",0.0978567182736724
"RPS5",0.0978599354255069
"HMGN3",0.0978702927398642
"CPEB4",0.0978706691853479
"LINGO1",0.0979477454137017
"RXRB",0.0979796395808058
"ALAS1",0.0980120753517315
"BHMT2",0.0981038498810399
"LOC102724483 /// PIGL",0.0981159815518493
"POLD1",0.098118361857449
"ST6GAL2",0.0981622198588913
"CEP41",0.0981954219873254
"EBI3",0.0982115380336239
"TRIM37",0.0982475156919226
"TULP1",0.0983951087817887
"BX538226 /// RP11-438B23.2",0.0984057945365427
"EN2",0.0984621422312326
"PRPSAP1",0.0984635176143482
"TBX6",0.0984777583961388
"CASP4",0.0985732321055289
"MIR6883 /// PER1",0.0985740902549957
"FN3KRP",0.0986029021676046
"PLEKHM1",0.0986393404955672
"BC022047",0.098650713452481
"CTB-25B13.12",0.0986586734635061
"NPNT",0.0986990174555566
"SNX9",0.0987144832065321
"EFCAB4B",0.0988766629041371
"LMNA",0.0988867581810109
"TSKU",0.0989387151182301
"ZNF83",0.0989802386160665
"COL6A1",0.098985223796126
"FOLR1",0.0990369538398621
"LOC100130700",0.0991075079212262
"TONSL",0.0991655774748834
"E2F7",0.0992633085974368
"CBR4",0.0993674368045372
"LINC00515",0.0994923984676557
"CUL7",0.0995152731064373
"LINC00928",0.0996165528745572
"INSL4",0.0996370918379707
"CCDC155",0.0996520424899704
"MRPS17",0.0996577764706277
"COQ9",0.0997215652495439
"MEDAG",0.0997530708291497
"TNFRSF18",0.0998563696058751
"PSMC3",0.0998653876861736
"LOC100996579",0.0998879355024785
"SUGCT",0.0999000542335758
"CXorf58",0.0999091837683746
"AMICA1",0.0999204472069503
"RAPSN",0.0999381936292448
"MKRN7P",0.0999437773715856
"PSMC2",0.0999797439064169
"FAM192A",0.100035641473826
"UBQLN2",0.100059139019477
"CTD-2286N8.2",0.1000704574786
"ADRM1",0.10012782283306
"CLASP1",0.100146834579937
"POLA2",0.100202433382172
"ACPP",0.100217556486465
"TREM2",0.100257941726168
"FCGBP",0.100282485777554
"ZNF322",0.100291706942967
"KSR2",0.100357205818422
"CHCHD2",0.100365138015658
"TRIM6",0.100390936691396
"MVK",0.100396346907789
"SDAD1",0.100464528184368
"TCOF1",0.100543079078058
"ABCA17P",0.100640734357666
"HMGCL",0.100671866344163
"KLHL23 /// PHOSPHO2-KLHL23",0.100677668678835
"SYNGR2",0.100703690318745
"GSTT2",0.100741632345757
"RRP7A",0.100774437520916
"SLC6A10P /// SLC6A8",0.100801139084436
"MMEL1",0.100817671661649
"NAT2",0.100837991034449
"ABCC10",0.100845377073891
"AGL",0.100855685847989
"RAN",0.100884877736533
"XAGE-4",0.100915134204159
"VAMP4",0.100957461030374
"LOC100505715",0.101005648707973
"SDF2L1",0.101042776514772
"IFNE",0.101093934580331
"RCN3",0.101109214775584
"MAP2K6",0.101122745480088
"MIPEP",0.101126442925895
"SORCS3",0.101178807028568
"LOC101930566 /// LOC102800447",0.101181987953797
"INHBA",0.10121495870932
"PCYOX1L",0.101286277682542
"CSN2",0.101292546535863
"KIF3B",0.101371333306825
"DROSHA",0.101379493104659
"CHST14",0.101385883612895
"KIAA1467",0.101388418698844
"ILDR1",0.101391518635867
"IVNS1ABP",0.101495531700658
"ZFX /// ZFY",0.101504928438655
"RP4-794H19.1",0.101544470253763
"DDOST",0.101557122837078
"SSRP1",0.10155916403416
"WDR77",0.10159400852468
"TRIM8",0.101606608908374
"TSSC1",0.10166319885127
"INTS6",0.101677130991693
"POLR3H",0.101692558563496
"FGF3",0.101713664988733
"LINC01393",0.101730938146951
"CDH3",0.101780061242332
"SMUG1",0.101812657333523
"PCDH8",0.101816810958139
"HES4",0.10182088767393
"CD33",0.101828574762292
"USP30",0.101871958668472
"CITED1",0.101887153852328
"FDXACB1",0.101900563605766
"FBXO6",0.10193884023154
"PIGC",0.101967469600558
"HOXA11-AS",0.102016187168704
"MUC13",0.102039908087287
"LOC100507316",0.102070659288579
"KIF26A",0.102098796868002
"DOK3",0.102129133046741
"METTL13",0.102180943919838
"ZNF208",0.102187629745245
"LTBP2",0.102190872598886
"ZNF414",0.102256572165198
"CCDC178",0.102283402928279
"BRIX1",0.10228536452418
"SOHLH1",0.102318858025539
"FCGR3A /// FCGR3B",0.102335224499426
"ZNF852",0.102492674807752
"HIST1H2BE",0.102560925149487
"RPA3",0.102587625208326
"LOC100310756",0.102590629775523
"LOC101929036 /// PAH",0.102596886758468
"KLHL8",0.10260746431608
"CELA2A /// CELA2B",0.102619899646822
"LOC339568",0.102644108824289
"KLK7",0.102653106205092
"KCNK10",0.102715391107315
"MAP10",0.102723956993817
"LYPD3",0.102725660550635
"POM121L9P",0.102921144948785
"ASS1",0.102971181355061
"RPLP0",0.103037801536899
"MTX2",0.103040186149598
"MIR21 /// VMP1",0.103081324480297
"ANXA2P2",0.103141828084664
"KEAP1",0.103148937009245
"PRSS53",0.103185491678434
"CNTNAP3 /// CNTNAP3B",0.103246161260827
"C3orf30",0.103254364466685
"RPS11P1 /// RPS11P1",0.10326923590073
"HIRA",0.103304034229423
"RBM12",0.103355670713475
"GFPT2",0.103397009168323
"SNX7",0.103416332836967
"RPS27A",0.103423988531104
"FAM171B",0.10342570912379
"MIPOL1",0.103431666006975
"NR4A3",0.103462075341754
"MTFR1L",0.103585468050651
"STK32A",0.103594796345933
"HSPB8",0.103653751125296
"LOC253805",0.103681024256948
"LOC100507600",0.103689348978714
"ZNF347",0.103705350713149
"LINC00662",0.10376230711841
"NOTCH3",0.103772120839299
"SIGLEC1",0.103837852911938
"HLTF",0.10384328066917
"PAPSS2",0.103858500141866
"DHX40",0.103867858689804
"RUSC2",0.103879838118595
"MCOLN2",0.103897037260076
"ALG8",0.10391690597247
"ANO1",0.104005436609072
"LOC283745",0.104066299708988
"MRPL40",0.104124305170281
"HAND2",0.104158754248157
"ADCK2",0.104171458765454
"UFSP2",0.104248824604709
"FUT7",0.104258640366571
"ERVK3-2",0.10438222530442
"EIF2AK4",0.104386742333631
"IMPG2",0.10438956602112
"RP11-179B15.6",0.104468122356744
"PPP3CB",0.10452558265589
"SPHK2",0.104590613827148
"MSTO1 /// MSTO2P",0.104602388249457
"NUDT12",0.104645367991344
"TUBB4B",0.104650586577461
"ZNF805",0.10469176580593
"AP5S1",0.104787318770236
"SMS",0.104827341464719
"TOPORS",0.104860270808767
"BCL2L11",0.104875293418327
"CTD-2076M15.1",0.104966380182087
"MRPL32",0.104980107644968
"PYGL",0.105004453220173
"CCT2",0.105116307290398
"FAM205A /// FAM205B",0.105139960840886
"HR",0.105156088640581
"DFNA5",0.105170736354737
"RNFT1 /// TBC1D3P1-DHX40P1",0.105245886008414
"PHLDA1",0.105247404210959
"CTC-360P9.3",0.105248314622617
"PRG4",0.10526819377029
"ATP1A1",0.105346307550299
"EPO",0.10535577646635
"TMEM72",0.105356487182853
"PSMF1",0.105368316194712
"HSPA14",0.105414443858837
"CTB-12A17.3",0.105464524210558
"ZNF558",0.105484233689888
"RNFT2",0.105493481058161
"VMP1",0.105534851497802
"FXYD7",0.105660072829631
"TEX41",0.105678034945504
"CXorf24",0.105715148108317
"LOC100506999",0.105758513230257
"ANO9",0.105766915230371
"ATP5F1",0.105820732390581
"DEPDC4",0.105848044569528
"SEMA6D",0.105854914856497
"AGFG1",0.105906615395619
"LY6H",0.105908154794061
"MRPL30",0.105929230080709
"LOC102723954",0.105974537223338
"EMC3",0.105990705507014
"HBEGF",0.106023884829062
"HAT1",0.106025558049724
"OXA1L",0.106033722416191
"CCNH",0.106041109923823
"BGN",0.106148609521824
"GSTCD",0.106163656945633
"LINC00849 /// SLC25A16",0.106178842962388
"CLEC12B",0.106307521094312
"IGIP",0.106453971541499
"ESRRB",0.1064619036176
"AURKC",0.106464397506114
"ZNF740",0.106473366335966
"KLRC1 /// KLRC2",0.106558176237615
"ZNF354C",0.106567538299181
"LOC100506016",0.106588154672548
"MAFF",0.106594846305252
"MGC2889",0.106606523136797
"HSH2D",0.106646215921581
"OK/SW-CL.36",0.106659472653797
"RALY-AS1",0.106669881773055
"CYP4F22",0.106674837877846
"S1PR2",0.106675203430595
"LOC100506100",0.106689111725693
"LOC101928847",0.106708581940632
"ADIPOR2",0.106743989516401
"SSNA1",0.106830202565296
"MMP3",0.106840906280382
"NLRC4",0.106857109294805
"LOC100505540",0.106863476183048
"SPTBN1",0.10691120738754
"IGHG1 /// LOC101930405",0.106968086807455
"GBP6",0.107044488636649
"EMILIN1",0.107137288559078
"SOX18",0.107148624638873
"CCDC103 /// FAM187A",0.107233883883992
"SECISBP2L",0.107241223379368
"RP11-793H13.11",0.107295093616448
"GAP43",0.107342766838495
"LINC01114",0.107438873830717
"CCT8L2",0.107439336905077
"PPP1R15A",0.107471615429126
"SLC22A1",0.107525000883066
"ASCC2",0.107571287723905
"LINC00658",0.107581588790065
"HIVEP1",0.107596892508594
"LINC00165",0.107616687506899
"PXMP4",0.107639750572665
"PDIA2",0.10765009558888
"WBSCR16",0.107745504178962
"POLR2F",0.107778335545146
"MTCL1",0.107819243947441
"KIAA0754",0.10787607237196
"NME1-NME2 /// NME2",0.107878760847131
"LPIN1",0.107911886792247
"GPX3",0.10793517315139
"NOL10",0.108001210593459
"RP11-320H14.1",0.108003818747644
"LRRC73",0.108007209765577
"MRPL52",0.108133977113703
"NDP",0.108180904062258
"HTR3B",0.108192485216628
"SNORA21",0.108194715544657
"RP1-155D22.2",0.108292207471863
"RENBP",0.108308429837516
"LINC01118",0.108316360561938
"POLR2C",0.108369970054515
"GALNT8 /// KCNA6",0.108383450778828
"RAD1",0.108404061910953
"ITGB1BP2",0.108405676011268
"GSDMC",0.108406985245599
"PKD2L2",0.10847882365275
"HNRNPA3 /// HNRNPA3P1",0.10848854641776
"ALS2CL",0.108497737804227
"LPHN1",0.108520429152735
"PTGDR",0.108533080461483
"CRYBB2 /// CRYBB2P1",0.108547657049356
"TLE6",0.108552730279881
"OR6A2",0.108583401137466
"SIRPB2",0.108636197413239
"ENPP2",0.10869460358153
"GDPD1",0.108707170378759
"LEFTY1",0.108714174889524
"ZNF45",0.108733548625001
"JMJD8",0.10873483196917
"NCAPG2",0.108773217959739
"SMIM21",0.10881811066702
"ATG14",0.108825546943893
"ABCC6P1",0.108846476204656
"SMARCD1",0.108849818142569
"LINC01085",0.108886034986066
"CCNL1",0.108892450851545
"USP25",0.10894981322271
"C14orf169",0.108957435540596
"NLRP6",0.108965924122744
"CCDC64B",0.108969546686706
"RP4-740C4.7",0.108973039748944
"SIM2",0.108980471899677
"WBSCR17",0.109011205000913
"SCNN1A",0.109015913453695
"METTL10",0.109038588288951
"KANK2",0.109059316561937
"LOC728743",0.109147468636177
"DBH-AS1",0.109222674614282
"PCDHGC4",0.109230539162435
"SULT1A2",0.109261841889286
"MEF2C-AS1",0.109319326119185
"GRM2",0.109342000096829
"STOM",0.109353670521302
"ZNF3",0.109412013257498
"CES4A",0.109420279447199
"FAM168A",0.109528991604611
"SFTPA1 /// SFTPA2",0.109574283643294
"GS1-259H13.2",0.109647957310695
"CENPA",0.109679999464246
"LOC100288310",0.109720796847158
"PLRG1",0.109724740871219
"LOC101928869",0.109747606926183
"EAPP",0.109815518677759
"COX7B",0.109877279826024
"CMC2",0.10988197126063
"LOC101928916 /// NNMT",0.110017377529819
"SPRR2C",0.110030320766557
"BNIP2",0.110070927631606
"ASNS",0.110118197531725
"CTC-429P9.3",0.110190100744479
"EID1",0.110318575942509
"OR51A1P /// OR51A1P",0.110339366287872
"UGCG",0.11034236469063
"LOC100287387",0.110358878932139
"ELFN1",0.110369931587863
"DHRS13",0.110372540406306
"STBD1",0.11041460624754
"AC016999.2",0.110425759643384
"ACAD9",0.11046273641769
"PEX26",0.110515944289171
"CASD1",0.110532950687285
"PROS1",0.110587343005469
"LINC01057",0.110589147461757
"PDHX",0.110605273073178
"EP400",0.110617393453604
"ODC1",0.110678543192937
"ABHD4",0.110692836461221
"NCKAP5L",0.110693600580772
"PKM",0.110719884972751
"DSERG1",0.110734475591576
"LOC100507065",0.110742806912045
"COL6A5",0.110754873290545
"APAF1",0.11076158690021
"LOC101929865 /// LOC101930243",0.110879803587656
"CYTL1",0.110891391730507
"APOL2",0.110938548813851
"SUSD5",0.110965713846018
"APCDD1L",0.111001758524958
"SUPT4H1",0.111004127994463
"RAD9A",0.111170376031543
"CPZ /// GPR78",0.111195108011763
"ATOX1",0.111240156710986
"GGA1",0.111267783315081
"DESI1",0.111307959096818
"LOC729966 /// PDE4C",0.111330575326513
"MYH11",0.111386007328601
"COPS3",0.111427783758246
"LOC101929728 /// SLC35E4",0.111540713740255
"BIN3",0.111585338488426
"TRIM21",0.111633869663147
"CCDC122",0.111668868940571
"APOBR",0.111733842856579
"OAS3",0.111770400586152
"CAPNS2",0.111912261787169
"MTPN",0.111952029909773
"HIST1H2AL",0.11195360070264
"LDLRAP1",0.111953989966097
"ATXN1",0.111959610811127
"LOC100506929",0.111959988231264
"OSCAR",0.11201206350065
"SLC17A9",0.112036448653639
"FAM153A /// FAM153B /// LOC100507387 /// LOC102725213",0.112051918605881
"C7orf73 /// LOC101930655",0.112106046973445
"NTPCR",0.112130831018307
"SLC22A3",0.112159906652607
"TRIP10",0.112166963844485
"SLC29A2",0.112183468365284
"RNF44",0.112184000514379
"SLC35G2",0.112211534178408
"PLK4",0.112243269624486
"OR1E1",0.112251681920552
"ARMCX3",0.112252688467049
"RRN3P2",0.112259851260043
"VASN",0.112272430919834
"PAIP2B",0.112274585329594
"GTF2H2 /// GTF2H2B /// GTF2H2C",0.112532319550241
"CXorf36",0.112546074451745
"HTATIP2",0.112670731295354
"EXO1",0.112743156003476
"LOC400590",0.112748397087116
"ATP5E",0.112800126302061
"PPP1R16B",0.112836118411115
"FGFR3",0.112863060099824
"SCN1A",0.112951689532051
"UPK1A",0.112953537212744
"IRX1",0.1129620587327
"NOP2",0.11298822050061
"PRPS1L1",0.113053827429846
"STC1",0.113057685425636
"RP11-464F9.20",0.113058657908732
"LOXL2",0.113133780723102
"SRA1",0.11314288521268
"SLC25A26",0.113163513165233
"BCL2L15",0.113233685104612
"SAMD1",0.113293330199841
"FAM66B /// FAM66C /// FAM66D /// LOC101928910 /// LOC102725108",0.113306501632275
"BC045788",0.113310468666925
"RELN",0.113322766231227
"DOHH",0.113333614323875
"LOC100128988",0.113336250846782
"RCC2",0.113349497727468
"ALDH1A3",0.113375483892821
"NDUFS2",0.113393406680572
"COL4A4",0.11339375832343
"ADAMTS1",0.113396149013601
"AK090844",0.113399593325776
"GUSBP11",0.113399903972643
"CABP7",0.113401454867332
"ITFG2 /// LOC100507424",0.113428412208404
"CAAP1",0.113447540383598
"POFUT1",0.113482900137716
"TAC3",0.113497129040812
"BBIP1",0.113523559254136
"SETD8",0.113540757203259
"CYP19A1",0.11357422916374
"TRNAU1AP",0.11358070614661
"CXCL1",0.113700310188848
"ETV7",0.11370548354592
"POLR2J",0.11371367361526
"MAD2L1BP",0.113737359970881
"ISX",0.113772707358355
"PROP1",0.113775163470364
"NIPSNAP3B",0.113783058762755
"CUTC",0.113793029779047
"LRRC37A2",0.113853504275155
"LINC00668",0.113926572638753
"DSN1",0.113938951068377
"RBCK1",0.113973117542775
"PDRG1",0.113988820275639
"CEACAM8",0.11399455737167
"TTTY5",0.11400169277275
"DDX1",0.114107442923585
"PANX1",0.114117065395561
"RP11-115A15.2",0.114119259585026
"GMIP",0.114131783292209
"PEX10",0.114150758805472
"PA2G4P2 /// PA2G4P2",0.114160917100619
"TNRC6C",0.114174860511574
"TSEN54",0.114246492038541
"PJA1",0.114253773665927
"TIE1",0.114326921429404
"AP4S1",0.11444036600358
"HUS1",0.114490828578402
"DHX57",0.114516244865255
"PMAIP1",0.11452794166429
"IFT57",0.114579987922333
"DNAJB6 /// TMEM135",0.114583550003116
"LOC284865",0.114593777836459
"UBAC1",0.114598779812311
"NMI",0.114606261896614
"CLCN2",0.114646219573824
"RQCD1",0.114669970983828
"TFF2",0.114672374406197
"CTAGE1",0.114674529083668
"SREBF2",0.114713950305812
"LOC100996286",0.114750704212319
"LMO4",0.114775101773023
"ZNF252P-AS1",0.114809041170892
"TBXA2R",0.114809488626975
"EIF2B4",0.11485230728057
"USP29",0.114859086182374
"CRTAC1",0.114862669846316
"FBXO4",0.114908639571905
"RSPH3",0.114949501164815
"NFATC1",0.115048189373222
"FXN",0.115087938604683
"SH3BP4",0.115159054140358
"SDC1",0.115246497184638
"BTG4",0.115293790094537
"OR1A1",0.115299129997266
"CXCR5",0.115313454877281
"TDG",0.115343747263027
"KRTAP11-1",0.115359881404913
"POC5",0.115372974417088
"ADPRH",0.11547654158411
"DDX51",0.115489473737641
"UPF1",0.115522804723737
"LINC00674",0.115589509006993
"CLDND1",0.115630445354329
"ADAMTS12",0.115650029770125
"SPECC1",0.115775916510333
"NSFL1C",0.115789225435169
"EGF",0.115795371189189
"TMUB1",0.115835017291097
"EYA4",0.115871313226438
"EIF4ENIF1",0.11594659625225
"DLEU2 /// DLEU2L /// MIR15A",0.115965604307819
"OR3A1",0.11600807017297
"hsa-let-7a-3 /// hsa-let-7b /// hsa-mir-4763 /// RP4-695O20__B.10",0.11600958905893
"COPS2",0.116047264082197
"FLRT2 /// LOC100506718",0.116091409351347
"LOC101927770",0.116110178988861
"PRRG2",0.116114345257909
"SAA3P",0.116121341765577
"LOC284294",0.116214368843088
"TCEAL8",0.11626365429347
"GS1-124K5.9",0.116277958682312
"BFSP2-AS1",0.116293856580944
"DLGAP5",0.116340720765148
"FAM198B",0.116380057599938
"BCL11A",0.116381672473169
"ABT1",0.116450012893564
"NF2",0.116511702127448
"KCTD15",0.116585565949035
"PPP6C",0.116668183794449
"PRKRIR",0.116679302242456
"WDR26",0.11672004207633
"RP13-638C3.2",0.116748764654422
"PHF21A",0.116750921220996
"EGFLAM-AS4",0.116781092022489
"IPO11 /// LRRC70",0.116794792698424
"LOC100130357",0.116817603945445
"DYNC1I1",0.116831782171725
"PRAMEF1 /// PRAMEF2",0.116892846959091
"PSMC3IP",0.11696576343399
"TMEM184C",0.116971131784587
"ARMCX6",0.117021681455001
"EPHB4",0.117046181632104
"LOC101928418",0.117051282388679
"TFF3",0.117107026554156
"GYG2",0.117111447081301
"EFTUD2",0.117205108595434
"IGLJ3 /// IGLV3-19 /// IGLV3-19",0.117226198666316
"LOC101927379",0.117270812370261
"RP11-401P9.4",0.117288360276566
"RP11-214K3.19",0.117361999928371
"CCNE1",0.117376931760887
"GUCA2A",0.117396074060467
"MAP1LC3A",0.117485084306336
"TMEM200B",0.117502849563355
"FGFR1OP2",0.117503974679179
"EDNRA",0.11750546279842
"GRB14",0.117569004946042
"ZNF516",0.117596157702156
"TPX2",0.117648782023084
"CSRNP1",0.117657511605795
"CCK",0.117758980464146
"AFG3L2",0.117776471166297
"SEC13",0.117784769844554
"MAP2K1",0.117785939077639
"PCDHGA10",0.117795126835144
"YBX2",0.117805663609493
"DDX19B",0.11782063783743
"ARFGEF2",0.117836260107837
"TEX261",0.117853604976598
"NOP14",0.117855288510047
"ZDHHC20",0.117887795544159
"SEZ6L",0.117930887260587
"RP11-799D4.4",0.117936266238045
"LOC100129476",0.117942317433985
"CDS1",0.118066293257492
"CHMP2A",0.118067527037177
"FRS3",0.118075983269175
"C15orf43",0.118102080367132
"FAM19A2",0.118134600395251
"USP18",0.118159581804981
"TFCP2L1",0.118161457270441
"MYLK",0.118276667840466
"ANO7",0.11830826798654
"DGKI",0.118309130411927
"PDX1",0.118319925950595
"COL24A1",0.118330337008646
"SMARCAD1",0.118375031944594
"RP11-1017G21.4",0.118406387140257
"RNASE3",0.11841220073165
"ZBTB39",0.11842255945179
"RHOQ",0.118459044285417
"TMPO-AS1",0.118551428588982
"RUNX1T1",0.118579809058198
"NAA30",0.118665506273237
"CASQ2",0.118671959180162
"ZNF326",0.11868562531093
"AC006026.13",0.118695212865857
"ZNF292",0.11870427013417
"BEX5",0.118738037673158
"SNORA29 /// TCP1",0.118749882032685
"TMEM102",0.11876442455206
"NAA40",0.118794183418777
"SNORA68",0.11879967630377
"ATL3",0.118826768830238
"LOC100287877",0.118850303520539
"TTC23",0.118866042537626
"DTYMK",0.118908205437907
"PGM1",0.118951616996499
"AKR7A2",0.118974443147606
"LOC100507140",0.119009425443339
"RDH11",0.119021159778189
"NES",0.119029778343084
"C21orf33",0.119046025892268
"LOC102724017",0.119061399285709
"SCLY",0.119073033545456
"RNASEH2A",0.119097308474926
"KDM5B",0.119139766531696
"ZDHHC1",0.119166210936278
"ZNF583",0.119181492841363
"RP11-426C22.5",0.119197741901668
"SELP",0.119223670833359
"HMMR-AS1",0.119265212306186
"BAG1",0.119400743698276
"CCNJL",0.119435221053653
"ANKRD10",0.119484870984622
"TLCD1",0.119511030181481
"LOC102724891",0.119520910093833
"FAM208B",0.119573167560324
"SEMA4F",0.119624737034277
"RPL7AL2",0.119631408515892
"APLP2",0.11963325961126
"NANP",0.119696340662615
"LZTFL1",0.119717973381135
"CDH10",0.119738751569854
"RMND5B",0.119752381837506
"SLC34A2",0.119791117271582
"CANT1",0.119831856497758
"AC009237.8 /// AK055967",0.119837192151096
"CETN2",0.1198398489781
"GLTSCR2",0.119881446742356
"KRTAP4-9",0.119932286226387
"GRAP2",0.119958716117226
"GNB1L",0.119974235071742
"TMEM117",0.119984360719557
"PSMD8",0.120000955348097
"CSNK1E",0.120048259667459
"ZC3H8",0.120058177713917
"CDHR3",0.12018260840826
"MRGPRX4",0.120269051273044
"SARM1",0.120279997216002
"HNRNPUL1",0.12031983023796
"LOC100996345",0.120386729873293
"COL6A2",0.120397732491507
"IDUA",0.120444585958896
"KRTAP2-3 /// KRTAP2-4",0.120458123960294
"LINC01021",0.120467383688801
"CA8",0.120473326735461
"FBLL1",0.120507577167666
"UHMK1",0.120530961194939
"ERCC6",0.120586918851106
"FES",0.120614552929886
"FUT2",0.120651473560148
"BC041484 /// RP11-90K6.1",0.120699727483512
"SIN3A",0.120765273056044
"CRY2",0.120771680267861
"SLC35F1",0.12086662275296
"MROH2B",0.120893421954302
"NUP210",0.120902249004914
"DRICH1",0.12092893011071
"ZNF385A",0.121011986446559
"MRTO4",0.121103932516316
"ESYT1",0.121127632376274
"RP1-170O19.14",0.12114237610774
"LATS1",0.121175709952434
"LOC101060604 /// SLC7A5P1 /// SLC7A5P2 /// SMG1P3",0.121190757851714
"APOM",0.121207945952121
"LINC-PINT",0.121213900299334
"MAP4K5",0.121246057392619
"COG7",0.121258106536426
"TSPYL5",0.121261012981441
"DNAJA3",0.121311104204735
"ZSCAN29",0.121350598990332
"PSMD12",0.12147564035362
"BC045791",0.121485909753242
"CAB39L",0.121496639143157
"POGLUT1",0.121499357968118
"LOC101926915",0.121570338089947
"ACKR3",0.121572684145566
"STEAP1",0.121590737998282
"LOC730961",0.121602923756346
"AKR1B10",0.121619046785971
"POGK",0.121626648768448
"CSRP1",0.121664961958917
"ATP6V1G2",0.121666300973843
"MTERF2",0.121682623919319
"DCAF4",0.121690180709546
"KLK13",0.121805654345166
"S100G",0.12182174860188
"PLA2G2E",0.121862047030244
"LINC00626",0.12190462547138
"ZBED8",0.121945684767255
"RP11-506O24.2",0.121956908842828
"PIDD1",0.121992013876808
"PPP6R2",0.122040471857578
"ACTR8",0.122048786695941
"GGPS1",0.122085293321912
"GEMIN6",0.122138343314817
"CCDC59",0.122177734263559
"EXOSC10",0.122209066963789
"OR4F16 /// OR4F21 /// OR4F29 /// OR4F3",0.122239598025569
"GYG1",0.122279058762529
"LOC101929268",0.122311299491309
"COL21A1",0.122353487337928
"MRGPRG-AS1",0.122427827544717
"CENPO",0.122430406197181
"ZNF234",0.122432414234239
"PCDH17",0.122490888206205
"KIF24",0.12252205050195
"TTC5",0.122526530656343
"B3GALNT1",0.122568760594073
"PJA2",0.122578477227746
"ACTR5",0.122592914327984
"FAM219B",0.122621502269932
"ENOX1",0.122623989155009
"OPLAH",0.122706522344287
"SUCLG2",0.122717519752403
"TNFRSF9",0.12277632890401
"BAAT",0.122814584556511
"ABCD1P2 /// ABCD1P2",0.122825911112131
"SLC9A9",0.122850876972237
"IGLC1 /// IGLV3-10 /// IGLV3-10",0.1228651762299
"MRPL21",0.122919106161775
"ABCF2",0.122951641376986
"UBE2H",0.12305337098407
"TDGF1 /// TDGF1P3",0.123065078241505
"NDUFV3",0.123071406684961
"FCGR1B",0.123133957931671
"FCGR3B",0.123139030379057
"SLC18B1",0.123237929842805
"CLDN10 /// LOC101927308",0.123244584282147
"HTR5A",0.123334104397378
"POF1B",0.123492071226169
"APOBEC3F",0.123497932147357
"MEIS1",0.123501674481668
"BC044614",0.123525031989493
"ZFY",0.123536314706393
"LINGO2",0.123556799632354
"DFNB59",0.123584470518405
"LOC102724611",0.123622955226319
"OR51E2",0.12367343197656
"CTD-2196E14.6",0.123694395990222
"PWWP2A",0.123707469490433
"LOC101927606",0.123710224970463
"MRPL48",0.123716197808903
"ALDH3A2",0.123717994298502
"SIK1",0.123726173440807
"RP11-798M19.6",0.123738178822281
"DCTN5",0.123754641840989
"LOC101928303",0.123761901856721
"NUP160",0.123768667240311
"LOC101929239",0.123774787098118
"EP300-AS1",0.123864112668841
"CHRNA1",0.123880381688529
"SUPT3H",0.12389649994649
"KRTAP1-5",0.123909684399901
"CD48",0.123925048382695
"AC074212.6",0.124006632010194
"RGN",0.124007425463814
"CTD-3092A11.2",0.124024341607403
"PSTK",0.124121557482776
"C12orf75",0.124129673597104
"CLN6",0.124134573387193
"STX1A",0.124137740493714
"RP11-1017G21.5",0.124146366225309
"LOC100128281",0.124161194013171
"PPP2R5E",0.1241705051123
"MFSD2A",0.124181759943423
"FHL3",0.124258041886677
"LINC00308",0.124263871572228
"LOC100132661",0.124272573352056
"PMCHL1",0.124279879430671
"MYL9",0.124334961513976
"FHL1",0.124435987805668
"CNRIP1",0.124448003943333
"PON3",0.124461702162757
"LOC101928152",0.124496594173128
"DNM2",0.12450840031889
"LINC01116",0.124561017112063
"RP11-874J12.4",0.124568065135723
"ECE2",0.12459468490762
"SSU72",0.124600573589055
"NCRNA00185 /// TTTY14",0.124635107391741
"RASGRF1",0.124668956169852
"HSPH1",0.124739774558115
"CEACAM5",0.124808012880744
"FBXO42",0.12482270251165
"AARS",0.124826413200013
"RALGPS1",0.124831930314124
"OR52A1",0.124841458766986
"KARS",0.124886731650739
"MYO5C",0.124941075178602
"CYP2D6",0.124953976703586
"ARHGEF16",0.124966794087894
"TMEM59",0.124976748424031
"ZNF446",0.125038855288745
"RP11-194N12.2",0.125077147792604
"ZFP92",0.125128391471146
"LOC100507642",0.12514201007048
"PURA",0.125290112577999
"CCHCR1",0.125301950532983
"TMEM219",0.125373831429535
"KIAA0408 /// SOGA3",0.125410333925906
"LOC101929002",0.125417961102341
"TUBA1B",0.125421556025688
"CHRNA9",0.125422363206384
"CTTN",0.125426683160865
"KRT8",0.125451496157735
"HPCAL4",0.125555943795384
"RP11-161I6.2",0.125601903437038
"CD248",0.125608762709726
"HFM1",0.125632001083485
"LOC100505853",0.125634969307724
"ARID5B",0.12564857933306
"JPH1",0.125675975589346
"LOC100996412",0.12571534009566
"TMEM154",0.125719480048758
"TAAR8",0.125739840670418
"NAB2",0.125758972014095
"CREM",0.12583412589014
"STAC2",0.125877419271055
"CDV3",0.125888459384604
"SS18L2",0.125901185428464
"CDH9",0.125945612885718
"ITM2C",0.125998573854236
"TACSTD2",0.12609776358719
"SMIM7",0.126192423299294
"FLJ12825",0.126236551668706
"LOC101927766",0.12623876536541
"DCAF16",0.126239743504845
"GLYATL2",0.126361570107997
"RFC2",0.126404731673984
"CTD-2611O12.6",0.126415270400814
"LOC440149",0.126423590809885
"LOC100505501",0.126437969143481
"AQP4",0.12648426799993
"UBE2E2-AS1",0.126502893655293
"BUB1B",0.126511555424499
"KIAA1211",0.126545994842821
"LINC00302",0.126577654204988
"CHERP",0.126588983437568
"RP4-665N4.4",0.126616053491715
"ERVFH21-1",0.126617517376678
"METTL2A /// METTL2B",0.126642880245116
"NCBP2-AS2",0.126669534691915
"RP11-792A8.4",0.126728725657134
"ARF5",0.126792334642998
"DENND2A",0.126799049450151
"SKP2",0.126856994393721
"POPDC2",0.126868805089621
"LOC100996583",0.126891710949336
"CCDC80",0.126911690931245
"CPNE2",0.126915493729754
"GLTP",0.126927657087552
"ADAMTS4",0.12695501492465
"KLHL35",0.126965809618454
"MYO5A",0.126980850056495
"ZNF764",0.12704517212651
"RP1-263J7.2",0.127117873142564
"SUMF1",0.127161987336254
"GNG5",0.127199965561941
"KDM6B",0.127220099623398
"PSMB5",0.127244305343771
"CDC45",0.127287041295664
"GNLY",0.127287575579594
"RGL1",0.127306240497456
"WDR43",0.127391173048729
"SHANK2-AS2 /// SHANK2-AS2",0.127497802854217
"CCDC163P",0.127509029286817
"PARP16",0.127530109285975
"AADAT",0.127589593959206
"ARHGAP26-AS1",0.127637486178901
"IBA57-AS1",0.127663431607185
"CACNA1I",0.127682755040736
"HIST1H2BG /// HIST1H2BJ",0.127730208307905
"ABCC13",0.127737143010499
"HIST1H4H",0.12776096023252
"ZNF382",0.127890511845254
"INMT",0.127928717335635
"MPDU1",0.127966432471836
"RP11-480I12.10",0.12798109116501
"RBM19",0.127990457894954
"AHNAK",0.127997770886998
"NT5DC1",0.128006903260521
"ZNF135",0.12803588773671
"NR2F1 /// NR2F2",0.128046200757768
"AMELX",0.128074451298557
"CRELD1",0.128076766787954
"PSMG4",0.128192628795553
"SPIN1",0.128238751613011
"MUC2",0.128252946940724
"GPR171",0.128269704743354
"CDK20",0.128318647861964
"LOC100289097 /// LOC283788",0.128397086310065
"LEFTY1 /// LEFTY2",0.128429835888225
"SLC25A23",0.128526906229324
"LOC100129029 /// LOC100131270",0.12852828697938
"DSG3",0.128622631197518
"SLC26A6",0.128713173877383
"GCLC",0.128746073260362
"FNDC3A",0.128780572236619
"BUB3",0.128787966959888
"TPCN1",0.128837783857194
"PET112",0.128856339714683
"CDC37",0.128872596954528
"TMEM108",0.128916002063146
"KCTD1",0.129078908612362
"RANBP9",0.129085851825075
"IGFBP2",0.12912386003776
"NBEA",0.129143818192661
"GLI2",0.129164340739293
"PELP1",0.129188406449095
"ITGB3BP",0.129191941633041
"LOC101928045",0.129269092563773
"RASGEF1C",0.129272218790478
"DHRS3",0.129280800856538
"ARID4B",0.129304572661083
"PIK3CB",0.129363022731598
"RP11-477N3.1",0.129414446917543
"ESPNL",0.129415154107434
"CXCR6",0.129440789449358
"KATNB1",0.129443250725201
"GON4L",0.129546296932326
"CDO1",0.129639601477849
"LOC101927792",0.129643104159244
"CHST3",0.129655062650158
"LLGL2",0.129669363151598
"FAM214B",0.129802433397763
"CARKD",0.129941044004099
"CDC5L",0.130026557389526
"CYP4Z2P",0.13008603149748
"TRBV27",0.130148071079952
"KIF18B",0.130187993907884
"GALE",0.130208840345519
"SEMG2",0.130323268444901
"FAM109A",0.130354829231204
"TRAFD1",0.130417995178993
"HSPB7",0.130442435036365
"HDGFRP3",0.130471149963596
"MTOR",0.130485129028062
"ZC4H2",0.130486238586181
"KRT14",0.130493302127441
"CTD-2373J6.1",0.130508474592651
"TEX101",0.130563972138278
"NTHL1",0.130607224956061
"LOC101927417",0.13062950047083
"LOC339975",0.130634197543433
"AX747132 /// RP11-458D21.1 /// RP4-791M13.3",0.130641558856319
"B4GALNT4",0.130656645404736
"FCGR1A /// FCGR1B /// FCGR1C",0.130738747161586
"TRANK1",0.130740961718178
"RASAL2",0.130756127975712
"SLC25A34",0.13076000591123
"KLHL9",0.130770786901498
"LOC101927974",0.130774322912629
"KRT3",0.130817782382404
"CRAMP1L",0.130867397361909
"NEU4",0.130875969880352
"INSIG2",0.13093810996936
"TRAM1",0.13095375191634
"NID2",0.130969285525321
"FLJ38773",0.130974509375025
"UMPS",0.131010802184701
"ARPP19",0.131042569157162
"TM6SF1",0.131177425341493
"TMC5",0.131205589923636
"CLOCK",0.131258579259054
"APTR",0.131283634455085
"CHSY1",0.131306978356329
"NEIL2",0.131345986124648
"NRSN2",0.131381960135501
"RFX3",0.131389075182363
"TADA2B",0.131404545516725
"FOXRED1",0.131409167566735
"ZXDA",0.131409342065358
"CXXC1",0.131432107010505
"USP34",0.131460218764249
"CDK5RAP3",0.131475491523557
"SYT3",0.131491592310404
"COMMD7",0.131524023571002
"FOXB1",0.13155282810364
"C11orf53",0.131613102123523
"LOC100506122",0.131642842503177
"LOC101927508",0.131659112367477
"RP11-486A14.1",0.131698303381988
"MRPS23",0.131701396190724
"ATP8B2",0.131718900426802
"PTH1R",0.131742711719645
"RNF2",0.131754272525719
"AB074162 /// MIR181A2HG",0.131803407669123
"NR1D2",0.13183627447291
"STK11",0.131866351767935
"RASSF1",0.131874616113877
"USP26",0.131877185843751
"LOC101927157",0.131912358486589
"ZCCHC5",0.131921007279082
"LOC101929910 /// LOC613037 /// NPIPA5 /// NPIPB11 /// NPIPB3 /// NPIPB4 /// NPIPB5 /// NPIPB8",0.131922524854796
"NR2C2AP",0.131932267894243
"VDAC1",0.131971010519189
"C2orf15",0.132022868459455
"PAPOLB",0.132038989957289
"C11orf31",0.132079927418936
"NLGN1",0.132160190019767
"CHORDC1",0.132229332353365
"OR7D2",0.132345633453503
"CENPN",0.132361435737522
"LOC101927914",0.132420545993997
"PRSS37",0.132433987369449
"BRINP3",0.132437612713096
"MORF4L2-AS1",0.132481904819558
"LOC101927768 /// LOC101927794",0.132542205391519
"DHDDS",0.132562690313179
"DENND3",0.132652892435758
"HAUS1",0.132682549900469
"APOE",0.132751196442927
"CNR1",0.132769510816994
"PHF11",0.132783837535218
"EXOC3L2",0.132821861605791
"ZNF445",0.132854520712953
"MMP13",0.13288033567316
"PCNA",0.132929854150146
"TRA2B",0.133043267946013
"DEFB105A /// DEFB105B",0.133061970220494
"CDK17",0.133143259819081
"KCNMB1",0.133166035007379
"ZNF451",0.13316865557276
"SYT13",0.133175086436397
"HIST1H2AC",0.13318044312508
"NLRP9",0.133225651433869
"CKS2",0.133258934846912
"FCN2",0.133288739456507
"AC012065.7",0.133293930507509
"AP3B1",0.133295496142062
"AK6",0.13329963713535
"C3orf18",0.133323285946522
"LINC01431",0.133327262453894
"ZCCHC24",0.13338725721605
"TDP2",0.13340530864939
"FBXL13",0.133441962550668
"ZNF449",0.133446559375953
"POLR1B",0.133497702138679
"PRKCQ-AS1",0.133507260025142
"ENO2",0.133531116596803
"RNF219",0.133662071095839
"SRGAP2",0.13368245556716
"PODXL2",0.133687222208093
"HHLA3",0.133695701440154
"PLSCR3 /// TMEM256-PLSCR3",0.13373561972115
"RP3-334F4.2",0.133746537042176
"KIAA2013 /// LOC102724984",0.133748880416973
"PEX7",0.133805499865544
"LINC00479",0.133826821542821
"RIBC1",0.133847687444415
"GPI",0.133883013993906
"MTMR9",0.133899694724117
"FHAD1",0.133916251330787
"LOC101928420",0.133937057968076
"SYCP3",0.133995031644515
"EFNB3",0.134027001443759
"ANK3",0.134039286455926
"CDH12",0.134042813828009
"LOC102723847",0.134063499548535
"MOGS",0.134081807564966
"CCDC68",0.134211073498626
"SHFM1",0.134239953774559
"CSH1",0.134243426383534
"MRPL46",0.13427895094061
"CCL13",0.13428965249851
"TPH1",0.134299627902857
"BLACAT1",0.134421209348468
"LOC283335",0.134452587657843
"NFATC4",0.134492033341888
"RP11-77H9.8",0.134521698102122
"THEM5",0.134523502766597
"LOC101927287",0.134601848490361
"WISP2",0.134611330425466
"KLHL21",0.134631215320737
"SLC4A8",0.134650095398451
"SCARNA2",0.134662471534043
"CLCF1",0.134712396915668
"DEFB114",0.134728468205627
"PTCD3",0.134829086558047
"CLDN8",0.134834153394598
"MGC45800",0.134838791138881
"IFFO1",0.134888849381946
"NBPF10 /// NBPF14 /// NBPF26 /// NBPF9",0.134909186031201
"AGTR1",0.134967610407692
"RP11-171N4.1",0.13501232594359
"C6orf89",0.135030829319201
"PMS2P1",0.135216034662033
"TIMP2",0.135265202830706
"SLC25A37",0.13528862493672
"MIR142",0.135290634971148
"RP11-674P19.2",0.135369143886707
"RP11-352G9.1",0.135404199793012
"MYCBP2",0.135418657715989
"PIBF1",0.135488653323551
"LOC101928461",0.135609687986562
"TREML2",0.135618846486398
"INO80B /// INO80B-WBP1",0.135689834593312
"GID8",0.135727723976642
"AP3M1",0.135780965927979
"TANC1",0.135797147710917
"AKAP5",0.135892065481022
"SOD3",0.135919018865548
"AC005162.4",0.135958778275786
"TADA3",0.135972487320842
"MB21D2",0.135984162423645
"PDK2",0.136049868693949
"FAM171A1",0.136098561935499
"PDGFD",0.136155724864213
"WRAP73",0.136161373051213
"EPN1",0.136162339263205
"TMEM44-AS1",0.136327311832233
"IGFBP7-AS1",0.136359488620261
"BCL11B",0.136367480195881
"SLC35F2",0.136379076740036
"TRUB1",0.136445890240873
"ASB16-AS1",0.136453607131766
"LOC101060181 /// ZNF44",0.136470373538835
"HEXA",0.136473431989834
"LOC101927282",0.136478140961005
"AK094644",0.136511884187081
"CORO1B",0.136544783859111
"LOC100288570",0.13660227003229
"MRPL10",0.136602466786836
"MIA",0.136644349871669
"ABTB1",0.136721062564396
"ASAP1",0.136753119401327
"SGCZ",0.136759896122694
"ORAI1",0.1367748262864
"LOC102725345",0.136840228157533
"GABRR2",0.136857689040386
"CLP1",0.136910484249721
"MMP23A /// MMP23B",0.136920781385175
"GPN1",0.13697562782975
"RNF43",0.136976087837493
"PPP1R14A",0.137005834106948
"PAPPA",0.137015588103955
"LOC101928052",0.137018344955911
"TOPBP1",0.137116316991858
"FAM129A",0.137117950017163
"GRTP1-AS1 /// LOC101930007 /// LOC101930262",0.137189837575449
"GPNMB",0.137329255511476
"LCN15",0.137330847664668
"ZNF776",0.137338582181234
"OSBPL3",0.137343464711866
"LRRC4",0.137380250632553
"SLC25A38",0.137516334225317
"PLA2G16",0.137536756479704
"CR1L",0.137568010518843
"CCPG1 /// DYX1C1-CCPG1",0.137610363004815
"LOC153546",0.137611876313248
"GUCY1B3",0.137722667241867
"INTS2",0.137808610820213
"TLK2",0.137861884753788
"TUBA1A",0.137889748439061
"DEDD2",0.137889886650275
"STOX2",0.137891063965823
"FAM118B",0.137924658298427
"LRRTM4",0.138061051191895
"PLOD1",0.138130302885138
"DUSP22",0.138182497982172
"IQCF5",0.138209976018493
"FGF17",0.13827317262186
"LINC00328",0.138278965289893
"OR2M4",0.138304705482063
"PADI2",0.138340636665763
"LOC101928519",0.138376464179445
"ZNF205",0.138392195453757
"UBASH3A",0.138429700132329
"CTC-471C19.1",0.138593409311616
"NPFFR2",0.1387487703495
"ACTB",0.138803366602459
"FAM226A /// FAM226B",0.138836045799104
"CCL3 /// CCL3L1 /// CCL3L3",0.138857124616062
"RNPEP",0.138890921757452
"SLC25A28",0.138896703110599
"ZNF275",0.138907935418002
"KIAA1468",0.138915747086013
"LIAS",0.138977785021807
"CRTAP",0.139033358463507
"RP11-356B19.11",0.139206190965419
"ZSCAN26",0.139218410044548
"SACS",0.139269437441151
"BMP2K",0.139319576380989
"ANXA4",0.139367662188311
"AL832909 /// LINC00984",0.139448440043299
"PRSS3",0.139494395687865
"CDC42SE2",0.139501971328918
"TLE4",0.139576053413766
"EMX2",0.139595178159438
"MBD3L2",0.139599785469572
"ELF2",0.139649093181859
"P2RX4",0.139666538404468
"C18orf54",0.139831583539095
"CFB",0.139908634469729
"LOC101929734",0.139930798267718
"LOC100505685",0.139932599546625
"HRSP12",0.139952283904264
"ITPR1",0.140109766767153
"SCGB3A2",0.140213838354113
"SLC9C2",0.140254993999065
"CPB2",0.140350300063936
"DHCR7",0.140361544394549
"GSPT1",0.140364851212078
"FGF10-AS1",0.140393411350285
"SLC5A11",0.14049216916865
"MCM2",0.1404939055968
"TM4SF18",0.140549814931499
"TMEM262",0.140574689805434
"SMARCA2",0.140603500793612
"CEACAM21",0.140689009341772
"PPIH",0.140689776299068
"TRUB2",0.140700647338257
"CARD9 /// DNLZ",0.14075426500374
"GLMN",0.140859652476032
"OAT",0.140859692949292
"ARHGAP10",0.140873911374095
"CCDC121",0.140882813689253
"BRD2",0.140896606438204
"RGS5",0.140909119010333
"TOR2A",0.140961473259094
"C12orf76 /// LOC101060443",0.140990430206469
"PHF19",0.141031284413762
"CCPG1",0.141130146901596
"ANXA10",0.1411526807391
"ROPN1B",0.141158341400297
"LOC100130872",0.141173097064249
"IFT122 /// LOC101927266",0.141187120353202
"FAM45A /// FAM45B",0.141188373586649
"ABCB7",0.141191359028038
"DECR2",0.141199318161789
"KAAG1",0.1412083850952
"DPYSL3",0.141212703672137
"OR51I2",0.141274305622934
"ZNF267",0.141354614045731
"CRB3",0.141364700212222
"FKBP7",0.141380776265396
"ARPC4",0.141456683040767
"ARRDC3",0.141556950584674
"BORA",0.141571141543155
"SCAP",0.141581859127477
"IFNA14",0.141726639521544
"RP11-513N24.1",0.141727699420097
"CNPPD1",0.141729457678504
"UTP18",0.141740589515491
"TSPAN33",0.141757790931593
"TBX5-AS1",0.141877337536941
"C8orf66",0.141926646714755
"LINC00309",0.142016753050134
"RP11-410D17.2",0.142034401079786
"ATP1B1",0.142068779728055
"MPLKIP",0.142082278944021
"THY1",0.142098617877107
"MAGED4 /// MAGED4B /// SNORA11D /// SNORA11E",0.142099681645348
"DLC1",0.142144757304964
"LOC730101",0.142203419095981
"NDUFB2",0.142240606804351
"EFHD1",0.142270792080883
"PSMC1",0.142307333275709
"LOC101927884",0.14230847666184
"RP11-774O3.3",0.142351836271843
"C9orf53",0.14238119702722
"DBET /// DUX3 /// DUX4 /// DUX4L1 /// DUX4L2 /// DUX4L24 /// DUX4L3 /// DUX4L4 /// DUX4L5 /// DUX4L6 /// DUX4L7 /// DUX4L8 /// LOC100133400 /// LOC100287823 /// LOC100288289 /// LOC100291626 /// LOC652301",0.142397173783529
"RP1-102H19.8",0.142399942161414
"LOC101930578 /// TPTE2P2",0.142413281972591
"EIF5",0.14243050037167
"BIN2",0.142482122426065
"AF086294 /// RP11-485M7.3",0.142485561242929
"MEGF11",0.142504841573331
"LINC00587",0.142513783410096
"RAB25",0.142565702310078
"PI4KA /// PI4KAP1 /// PI4KAP2",0.142567360378083
"C11orf68",0.142606001628335
"RP11-805I24.3",0.142619102781749
"C4orf33",0.142699499958294
"RP11-715J22.6",0.142708740343793
"FTL",0.142760716063798
"MEGF6",0.142764117092474
"CAPN2",0.142799055770105
"NOV",0.142806986487048
"SCUBE2",0.142807748377087
"TIGD2",0.142903215077636
"SIGLEC7",0.143011939974097
"ANKRD13B",0.143068611150641
"ANKRD30BP2",0.143129433045204
"HIST1H3F",0.143181413652223
"SNHG3 /// SNORA73A",0.143202533244461
"TARP /// TRGC2 /// TRGV9",0.143218472408436
"NDC1",0.1432205624362
"C19orf84",0.143263449583169
"RLN3",0.143267812037311
"SHC4",0.143296035714623
"YEATS2",0.143324664577347
"MYO1E",0.143344880164699
"FAM19A1",0.143351548788176
"NR4A2",0.143467819676284
"CREB3L2",0.143506225584593
"MNDA",0.143530570942098
"USP39",0.143546929177526
"MRPL49",0.143565717129166
"PTPRM",0.143586522511155
"RAF1",0.143603007038264
"SNX29",0.143609451385797
"FAM167B",0.143641584088495
"LINC00290",0.143673664862863
"PPID",0.143686919407831
"LRRC41",0.143723727625121
"TAS2R5",0.143741292793561
"POMK",0.143890976383686
"HSDL2",0.14389646679945
"RP11-461A8.4",0.143957845704695
"TNFSF11",0.143994979299025
"IDH1-AS1",0.144024348576306
"PKDREJ",0.14408175804665
"MASP2",0.144084902292051
"PFDN4",0.144119079941131
"IRS2",0.144172511675787
"AP2S1",0.144212900030608
"SLC5A5",0.144237472425076
"TOB1-AS1",0.144270204234641
"KCNU1",0.144280144914749
"UROS",0.144344795805467
"NUDT7",0.144417630545587
"LOC101927081",0.144422863544345
"EI24",0.144462339050935
"TMEM38B",0.14452947588894
"LENG9",0.144548543132136
"SRF",0.14458220646723
"NACAP1",0.144648668038912
"TCEAL3",0.144707960708406
"FLJ31356",0.144741689515084
"DBP",0.14474222504374
"LOC101927406",0.144782578732367
"ASIC5",0.144784121364714
"ATAD3A /// ATAD3B",0.144828480398636
"ANGPT1",0.144839766709032
"KRT4",0.144852170717649
"ARHGEF26-AS1",0.144916190269767
"TLE1",0.144944532108579
"PXYLP1",0.144962398237912
"LOC100505797",0.145025292094889
"ESRG /// MIR4454",0.145044494243902
"SRD5A1",0.14507732729501
"HRH1",0.145102475290457
"DTNA",0.145114095726957
"PTPRR",0.145138225872093
"DXO",0.145179519597928
"WDR83OS",0.14521394292104
"BCR",0.14521501609512
"HPDL",0.145228333725622
"ITPKB",0.145244654741639
"CD1C",0.145258396727479
"CACNG6",0.145267413184867
"NAIF1",0.145278726105774
"OGG1",0.145295750402272
"CYP4X1",0.145322520320993
"KPTN",0.145324858237103
"UNC5B-AS1",0.145414363636378
"FRK",0.145496270945366
"TMEM63B",0.145519702791356
"LOC101927253",0.145523523450529
"TRAPPC6B",0.145590747317684
"PIAS4",0.145607507260519
"PPM1B",0.145774554554373
"ABHD3",0.145875620258084
"TAF1A",0.145879690293587
"RPL23AP53",0.145998095120505
"NNT-AS1",0.146072734201794
"ATP5H",0.146090651038031
"TRIM41",0.146169177206751
"CENPK",0.146175837225204
"BTBD16",0.146194117271576
"SMIM6",0.146194893434753
"LRP12",0.146207759594508
"MRVI1",0.146226736281445
"IPO13",0.146251300993605
"SEPT10",0.146268697607495
"PLVAP",0.146313679057556
"BZRAP1-AS1",0.146316647662797
"LOC101929167",0.146326559081159
"CLDN23",0.146327612814785
"MB21D1",0.146348166377623
"LOC728730",0.146498631582275
"SNCAIP",0.146625502223161
"SRPX",0.14669283051687
"AFTPH",0.146697299549055
"RABEP2",0.146712051494984
"LINC01056",0.146719934174805
"MALSU1",0.146739270284772
"USH1C",0.14676414797816
"SART3",0.146789351068036
"BC039357 /// RP11-661G16.2",0.146830591009101
"ZNF215",0.146875549964287
"DMRTA2",0.146897429880928
"ZC3H18",0.146903401703115
"INS",0.146904786040372
"RP11-196G18.23",0.14690657782529
"IGHV3-73 /// IGHV3-73",0.146907757057743
"AMIGO2",0.146972334973598
"FLJ22184",0.14699809939598
"RP11-384P7.7",0.147017472797866
"PZP",0.147083869502013
"RP11-65L19.4",0.147210478593896
"RP11-416I2.1",0.147312012891966
"SEC22A",0.147328950278784
"RERG",0.147365813532488
"TSEN2",0.147398295769285
"DVL3",0.147415959237404
"RP1-78O14.1",0.147456356927225
"FAM114A2",0.147497797045034
"MEIS3",0.147519386841977
"CCDC83",0.147666663538028
"WDR4",0.147698825677811
"NFE2L3",0.147725555694467
"NIF3L1",0.147828632888939
"CLDN9",0.147902189612846
"LOC100506113",0.147927036013394
"ARHGAP32",0.147946521547984
"CLCA1",0.147949263643631
"CDR2L",0.147957714856546
"HYPK",0.148024211014339
"LINC00839",0.148047064861503
"TMEM104",0.148089845474634
"SAE1",0.14810638801864
"LRRC2-AS1",0.148122272195081
"TUBAL3",0.148199507792309
"LOC440792",0.148207739609361
"IRGM",0.148219059476648
"TNFRSF12A",0.148233029924877
"BC039673",0.148250079508436
"SUMO4",0.14825030495607
"CCDC152",0.148254146971101
"ESRRA",0.148254262432113
"CCNK",0.148299808537125
"RP11-218C14.8",0.148302634240337
"ZNF350",0.148370963777922
"RRAGB",0.148442583763862
"AX747652",0.148487032570646
"AKAP4",0.148613507516765
"CNGB1",0.148681557777862
"RPS6KA3",0.148787507379201
"SGK2",0.14882772340985
"AMN",0.148890962601165
"NUAK1",0.148973664005348
"HYAL3",0.148993039689686
"RP11-38L15.2",0.149003714684832
"STK11IP",0.149061491233724
"C2orf74 /// KIAA1841",0.149108720214524
"USP5",0.14914491080182
"TRIM43 /// TRIM43B",0.149158910446515
"CPB1",0.149194430960789
"ZNF32",0.149219867922275
"CNIH3",0.149227113439851
"TAF7",0.14925075759642
"DLX2",0.149268135346321
"KCNK12",0.14927798498349
"COA4",0.149303400737865
"ACTR6",0.149335244955557
"POLR2L",0.149389980207611
"C17orf67",0.149439498149609
"RBBP8NL",0.149537450765319
"CTD-2542L18.1",0.149652458717358
"RP11-488L18.10",0.14970108403856
"PFKFB4",0.149723783961598
"LOC643711",0.149748990147282
"DHX16",0.149878401857999
"ZNHIT2",0.149945810986503
"ISCA2",0.149965371976025
"RNF126P1",0.149997445293645
"NR1I2",0.15003585548742
"PHF1",0.150060967457409
"CRKL",0.150076326558969
"LGALS14",0.15020095137958
"NRG1-IT1",0.15033311329282
"RFXANK",0.150334353565365
"IMP4",0.150343651393778
"FAM173B",0.150394699687428
"DHX34",0.150541594198827
"DOCK1",0.150557349043332
"COPS8",0.150584928834102
"PTEN /// PTENP1",0.150671432239481
"PHKG1",0.150672851733106
"CENPBD1P1 /// RPL23AP7",0.150676081634221
"DDIT3",0.150679163945861
"CDC123",0.150712174722412
"ADCY2",0.150712943261767
"ALDH6A1",0.150747168847303
"STX7",0.150812968546934
"ZNF70",0.150819479325487
"HADHA",0.150842176528645
"LINC01096",0.15086777486717
"ABCB11",0.150904733760986
"OR2L1P",0.150950536233557
"ASXL3",0.15095155462088
"TOX2",0.151034626414101
"SFTA2",0.151035049352374
"C18orf42",0.151055911269506
"DECR1",0.151081830553332
"SDHA",0.151087711468617
"ROR1",0.151107888287962
"GAA",0.151234553067765
"YIF1B",0.151433628328548
"TAP1",0.151472631388153
"CAMSAP1",0.151499268082898
"PCDHB13",0.151656150535479
"GADL1",0.151687602489506
"BRMS1",0.15169415382378
"NUPL2",0.151770839026187
"MAOA",0.151795180808134
"LOC101928205",0.151803817334549
"C8orf34",0.151966495672301
"INTS3",0.151973703515053
"GFAP",0.152067058828921
"CCDC169 /// CCDC169-SOHLH2",0.152082679970558
"USP7",0.152139430286167
"CBY3",0.152182488603583
"AC009947.3 /// RBMY2AP /// RBMY2AP /// RBMY2BP /// RBMY2BP /// RBMY2DP /// RBMY2DP",0.152197512838308
"SPANXA1 /// SPANXA2 /// SPANXB1 /// SPANXC",0.152212595777825
"SRC",0.152326504087711
"GPR84",0.152328158552204
"CAP2",0.152406452348062
"STK35",0.152446455942876
"SREBF1",0.152460919382649
"LOXL1",0.152521147070252
"EVL",0.152620441531342
"RBL1",0.15269088453783
"LINC00358",0.152719512330037
"LOC100506497",0.152730403293988
"THRSP",0.152740765282841
"PSMB1",0.152793015084285
"ITGAV",0.152819823697985
"GLI4 /// ZFP41",0.152827349178291
"C9orf24",0.152869443478311
"GAST",0.152888713123731
"B9D1",0.152915793469376
"FABP6",0.152922642391798
"CSRP2",0.1529386291915
"SRBD1",0.152951991546627
"INCENP",0.152960102490903
"OSBP",0.152960779237442
"COL5A3",0.153034517537138
"RPS6KB2",0.153035285175979
"VWA5B1",0.153119725824231
"SPHKAP",0.15316687767482
"LINC00162",0.15317282441914
"STK38",0.153176982700495
"NUDT16P1",0.153237024250967
"ABI2",0.153252003063835
"GNB5",0.153300712503604
"RPP21 /// TRIM39 /// TRIM39-RPP21",0.153381458567316
"CLTC",0.153491928486175
"PDGFRL",0.153506436229096
"SIRPB1",0.153513676067802
"GPHN",0.153523999613349
"NUP205",0.153530216023847
"ZMPSTE24",0.153639968838576
"LINC01278",0.153681872451763
"PRRT2",0.153695418253827
"NUDT3",0.153758621629856
"CTC-428G20.3",0.153793351839012
"KBTBD11",0.153802755608655
"FXYD5",0.153899398600843
"SLC17A4",0.153976674063996
"LOC101060363 /// PPIA",0.154045010170457
"TMEM201",0.154096606104238
"HIST1H2BC",0.154299345978528
"ARHGEF18",0.154454370876699
"TRPM3",0.154465193942057
"CDKN2AIP",0.154480471694121
"RBPMS2",0.154500139363553
"RRN3P1",0.154566707960053
"IL6ST",0.154567931817869
"RRAGC",0.154674749460409
"TUB",0.154685951179966
"BC040901 /// CTC-241N9.1 /// LOC100996419",0.154735463109626
"ATG2B",0.154782882429353
"NOC4L",0.154797626929913
"FAM110B",0.154806327615722
"CCNI",0.154813394421703
"SYCP2",0.154814796593155
"TGFBR2",0.154863185486838
"GTF2H3",0.154978566856277
"RTFDC1",0.155018790557181
"C17orf98",0.1550409182799
"FBXL3",0.155047140213641
"EXOSC4",0.155189415792101
"WDR49",0.155206205922981
"BTBD10",0.155217348012448
"SLC16A6",0.155234525635732
"NHP2L1",0.155262646920887
"THBD",0.155339178321136
"KRTAP9-8",0.155343234774564
"HMGB3P1",0.155365067231216
"ARHGAP18",0.15537903742987
"C12orf49",0.155383485358468
"KIF5C",0.155413206907314
"HCCS",0.155490040590958
"CCR1",0.155500437244862
"C19orf10",0.155551477342963
"ZBTB45",0.155586903123629
"RGL3",0.155592405151925
"PRR14L",0.155624577050584
"CTD-2528L19.6",0.155773122655637
"CHTF18",0.155774564804214
"REPS2",0.155778157032459
"SYAP1",0.155789814618774
"CPEB3",0.155859969501246
"C14orf64",0.155911161890355
"PLCD4",0.1559225166563
"OXLD1",0.155954150753342
"LUM",0.15595475164524
"ANKHD1 /// ANKHD1-EIF4EBP3 /// EIF4EBP3",0.156107948123109
"LINC00176",0.156118435758029
"INTU",0.156146135383906
"EVC2",0.156150211065122
"RP11-893F2.14",0.156226753961325
"RUFY1",0.156228871935032
"TPM1",0.156240326321041
"GPR124",0.156279035466553
"LINC00692",0.15630231624555
"ZMAT4",0.15645489180617
"RP11-343H5.6",0.156455008431642
"ALG6",0.15653815038057
"PMS2P8",0.156545247954145
"RP11-75C9.1",0.156667182641772
"FYTTD1",0.156667548102619
"LOC51145",0.156729440335101
"POTEKP",0.156819304388272
"GSDMB",0.156851090737541
"PLXNA1",0.156856270237046
"KIF4A",0.156860818712166
"MGC57346",0.15687985787522
"CLDN10-AS1",0.156890680454421
"SERPINA6",0.156922671134624
"LINC00672",0.157029156255519
"GCN1L1",0.157035294124276
"SYT6",0.15709208195938
"RP11-646J21.6",0.157119569607417
"NCAPD3",0.157156982946865
"LYZL6",0.157211954655184
"PTDSS1",0.157233250807703
"PHF3",0.157259653689196
"LOC100128198",0.157286315096986
"DDX59",0.157316766219532
"NFU1",0.157351583670658
"RXFP2",0.157379389916923
"TMEM159",0.157384597944654
"AF131215.3 /// C8orf15",0.157387383867258
"PKHD1L1",0.157389122114804
"MRPS28",0.157391076481025
"MTMR12",0.157423454432238
"NBPF10 /// NBPF11 /// NBPF8",0.157450312984761
"ZNF540",0.157474610365468
"SLC38A2",0.157495255460695
"GPR89A /// GPR89B",0.157573006258303
"ITGB1BP1",0.157596818939818
"FLJ40288",0.157625523876041
"MARCH4",0.157635775205609
"RP11-333O1.1",0.15767158270847
"MYBBP1A",0.157689507987221
"ECI2",0.157693970428495
"CSH1 /// CSH2",0.157710015685391
"LOC101929480",0.157734472079647
"KCTD7 /// RABGEF1",0.157808667812809
"AC092155.4 /// BC038779",0.157879517140904
"PECAM1",0.157879552076584
"SPSB2",0.157880534793521
"SNX3",0.157942238085532
"NMD3",0.157956076175933
"BMP6",0.157965833362997
"NBPF10 /// NBPF14 /// NBPF26",0.158006434365284
"SPZ1",0.158006670821109
"IRS1",0.158043249755985
"CCL21",0.158060519799197
"FAM20A",0.158127215390106
"LINC01012",0.158136360936851
"G6PC3",0.158195472994412
"AIRE",0.158206057497242
"ACSL4",0.158319451257961
"BANK1",0.15833553286071
"DND1",0.158339094885465
"PRKAB2",0.15835072861451
"OAS2",0.158352865449596
"LRG1",0.158356762277784
"UNC5B",0.158379189265241
"OGFRL1",0.158424204223179
"TXLNGY",0.158458297298546
"ACOT12",0.158475166705502
"BAHCC1",0.158503068082863
"FAM73B",0.158504887246656
"AFAP1L2",0.158579960803766
"ITIH1",0.15858375900125
"KRTAP3-1",0.158593165543293
"C17orf58",0.15860255058824
"CEP131",0.158676443169722
"HIVEP3",0.158683857566272
"CSTF2T",0.158707564241077
"TMEM41A",0.158736326856323
"SLC4A1",0.158742314008175
"NHLH2",0.158782764131972
"LOC100131581",0.158864808873178
"CDCA7L",0.158924926327414
"LOC101927040",0.159031643517449
"AK057978 /// MKLN1",0.159123055468731
"LOC101928896",0.159128479566686
"GPR83",0.159179823275084
"DCAF15",0.159203825377848
"NELFCD",0.159212761251867
"KRTAP4-1",0.159259875321542
"LINC00305",0.15934796696711
"CNTN5",0.159363742868425
"SYTL2",0.159401119724801
"APIP",0.159415940003808
"PIGS",0.159430490947527
"SEPT1",0.159468411751222
"ZC3H12C",0.159475920985287
"IGLON5",0.159481708933879
"EPS15",0.159608400763196
"CES2",0.159611021393532
"CHRNG",0.159692893872658
"GNG2",0.159759743737794
"DYNLL2",0.159790692510289
"TENM1",0.159792588645017
"TIMP3",0.159799631307694
"MPHOSPH9",0.159879757061336
"OR7E12P",0.159897876008654
"AX747826",0.159922481562675
"KCNT2",0.159971391221074
"PHLDB3",0.160029410407498
"LOC100507156",0.160087123265911
"LOC101927735",0.160095561481074
"HSP90AB1",0.160134284401955
"DEFB107A /// DEFB107B",0.160149071923532
"LINC01102",0.160156665396147
"TSSC4",0.160159280516358
"EWSR1",0.160181809522801
"KLHL24",0.160218056841736
"EIF1AY",0.160279694474259
"CHM",0.160311189492855
"EIF2AK1",0.160365451675769
"CBFA2T2",0.160380824465864
"C9orf40",0.160402565769914
"FAM53A",0.1604091199839
"JSRP1",0.160469041835033
"TTLL13",0.160482611100213
"KIAA0195 /// MIR6785",0.160484905513886
"C12orf60",0.160534845290303
"MIR6716 /// PHLDB1",0.160594114525973
"CYB5RL",0.160670327156124
"LRFN5",0.16068117373804
"PAK2",0.160743778303569
"DKFZp547J222",0.160767694399537
"PAK6",0.16083486630353
"FRYL",0.160850165790584
"NBPF10 /// NBPF12 /// NBPF14 /// NBPF15 /// NBPF20 /// NBPF8 /// NBPF9",0.160888130524341
"RBAKDN",0.160919623427575
"LOC100130331",0.160976033426057
"ACSM2A",0.160977885917835
"XRRA1",0.1610315905491
"PGLYRP2",0.16104547988302
"NEK7",0.161061946240028
"RP11-337C18.10 /// RP11-337C18.8",0.161089684263983
"EDN3",0.161096914529073
"SEC31B",0.161105358137363
"AVPR1A",0.161120523708625
"MRPL2",0.161123828058909
"MMAA",0.161157772848942
"NKIRAS1",0.161158322893269
"C1orf220",0.161170233787119
"RFX5",0.161187547042293
"LOC414300",0.161230973266472
"LOC101928069",0.16123361716459
"EIF3L",0.161386343662626
"ARL13B",0.161390550317192
"RP1-31B8.1",0.16141206644876
"CCL28",0.161429819300284
"LRRC37A5P",0.161463449413234
"SGSH",0.161466818194511
"CLDN4",0.161474373575848
"GAD2",0.16149941579183
"LOC401463",0.161507278904632
"CXCL3",0.161524733861068
"GPR61",0.161532293632905
"RAB31",0.161565142594709
"C11orf45",0.161578194132714
"ZNF367",0.161627528471447
"SNAI2",0.16170284575183
"TBX20",0.161718506315437
"DCTN2",0.161798024081892
"RPS6KA5",0.161840006401169
"SGSM1",0.161856261174177
"ZSCAN4",0.161866827233091
"GALNT18",0.161932418614602
"PHIP",0.161962397399719
"EDDM3B",0.161963670753444
"CLCN5",0.162011649772133
"LOC645485",0.162109424818175
"HIST1H2AK",0.16211329116676
"LDHD",0.162117158621408
"LOC441528",0.162122866554915
"RP11-1103G16.1",0.162128863027528
"KCNJ2-AS1",0.162168044466514
"GOLGA2",0.162179961463754
"NXPE1",0.162215574233468
"RP11-468E2.5",0.162249829823209
"BEST2",0.162254378560289
"BTNL8",0.162468657488159
"ZNF775",0.162513114047703
"ABHD16A",0.162608232783278
"AX746830",0.162655308895433
"LINC00881",0.162656962837683
"SEL1L3",0.162705590657953
"FCRL3",0.162713750773828
"ATG101",0.162724493319901
"KIAA0922",0.162773954914411
"RP4-680D5.8",0.162775355857733
"RAB7B",0.162807932347559
"HNRNPA1 /// HNRNPA1L2 /// HNRNPA1P10 /// HNRNPA1P33",0.162869061408638
"TVP23A",0.162872863024991
"ACVR2A",0.162879117874544
"LOC152578",0.162895987187811
"DNAJB8",0.162902785063953
"DKFZp667F0711",0.16300309374797
"LOC101929762",0.163012912529567
"ZNRF1",0.163043958245141
"AHCTF1",0.163068515140404
"MFN2",0.163099477679336
"ICA1L",0.163109254900114
"NPIPB15",0.163135259519899
"ATG9B",0.163149221905647
"HOXB1",0.16318134557295
"TAP2",0.163222801952003
"HHIP",0.163278982563692
"TTYH1",0.163303922409518
"EMC9",0.163307986862309
"RPL5 /// SNORD21",0.163324716965847
"LOC284379",0.163455514551292
"CTB-113P19.1",0.163492839598794
"ETF1",0.163560069386396
"NARR /// RAB34",0.163563340242904
"AC083843.1",0.163577531519116
"VAC14",0.163608070168847
"PELI1",0.163615895326366
"DYNC1I2",0.163627081834615
"SGCE",0.163665111343255
"CAP1",0.163728412034638
"AXDND1",0.163755057552567
"DNA2",0.163771810305442
"P2RX7",0.163796061325632
"LOC100996643 /// LOC101928195 /// MTHFD1L",0.163819233106739
"RPL26L1",0.163835924336167
"TFAP4",0.163922673443202
"KLF6",0.163924289111116
"GBA2",0.163934867676912
"PEX11B",0.163961782748785
"TP53RK",0.163967413585836
"AX746823",0.163979465446374
"LINC01315",0.163985227262164
"JMJD1C",0.16403331313046
"TCEANC2",0.164083428632901
"OTUD7B",0.16410444017556
"SUV39H1",0.164115681961405
"MYEOV",0.164122414209386
"ZNF75A",0.164268691975139
"MBNL1-AS1",0.164294307005842
"C12orf50",0.164334811498998
"CSRP2BP /// PET117",0.164413764918077
"KRBOX4 /// ZNF674",0.164430957403797
"ARF3",0.16452722321451
"GAS5 /// SNORD44 /// SNORD47 /// SNORD74 /// SNORD76 /// SNORD77 /// SNORD79 /// SNORD80 /// SNORD81",0.164550781011259
"RAC1",0.16466430092035
"ZNF815P /// ZNF890P",0.16468490952811
"CCDC88A",0.164704180776002
"LINC00610",0.164705423933346
"ATL2",0.164715803742935
"PYGM",0.164715895596823
"PSMA3",0.164841194344325
"DDAH1",0.164849506559446
"RP11-998D10.7",0.164860380982457
"RP5-1180E21.5",0.164967914377777
"FIBP",0.16497711209252
"SPC24",0.164990395987461
"GALNT7",0.16503043067071
"CDCA5",0.165076093741989
"IL18",0.165156482748888
"NOXO1",0.165160250086364
"SFT2D3",0.165160355260557
"SLC35C2",0.165249575275041
"ZBP1",0.165261018989153
"SARNP",0.165266283638717
"LOC158402 /// RP11-4O1.2",0.165294848401739
"GSTM3",0.16530199923462
"TBC1D9",0.165330936342271
"YIPF1",0.165410097259341
"LOC100506142",0.165464292082435
"EXTL2",0.165531844368293
"MAX",0.165555593453451
"RP11-680F8.4",0.165614705317845
"CTC-523E23.1",0.165718618702115
"MALAT1",0.165732824666042
"LYL1",0.165735941287356
"HLA-DRB4",0.165789279987435
"LOC100128840",0.165835618366545
"DCAF6",0.165898422973402
"LINC01087",0.165938801709016
"IGLV6-57",0.165950686858165
"RP11-489E7.4",0.165998200806197
"BOLA1",0.16601896386504
"LOC101928378",0.166023129049855
"LOC100130219",0.166029970890465
"QSOX1",0.166092388044919
"GPR88",0.166112828678822
"LASP1",0.166113312918278
"BMI1 /// COMMD3-BMI1",0.166133103319306
"ANO10",0.166187619799235
"SEC23A",0.166221729646203
"MAGI2-IT1",0.16623299029967
"BC027448",0.166242502413922
"TOP1MT",0.166300276915836
"RP11-326I11.5",0.166302873627798
"GPANK1",0.16635670245897
"HIPK3",0.166511748129489
"TMEM217",0.166513202766663
"GCG",0.1666607770361
"MRPS2",0.166669270933851
"CYP2F1",0.16670641195818
"DENND2C",0.166731882727221
"C10orf2",0.166734663746634
"AKAP17A",0.166801944879402
"ELAVL1",0.166804316186723
"FBXL15",0.166852616022315
"LOC100132319",0.16696135785286
"LOC158402",0.166970103801464
"HUNK",0.167049663124226
"SLC22A17",0.167054893944233
"PRKD2",0.167060666986936
"RIMS1",0.167101235515928
"GIGYF2",0.167104700724205
"PROK2",0.167107595797083
"BAD",0.167151375688198
"SOD2",0.167151462024879
"CCDC47",0.167156535431728
"ENC1",0.167300423300672
"SLC34A3",0.167341993609569
"LOC100505782",0.167358450994212
"abParts /// IGKC /// IGKV4-1 /// IGKV4-1",0.167375349412833
"LGALS3",0.167378579773118
"CRELD2",0.167379707992615
"LAMB3",0.167390400716306
"C19orf68",0.167406680165551
"AR",0.167483816937908
"WAS",0.167540450549039
"LIN52",0.16754635152723
"INO80B",0.16756555243664
"ADAMTSL4",0.16757838731808
"ZSCAN9",0.167794608459847
"ZNF331",0.167833304213125
"AUH",0.167885429913209
"KLC1",0.167893778502075
"ARCN1",0.167947246003157
"PLD3",0.167994546033577
"TRIM29",0.168011637998507
"ECSCR",0.1680151583035
"RP11-6I2.3",0.168029700276939
"EIF4E",0.168045872181555
"CKAP2 /// IGLJ3 /// IGLV3-19 /// IGLV3-19",0.168099246072877
"PARP6",0.168111505985558
"KIAA0101",0.168216436421582
"GS1-111G14.1",0.168217392276828
"LOC100128554",0.168224228852378
"KAT6B",0.168248962812255
"MYCNOS",0.168317327038172
"GLYATL1",0.168342083072777
"ZNF781",0.168403498532845
"KTN1",0.168422998901147
"CDKN1B",0.168480964661262
"RTKN",0.168511454797409
"ZBED6CL",0.168516195078243
"RIT1",0.16851975072555
"ANKUB1",0.168540252282319
"KBTBD4 /// PTPMT1",0.168570925007203
"TADA2A",0.168601600462161
"KIR3DL3",0.168668482032093
"DIXDC1",0.168682351480134
"SRP68",0.168729914047236
"HFE2",0.168730453202983
"C8orf82",0.168832775748707
"LOC101928035",0.168942140669493
"LEPROTL1",0.168998951963221
"ST3GAL1",0.16905842165197
"APBA1",0.169083048321828
"KIAA1210",0.169087772067383
"STAT1",0.169120480659641
"C1orf168",0.169128192413803
"EFNA3",0.169157227982561
"KCNJ1",0.169161485579679
"PPM1G",0.169289989184516
"GPRIN3",0.16930222377246
"LINC00551",0.169504228358093
"BLMH",0.169521387247373
"WDR64",0.169555424339191
"IL1RAPL1",0.16965612431178
"CPXCR1",0.169670159439824
"FAM181B",0.169782805993512
"LOC80154",0.169792050339256
"LOC100506405",0.16979300240096
"MAP1LC3C",0.16979933732681
"EGLN3",0.169806969612005
"CENPA /// SLC35F6",0.169836314667418
"ADAM2",0.169859283442571
"TAF1",0.169890889013174
"CDKL2",0.169922358830957
"LINC00628",0.169973420247566
"ZBTB34",0.170049134482102
"USE1",0.170060225335098
"EDARADD",0.170072458302971
"LINC01137",0.170298415966083
"LOC102724312",0.170359920086095
"DEGS1",0.170382525184109
"AK096335 /// AP000662.4",0.170397125944205
"ZNF154",0.170436932916929
"GCH1",0.170456811837316
"VSTM2A /// VSTM2A-OT1",0.170458991031299
"RP11-930P14.2",0.170475850272826
"MICAL3",0.170514806540389
"OR2B4P /// OR2B4P",0.170545591225463
"CHMP4A /// TM9SF1",0.170583213879062
"CDH1",0.170595347055532
"BC045784",0.170613339720626
"SLAMF1",0.17068207652608
"FAM171A2",0.170693317651582
"OR2B6",0.170751586534372
"PRND",0.170859410975684
"COG4",0.170862954399711
"ZNF777",0.170909571362327
"PIP4K2A",0.170923312035115
"RPUSD2",0.171043410365628
"QSER1",0.171096135853131
"HIST1H2BK",0.171102435355162
"MOCS1",0.171127508116821
"LOC729680",0.171135340219623
"KIF2C",0.171194035937495
"TTC38",0.171222121835338
"MYCL",0.171303320956214
"ADAM6",0.1713606140835
"RBM10",0.171365242504341
"SLC1A3",0.171367258045298
"DPYSL2",0.171453393262218
"RP11-285G1.14",0.171477458440457
"LINC00669",0.171508783314047
"AKT1S1",0.171511475315147
"PWAR5",0.171515615150487
"COL17A1",0.171590145909266
"ASB3 /// AX747197",0.171593119310272
"ANK2",0.171632304116319
"UBXN11",0.171683164838033
"HELLS",0.171711560221619
"LOC100996693 /// SPEG",0.171753794880716
"C16orf80",0.171763912820752
"SPIB",0.171832602102412
"DNAH7",0.171871566927206
"HRASLS2",0.171910988621649
"LOC100286922",0.171933414241493
"LPAR2",0.171935048139743
"LOC440330",0.171938966358788
"KIF25",0.171950427894655
"LOC101928251",0.171961540065108
"INSL3",0.171973801620676
"LOC101928419",0.171991008545437
"LOC101928101",0.171995904208774
"LOC101929289",0.172131199646112
"LOC101927358",0.17220167585011
"GATC",0.172222300666014
"THAP2",0.172230562148224
"GAS7",0.172315695018531
"TMEM47",0.172394767479918
"RBX1",0.172406750803136
"MED28",0.172407491100757
"FAM9C",0.172487118534004
"THAP11",0.172525518142539
"RBBP6",0.172533431197037
"LOC100506271",0.172680300908001
"EBLN3",0.172719889102573
"BC037970 /// RP11-94M14.2",0.172791942192591
"EHBP1L1",0.172806989258459
"RETN",0.172821575821095
"PILRA",0.172863822272718
"ZNF597",0.172881331825249
"ZNF816 /// ZNF816-ZNF321P",0.172892565811239
"PPP1R21",0.172892953882185
"LINC01023",0.172936393930197
"GTF2F1",0.172936675877208
"CLK4",0.17293808630546
"CDKN3",0.172973697745978
"RNF150",0.172985776467432
"TARDBPP1 /// TARDBPP1",0.172998506723686
"NUDT14",0.173088355532458
"NAPSB",0.173148951258447
"MOCOS",0.173155341833845
"PPM1N",0.173168016483018
"SLC13A5",0.173194008939365
"IMPDH1",0.17328589855828
"HEATR3",0.173301144813967
"LCE2B",0.173304078426505
"ZNFX1",0.173331158896157
"EPHB3",0.173336457574464
"FBXO24",0.173359125118825
"SFRP4",0.173392890848582
"ELP3",0.173403724407071
"PPIF",0.173405429685641
"KDELC2",0.173450407490766
"AK091729",0.173514956418013
"ZNF551",0.173539837671317
"TRIT1",0.1736077975422
"AL832615 /// AX747639",0.173665170153456
"CYB5R2",0.173685971005616
"BCAR3",0.17371379065886
"ADAM22",0.173727472282243
"RABEPK",0.173760056531196
"VAV2",0.17376151440936
"ENPEP",0.17386433304681
"ZDHHC24",0.173927358977993
"ANKRD32",0.173975281854174
"ZNF229",0.173981535274235
"LOC374443",0.173994719661674
"PAQR8",0.174058029511215
"UTY",0.174073349756652
"FTO",0.174076815091349
"URB2",0.174153999358907
"IQGAP1",0.17416367518703
"MRPS18B",0.174179585340371
"KLRD1",0.174239515086252
"GPR101",0.17427812221568
"HLCS",0.174288163441129
"RP11-245J9.5",0.17429003219726
"FGB",0.174321675257177
"B4GALT4",0.174398338489437
"LINC00880",0.17440743561715
"RBPJ",0.174418960490041
"ZNF655",0.174438719269466
"MKS1",0.174444566599337
"CTD-2310F14.1",0.174457381728649
"PLCL1",0.174477985098979
"ZNF469",0.174519696135025
"HIST1H2AG /// HIST1H2AH /// HIST1H2AI /// HIST1H2AK /// HIST1H2AL /// HIST1H2AM",0.174526001655229
"FAM46C",0.174535924337001
"KIAA2018",0.174585265358941
"REEP3",0.17459026425219
"PSCA",0.174681273013723
"DPY19L2",0.174788106997963
"KCNK1",0.174798948079171
"LOC101927943",0.174823454229188
"LOC101928707",0.174838660997917
"AAED1",0.174997606866328
"SUV420H2",0.175050298924721
"MIP",0.175139724495255
"AAMP",0.175143755505688
"SEPT3",0.175171363673134
"ATP8B5P",0.175244291362052
"IDH3A",0.175303028248537
"AVPR1B",0.175351577183746
"RAB3GAP1",0.17540078801584
"IP6K1",0.175454029243723
"MCM8",0.175485778185695
"SEC1P",0.175606722467784
"SLC7A6",0.175611830456689
"EMP3",0.175632696508502
"TRY2P",0.175682728617087
"LOC780529",0.175691104604413
"LYAR",0.175755452906587
"NPTXR",0.175801142508655
"SNTB1",0.17582662233028
"CLDN20",0.175831800177757
"RPL7L1 /// WAC-AS1",0.175839361170787
"LOC101929857 /// SLX1A-SULT1A3 /// SLX1B-SULT1A4 /// SULT1A3 /// SULT1A4",0.175844809185279
"DEFB123",0.175963226727115
"KCNA2",0.175970401864539
"CALML5",0.175991487872439
"EDC4",0.176037665026564
"LOC100127972",0.176052917835904
"GNB1",0.176079655467563
"Y16709",0.176097537675494
"NPAS3",0.176205382514845
"N4BP2L2",0.176263719031713
"ZG16",0.176286372602585
"LINC01354",0.176388475604038
"SPTY2D1-AS1",0.176528114362253
"RP11-347D21.1",0.176542758000639
"FAM13C",0.176564683763643
"ANKRD19P",0.176588704601256
"RP11-510C10.4",0.176712695603528
"UGDH",0.17672041217801
"GRAP",0.176727695021966
"ASNA1",0.176739484784795
"DLG1",0.176874639348582
"HIST3H2A",0.1768957699696
"ENTPD1-AS1 /// LOC101927104",0.176895868753831
"AKR1D1",0.176902307451241
"BC048141",0.176966215997458
"SATB2-AS1",0.17699987769474
"C16orf74",0.177021368309147
"RP11-791M20.1",0.177088199186602
"ARHGAP17",0.177137774439617
"GNA15",0.177141908246663
"LOC101927526",0.177178483028476
"LINC00314",0.177181604266821
"SF3A1",0.17730211515437
"UNC93B1",0.177334850445115
"ZNF521",0.177398245476254
"FCN3",0.177402525103132
"STUB1",0.177404955529281
"SMR3A",0.177440511674301
"PPP4R1L /// PPP4R1L /// PPP4R1L",0.177532949456304
"BC015159",0.177585037888312
"NBPF10 /// NBPF11 /// NBPF12 /// NBPF14 /// NBPF15 /// NBPF20 /// NBPF8 /// NBPF9",0.17760270437143
"HENMT1",0.177658126192983
"LOC100507557",0.177691461163185
"RUNDC3B",0.177723016259311
"MED16",0.177765725394968
"SLC7A1",0.177814292774666
"ZMYM5",0.177831500743772
"LPCAT3 /// U47924.30",0.177876581192159
"PDCD11",0.177878996492582
"LPIN3",0.177916711119141
"VN1R5",0.177926641028123
"C3AR1",0.177933750732854
"RCHY1",0.177989773115613
"CTSV",0.178034560485484
"SPINK13",0.17805851676522
"RASSF4",0.178073303060094
"HARS /// LOC101928623",0.178103278667405
"LOC100130429",0.178128920080131
"CDK7",0.17815202800646
"WHSC1L1",0.178171756122225
"LOC257396",0.178188368897532
"PPP1R10",0.178203266106874
"KPNA5",0.178234352551055
"GALNT12",0.178477373111862
"MIR6836 /// SNX8",0.178495894257936
"VIP",0.178576231504781
"DGCR6L",0.178641737787368
"RP11-382B18.4",0.178682182095523
"ZBTB20",0.178684391492137
"GET4 /// SUN1",0.178686378230217
"KDM4B /// LOC100507022",0.178770860636793
"STAM-AS1",0.178838937874332
"PRKAG1",0.178846213174105
"NOSTRIN",0.178857056340397
"RP11-143I21.1",0.178943892627137
"NME1",0.178968094473158
"GNB4",0.178968420109486
"KRT35",0.178972221270373
"SEC22B",0.178974753582891
"ITGA11",0.178976942256376
"TRAPPC6A",0.179058828220398
"CEACAM4",0.179074704459542
"RAB38",0.179199828410819
"ZNF804A",0.179233035716884
"EPT1",0.179255873100889
"FBN3",0.179282225232522
"CHRNE",0.179291354095378
"HCG26",0.17929186908017
"BAGE2 /// BAGE4",0.179293738344967
"MAB21L3",0.179303293490913
"KCNK3",0.179355928966564
"TTTY15",0.179384480249795
"OR9A1P",0.179444555408627
"PIN4",0.179521709749901
"WRAP53",0.179543942608179
"N4BP2L2 /// U50535",0.179564393282215
"PIGZ",0.179627477624659
"RP11-506N2.1",0.179672089143785
"DUSP9",0.179689164117551
"B3GNT1",0.179709541453191
"TMEM30B",0.17972716284236
"ZNF236",0.179811971561574
"TEX33",0.17988431431345
"CIAO1",0.17992969252233
"LOC101929248",0.180089621030026
"PSTPIP2",0.180201915936803
"GALK2",0.180227889378911
"PLCD1",0.18054452278972
"FSTL1",0.180597880112678
"TAT",0.180654599154115
"PPP1R7",0.18067082940373
"TRABD2B",0.180674899565348
"NR0B2",0.180728084529232
"ABR",0.180742281729857
"CASP9",0.180750756384382
"IBA57",0.180754078596408
"CAMK2G",0.180768284660641
"MUCL1",0.180821785093193
"NFAM1",0.180878416195643
"COQ4",0.180912812021111
"TBC1D12",0.181032212356354
"RP11-505K9.4",0.181037833545696
"DOK4",0.181069112601759
"C14orf180",0.181088340293655
"HSPB9",0.181093682478278
"RP11-326I11.3",0.181169531298668
"STEAP3",0.181173170932674
"ERC1",0.181190257152094
"LEPREL1",0.181218957816088
"SURF2",0.181219803514605
"RP1-101G11.2",0.181226899500699
"TOR1B",0.18123803755786
"FAM131A",0.181266567395166
"LINC01142",0.181276702415432
"SLC14A1",0.181297072284266
"TICAM2 /// TMED7-TICAM2",0.181334476049135
"NLRP3",0.181376802487816
"LPPR1",0.181458291522125
"OR10D3",0.181535679154588
"IL31RA",0.18154889068204
"ABCD2",0.181606725706509
"MICU2",0.181763008258403
"LOC101927305",0.1819057008832
"TRNP1",0.181928789691127
"LOC101927458 /// LPHN2",0.18206488190017
"LOC728805",0.182144910093437
"OR12D2",0.182178187107023
"RP11-217B1.2",0.182192651459813
"KHDC1L",0.182194914972081
"LOC101060553",0.182211878624506
"RGPD1 /// RGPD2",0.182310058408503
"NUP50-AS1",0.182358034580069
"DUSP18",0.182386078684467
"RP11-654A16.3",0.182418997337155
"SND1",0.182424068814568
"S100Z",0.182547252350596
"LINC00691",0.182565643323253
"SULF1",0.182612158259624
"ZSCAN30",0.182621141604594
"FOCAD",0.18262369510038
"CTAGE15 /// CTAGE4 /// CTAGE8 /// CTAGE9",0.18262966241537
"LINC00559",0.182653431330141
"METTL1",0.18267125567715
"THAP3",0.182678190052506
"FLYWCH1",0.182682207760822
"FBXO32",0.182696766733317
"GLS2",0.182750848143686
"ZNF835",0.182765980413762
"ZNF843",0.182821739145938
"BDH2",0.182870185142438
"BC043355 /// RP11-481J13.1",0.182938844964645
"PIKFYVE",0.182942219956194
"RP11-53O19.3",0.183091010160444
"CIT /// MIR1178",0.183101853448572
"ZNF530",0.183127129735809
"BAMBI",0.183223518699643
"NABP1",0.183358708740882
"HP09025",0.183411026490635
"TRPC3",0.183434018142406
"FCGR2A",0.183464612385722
"FGL2",0.183501876329373
"GRAMD3",0.183504016595393
"PPP1CA",0.183517525318742
"HMGB3",0.1835976120688
"RP11-421F16.3",0.18361072399482
"WDFY3",0.183699830657528
"THSD4",0.183703344585073
"YIPF4",0.183712318180168
"HERPUD1",0.183720462667674
"LOC101928710",0.183737433577854
"GJA9 /// GJA9-MYCBP /// MYCBP",0.183765771656085
"BC042374",0.183879760802053
"ZNF697",0.184032225306233
"ANGPTL1",0.184033629703499
"FBXO16",0.184115792238832
"RNASE1",0.184255290062118
"FETUB",0.184361284231837
"ST8SIA2",0.184366220169468
"CAMK1G",0.184377320782686
"RAVER1",0.184384063297916
"RAB13",0.184427892886522
"ATP6V0D1",0.184435298233374
"FSTL5",0.184555491225479
"LINC00951",0.18455662312481
"GPR173",0.184556740568955
"C17orf53",0.184628480038473
"SH3RF1",0.184634224169783
"THBS4",0.184742933287688
"NFAT5",0.184768324898241
"TUBA4A",0.184787893955521
"RPS4X",0.184811464844131
"LOC101928001",0.184814150729255
"ACP2",0.184840679456342
"KNG1",0.184870482331341
"BC022568 /// CTC-265F19.1",0.184895695724581
"FLJ37453",0.184899944973711
"SDF4",0.184932297108369
"TCRAVN1 /// TRAV25 /// TRAV25",0.184968405905574
"HIRIP3",0.185042422695997
"CTD-2165H16.3",0.185048626643376
"LMO1",0.185052667504481
"WNK4",0.185086259389043
"SAC3D1",0.185098473468702
"TM9SF4",0.185203183786843
"LOC101928620 /// POU2AF1",0.185269169851866
"ARHGEF7-IT1",0.185287208262192
"RP11-445L13__B.3",0.185318778149406
"CRAT",0.185353232670332
"RP5-892K4.1",0.185358476025952
"EEF1E1",0.185512211063081
"LOC101929655",0.185583834657209
"CTB-176F20.3",0.185591762247417
"TMOD3",0.185763412538739
"PRSS55",0.185782237637607
"CFHR5",0.185796799662056
"GRTP1",0.185842100686728
"KDM2A",0.185883084201551
"LYZL4",0.185893737657176
"SFMBT1",0.185989605088306
"C14orf142",0.186195983160735
"PNPO",0.186206164038736
"SHMT1",0.186209322188232
"RP11-112L7.1",0.186211750864283
"GSKIP",0.186247357166492
"DNAJB1",0.186255444398945
"SLC23A1",0.186313402177108
"DNAJA4",0.186327069240145
"TMEM120A",0.18650838947446
"PDE6C",0.18662190692205
"ZNF564",0.186677435823421
"RNF133",0.186681287696359
"PNISR",0.186697423984878
"NUDT22",0.186762018721245
"RP4-714D9.5",0.186813591382048
"ERCC3",0.186820486213539
"TLR7",0.186841867231378
"RP11-255A11.4",0.186890126828253
"STX6",0.186909146879056
"ADCY9",0.186971441562565
"KIF21A",0.187010268574875
"C9orf3",0.187014351775171
"SPRY1",0.187033188668275
"TGFBI",0.187086466050116
"LRRC43",0.187090122494382
"ZAR1",0.187159634198591
"YWHAEP7",0.187176706521029
"RASSF8-AS1",0.187191379911333
"LOC100507634",0.187197452763964
"SASS6",0.18722933334558
"ZNF560",0.187280006891181
"GPR144",0.187388641215707
"MTERF4",0.18749164186816
"C8orf33",0.187561849629167
"C22orf24",0.187589750425841
"RP11-255C15.3",0.187626821261217
"HTR3A",0.187639380727098
"LOC101928389",0.187790765727214
"B3GAT3",0.187907450407376
"ASH1L",0.187959053904436
"LRRC38",0.187988780984713
"BC010186",0.188026613535499
"P4HA1",0.18808467125759
"GAS2",0.188118952377692
"CDH5",0.18812705741124
"MEG3",0.188132934050432
"FARS2",0.188186820516383
"RNF10",0.18822949197388
"RP3-508D13.1",0.188269531834659
"ADARB2-AS1",0.188329823488399
"TAPBP",0.188351028831214
"TNFRSF4",0.188352045590562
"KRT34 /// LOC100653049",0.188362140024935
"TRPV2",0.188373062978399
"SPNS3",0.188466725083904
"C1orf174",0.188507697247774
"STAB1",0.188539249366591
"MRM1",0.188586080538256
"PUS7",0.188589550740874
"PTPRH",0.188601616083865
"TUBG1",0.188652881732601
"ATP2A3",0.188655262771706
"NOL9",0.188729270795558
"TNFSF13",0.188736178556595
"CMAS",0.188737312012981
"RLF",0.188745280412814
"PTGFRN",0.188795925636631
"NCBP2",0.188806437477152
"ZNF623",0.18884565544207
"NDUFA5",0.188851410770991
"TCP10L",0.188855995350153
"LINC01029",0.188979015046438
"FUZ",0.18899815914971
"VHL",0.189010724344881
"LOC285627",0.189084273738243
"GTPBP10 /// LOC101927446",0.189148151155329
"RABGGTA",0.18917335658713
"ZNF718",0.189190692257783
"CD3E",0.189241224562782
"SVIL",0.189292974514689
"GSPT2",0.189363333099599
"FPR1",0.189418970550344
"DYNLRB2",0.189448808025929
"LOC101929148",0.189467398717759
"LOC101559451",0.189536623152447
"MST1L",0.189631118724869
"TRAF3IP2",0.189756005520161
"TMCC1",0.189758638445247
"LINC00537",0.189768493390574
"CXXC4",0.189857880455248
"PI3",0.189967049790113
"FNDC1",0.190066772078155
"PDILT",0.190111152301957
"ZNF12",0.190113624334135
"RP11-546O6.4",0.190189854492187
"BTF3P11",0.190200833065382
"HIST1H4G",0.190219138929712
"TEKT1",0.19023811722073
"STAG3L3",0.190269527150069
"HPCAL1",0.190323226051378
"HNRNPH3",0.190358416297681
"HNRNPA1 /// HNRNPA1P10",0.190450170495227
"DPYD",0.190503213267237
"FLJ45513 /// TAC4",0.190601918293417
"GCHFR",0.190630496962496
"RP11-669I1.1",0.190717531917557
"TTTY4 /// TTTY4B /// TTTY4C",0.190784269716947
"TICRR",0.190796632213781
"PNPLA7",0.190897066379357
"DVL1",0.19092996740034
"UTP20",0.19098183749164
"CAPN12",0.190998988999123
"PCBP1-AS1",0.191038836234959
"IER3IP1",0.191094863988435
"C11orf94",0.191108895705216
"LOC100131262",0.191162424635653
"TBC1D10A",0.191174149156251
"METAP2",0.191218492920098
"ITPR2",0.191255538297735
"RAMP1",0.191314348643155
"MEST",0.191410158680487
"TUBA3C /// TUBA3D",0.191436686370977
"DNAJC15",0.191443302313287
"HS3ST5",0.191505831235239
"ZNF300",0.191531120635706
"WARS",0.191548367484108
"PRO2958",0.191730377807227
"GPR82",0.191751516207645
"UBAC2-AS1",0.191767170992045
"HSPBAP1",0.191776780780143
"GUSBP3 /// GUSBP9",0.191798633381189
"CRYGC",0.191845914007027
"DLST",0.191871891994393
"CYP2A7",0.19194247456601
"STARD9",0.192111008232335
"KRT75",0.192130111331059
"NPW",0.192174181958543
"RP5-1103G7.10",0.192229401753821
"ATXN3L",0.192291574673596
"CENPT",0.192298937455098
"SLC30A8",0.192338308048338
"LINC00624",0.192384968794656
"LOC100131510",0.192453105618533
"TAF4",0.192494656572292
"FNBP4",0.192593592181206
"LOC101927552",0.192621331497156
"DCLRE1A",0.192629419116162
"NME3",0.192639414088715
"EBF1",0.192667994460284
"PRPF8",0.192685687579523
"IL27RA",0.192700580710287
"SYNDIG1L",0.192743053800125
"RP1-118J21.25",0.192780119107249
"ANXA3",0.19280426026454
"RP11-21L23.2",0.192806640966763
"TNP1",0.192878046876336
"SF3B1",0.192996156777874
"RANBP6",0.192997538267747
"AQP8",0.193016083922301
"DNAH1",0.193033004574864
"LOC101928730",0.193053617978163
"AFAP1L1",0.193066611075922
"WDR34",0.193083375858179
"RPL35A",0.193115247687796
"IGHA1 /// IGHA2 /// IGHG1 /// IGHG3 /// IGHM /// IGHV3-23 /// IGHV4-31",0.193138675152431
"LINC00899",0.193180704305318
"ABCC1",0.193183928988676
"OR1E1 /// OR1E2",0.193192847864729
"NARS",0.193196823574178
"TTI2",0.193199072636659
"ATP8B1",0.193212589205635
"ARHGAP19",0.193233143885519
"KISS1",0.193283702329169
"IFI27L1",0.193349929271499
"OR4D1",0.193363001648892
"PSAP",0.193416255557896
"CACNA1E",0.193468777654043
"ARID3A",0.193472354245453
"C2CD4A",0.193476002995956
"NMT1",0.193489053050023
"KIAA2013",0.193570796524339
"LOC93622",0.193643725880974
"RP11-812E19.3 /// RP11-989E6.3 /// SLC6A10P /// SLC6A8",0.193651741507192
"TAOK2",0.193708071543898
"GABRP",0.193786126699999
"ARG2",0.193797352686113
"CTA-280A3__B.2",0.19396415945561
"APPL2",0.194021515379469
"CEBPB",0.194024506865851
"CASP8AP2",0.194038494835431
"TRAV20 /// TRAV20 /// TRAV20",0.194153037074793
"IL12RB2",0.194212816485181
"NTF3",0.194472239361453
"SOX3",0.194483031985265
"BBS4",0.194495820214334
"LOC102724021",0.194495970034264
"LOC100507530",0.194514025319909
"MBTD1",0.19458784225895
"SS18L1",0.194598357690538
"LOC285593",0.194601013664097
"FKBP3",0.194601986070109
"AAK1",0.194611602645734
"TLR2",0.194613995056085
"DSG2",0.194636085350228
"MRGPRF",0.194676746134208
"PCMT1",0.194730012835834
"SGTA",0.194837595025045
"LOC101929842 /// PGA3 /// PGA4 /// PGA5",0.194947275545443
"AK4 /// LOC100507855",0.194966284428387
"SERPINI2",0.194995642652629
"CNTNAP2",0.195037845346618
"NATD1",0.195067467055701
"DQ583205 /// LOC642533 /// ZNF778",0.195103256756812
"MTA3",0.195128656845016
"RP11-635N19.1",0.195154422518289
"DGKG",0.195162095914534
"CLSTN2-AS1",0.195168285375174
"VPS53",0.195219587831142
"OCM2",0.195252535747679
"RPS15",0.195293514113829
"NTSR1",0.19530394417289
"RP11-1217F2.1",0.195353867663377
"CARTPT",0.195393620332427
"LOC285191",0.195488201077081
"SKAP1",0.195502668916498
"MS4A12",0.195522178056194
"PATL2",0.195536094892984
"LOC284939 /// MAPK8IP2",0.195551092521725
"MAGEB1",0.195600951563517
"OBP2A",0.195656006457813
"DSE",0.195661195092624
"NAA60",0.195687108753601
"ABCB10",0.19572602629398
"INSM1",0.195727391638129
"BRMS1L",0.19579463405851
"LINC01115",0.195812872215385
"SIPA1",0.195870770871021
"TARSL2",0.196005803376794
"PSMB8-AS1",0.196085749351995
"WNT5B",0.196095370213389
"TPO",0.196184567266859
"LIMS1",0.196216757700861
"FAM178A",0.196234125783034
"FAM21A /// FAM21C /// LOC101930591",0.196254361671178
"BAIAP2-AS1",0.196268313159729
"PRPF38A",0.196294051603235
"LLPH",0.196364591053533
"RASA2",0.196410993081801
"CREB1",0.196435339071026
"RMDN2",0.19644260910126
"LIN28A",0.196470333061306
"EVA1B",0.196476188222617
"LAMP1",0.196597451777284
"EPB41L1",0.196598752679384
"LAMA1",0.196627754097587
"LOC101928589 /// TMEM164",0.19672193808169
"SLCO3A1",0.19675343203574
"AC000111.3",0.196853786364955
"COX6C",0.196877717413572
"MAGEC3",0.196952555305801
"KCNJ5",0.197124742741889
"C22orf42",0.197150063276993
"MAMDC2",0.197153149543617
"COX19",0.197198714653011
"PRSS3P3",0.197259153751845
"SH3BP5-AS1",0.197283626830154
"GDF5",0.197287117935135
"BRAT1",0.197356261512197
"KIAA1279",0.197438413411235
"IGLL3P",0.197496299798323
"VPS29",0.19752059521383
"GPM6A",0.1975260534073
"NUDT10",0.197555988149715
"MILR1",0.197592488976329
"PEG10",0.1975946842711
"FAM81B",0.197641790443853
"RRS1-AS1",0.197643163259447
"HECA",0.197704807472712
"DMRTC2",0.197827013581228
"FLT4",0.197844404924891
"RP11-54K16.2",0.197867759943588
"ADIPOQ",0.197896357355077
"TMEM245",0.197915887931254
"HHEX",0.197931159495815
"MAFB",0.197943674150477
"KIAA1644",0.197956457757012
"RYK",0.197987409077779
"GDF11",0.197997000784844
"HMHA1",0.198048810921463
"PHPT1",0.198049452290668
"SLC43A2",0.198132805375046
"ZNF385B",0.198157186320992
"TPT1P8",0.198184638705349
"MINOS1",0.198213359580127
"SORCS2",0.198217777591805
"AF090939",0.198287657446219
"SBF1",0.198323308577495
"ZNF675",0.19834525162765
"TMEM128",0.198416830897587
"COG1",0.198438615595748
"BMPR1B",0.198450186124052
"RP5-944M2.2",0.198492995781019
"NISCH",0.198545975122737
"LINC01089",0.198552810162993
"CHMP4C",0.198597771741826
"SRSF8",0.198654003131152
"DQ597730 /// LRRC37A2",0.198710959062128
"IGLC1",0.198742365664853
"PCOLCE2",0.198760698831556
"HS3ST3A1",0.198874401163079
"DCAKD",0.198875149002473
"SLC8B1",0.198880849965509
"LOC101929180",0.198906118997125
"IL1A",0.198924492356756
"USF1",0.199009720878063
"LRRC55",0.199037488561941
"TREML5P",0.19914733523095
"ZKSCAN8",0.199243378894942
"PQLC1",0.199277334672094
"ST7-AS1",0.199311424021224
"TYRP1",0.19938926359332
"LOC101929319",0.199400713241537
"MRPL13",0.199513154899695
"LINC00566",0.199516959119201
"LINC00454",0.19959078925781
"MTHFD2L",0.199597467492024
"TMEM239",0.199602472990878
"RP6-11O7.2 /// RPL7P52",0.199616551513371
"POLR1C",0.199716061629934
"ZNF593",0.199865430655345
"PCAT6",0.199917162777637
"AK022793 /// BC043213 /// CTB-175P5.4",0.200021489735185
"GRID1-AS1",0.200033602770785
"SLC44A5",0.200086552449328
"TPBG",0.200097315896783
"SMPD3",0.200185841398283
"KRT82",0.200238281279211
"ZBTB46",0.200266921205224
"GRB10",0.200416753347225
"AMIGO1",0.200429852463315
"DDIAS",0.200551802242947
"RP11-203B7.2",0.200630976884782
"DCAF8",0.200659537015197
"PKN3",0.200701150602827
"CADM1",0.200912934191784
"EVPL",0.200962584170221
"SAP30BP",0.200982722479476
"GAS2L1",0.200984255473893
"GAN",0.201025269595286
"MDFI",0.201124298824436
"SEMA4A",0.201141468115305
"TRIM36",0.201249174383218
"TMEM43",0.201250619794883
"ABCG5",0.201276918087525
"TMPO",0.201286729921898
"C6orf164",0.201342486944096
"CNTN2",0.201367671559918
"SLC39A10",0.201376357748368
"HIST1H1A",0.201385443160495
"LINC00485",0.201777026882411
"RNASEH1",0.201873391897036
"CCT6B",0.201926968969888
"CYTH3",0.201944729143292
"GABRB1",0.201956390010803
"ANKRD34C",0.201987085174755
"TDRD1",0.201996625090288
"SLC18A2",0.202005216390738
"WFIKKN2",0.20206550932581
"CBR1",0.202095468492683
"DNAJC30",0.202127602952703
"CNTFR",0.202178580872552
"DBT",0.202216535247804
"ANKEF1",0.202238576302648
"ABCB1",0.202330470474482
"IFNW1",0.202332661779949
"CEPT1",0.202378720106848
"PAX5",0.202393500374504
"ZW10",0.202439738531626
"LINC01180",0.202458920579735
"LRRC10B",0.202530504444859
"IL21",0.202532291909632
"LOC101927003",0.202533085457085
"ERP29",0.202609196037037
"ZNF599",0.202612626430378
"LOC100507443",0.202636208792641
"PPP5C",0.20269707438741
"ZFP90",0.2026998939334
"SPANXA1 /// SPANXA2",0.202730159684838
"CA6",0.202782259205073
"GUF1",0.202803095184306
"GJB3",0.202826781436282
"CAMK1D",0.202854509051474
"HIST1H2BC /// HIST1H2BE /// HIST1H2BF /// HIST1H2BG /// HIST1H2BI",0.202883368883442
"NUP35",0.202911984244318
"STK40",0.202949580188528
"ASAH2B",0.202983685903427
"RTP3",0.203001940294884
"BNIPL",0.203004507279247
"MARCH5",0.203018272374671
"LOC283045",0.203069446902363
"EML1",0.203282625363151
"REM2",0.203305046065079
"MAMDC4",0.203308119341545
"MYPOP",0.203387056927314
"RPS6KA2",0.203414989568708
"RP11-161D15.1",0.20342857386439
"STOML1",0.203451532041567
"PAN2",0.20362897960941
"PLXNB2",0.203635425010242
"EID3",0.203691346738193
"TMEM5",0.203792372617525
"MAP3K2",0.203807661936312
"FLNC",0.203813328430577
"TSTA3",0.203834789780091
"NCF2",0.203849094864242
"CASP8",0.203885284318826
"XYLB",0.203956318347401
"SPRR2B",0.203982092316241
"SPRY4-IT1",0.204085271346853
"THOC6",0.204135412234852
"AC112198.1",0.204140836154641
"S100A6",0.204141001751556
"KCNJ12 /// KCNJ18 /// LOC100996843",0.204167587253533
"YTHDF2",0.204213718949469
"PAX2",0.204283172030005
"REN",0.204305180780465
"C12orf29",0.20437677995968
"LOC100507311",0.204382890936706
"MEX3D",0.204407010336493
"STAT4",0.204426514650826
"ANKRD20A11P",0.204445212378182
"LIM2",0.204448516016102
"SMA4",0.204510156136141
"AJUBA",0.204561989197772
"RGS18",0.204572511879973
"EARS2",0.204598136549848
"SULT1C4",0.204626806050195
"EEF1A1",0.204642563881851
"LOC101928189 /// RSRP1",0.20465192424667
"CA3",0.204677388045978
"ACTR2",0.204681160411492
"TAL2",0.204758866111803
"CLSPN",0.204766697937369
"PSENEN",0.204790122801653
"PNKD",0.204794786832756
"RPL29",0.204906849618902
"DCAF12L2",0.204925257886386
"CTD-2313J17.5",0.204932867960908
"FIZ1",0.204963914186631
"KRTAP17-1",0.204977556126188
"LOC100507461",0.205039320344922
"MAPKAPK5-AS1",0.205078126525446
"NDUFC2 /// NDUFC2-KCTD14",0.205084740678593
"C5orf15",0.205090648619166
"LINC01282",0.205166022180803
"DNM3",0.205176524817448
"KCNH4",0.205244281410551
"FAM154B",0.205267238747209
"NUP133",0.205269200724506
"NCOA1",0.205327699239711
"FAM20B",0.205374202167442
"CDHR5",0.205381427737553
"SLC6A4",0.205407779915605
"LIMA1",0.20550313486866
"TTC6",0.205537365796172
"SLC22A31",0.205553394050604
"AP4B1",0.205629545222606
"ABCA3",0.205844086977952
"POM121 /// POM121C",0.205848756803267
"LINC00558",0.205908374967756
"RNF151",0.205961650523245
"LOC101929570",0.205974719251425
"MUC8",0.205991030551192
"CASC7",0.206048343661627
"KCNJ6",0.206061428900503
"OR2N1P /// OR2N1P",0.206062306530003
"EMC1",0.206097913680907
"DEPTOR",0.206111199621383
"LINC01425",0.206114725698055
"GRIN2B",0.206146757858047
"MCFD2",0.206207225832529
"TNKS2",0.20630173252595
"DLG2",0.206550260337961
"PRDM8",0.206557700831674
"LOC101929034",0.206599185222027
"COQ10A",0.206619424440901
"KMT2A /// LOC101929115",0.206682699992406
"TCTA",0.20677010422999
"BASP1",0.206849152012547
"LA16c-380H5.5",0.206909538742833
"KRT24",0.206964675658074
"FBXO10",0.206982526430303
"HYOU1",0.207009255728832
"SHROOM1",0.207010289715096
"U47924.27",0.207019060825622
"CTA-384D8.35",0.207031798504586
"SMARCA4",0.207134574217766
"MROH6",0.207194645347691
"RP6-91H8.2",0.207205869040374
"PTH",0.207244315991258
"TPR",0.207296286205244
"LOC100507560",0.207304957004985
"KANSL2",0.20745612578757
"FAT2",0.207470941898852
"AK8",0.207549962217049
"MDS2",0.207551293772531
"RBBP7",0.207570888139305
"SLC17A8",0.207578960515275
"BTF3L4",0.207596161343934
"PDS5B",0.207629782457822
"NT5DC3",0.207633165466903
"TEX15",0.207670863739553
"SPATA20",0.207675087418674
"POLE3",0.207680527329595
"EPCAM",0.207789997909877
"YPEL1",0.20785444295686
"TAF5L",0.207896990303289
"NREP",0.207898380574674
"CELP",0.208052932702445
"HCN1",0.208092485859652
"D2HGDH",0.208094956530976
"FLJ13744",0.208117673847527
"FBXO43",0.208125186364614
"C1orf85",0.208149258102193
"POFUT2",0.208152601074067
"LOC101927363",0.208244485752484
"PTGES2",0.208279443859409
"LHFPL3-AS2",0.208309113367346
"EXOSC5",0.208313859489116
"BC042029",0.20835008234407
"RP11-297L17.2",0.208367199548843
"FAM115C /// FAM115D /// LOC101928422",0.20842889930397
"C17orf82",0.20846994717648
"RP11-96H17.1",0.208528124263412
"KRT80",0.208625853300458
"RP11-373D23.2",0.208626160329898
"NKX2-1-AS1",0.208627536680455
"NOS1",0.208649451820715
"C1orf95",0.208674618882598
"ADAMTSL2",0.208708893333444
"CTXN1",0.208969549514066
"AGO3",0.208998664466027
"DTD2",0.209015920267082
"LOC254896 /// TNFRSF10C",0.209063777420468
"PPBPP2",0.209099186778289
"TSPAN11",0.209195931846967
"SYNRG",0.209233553295049
"LOC100505824",0.209237076039835
"PKN2",0.209257267471414
"FAM129B",0.209273038720379
"PP13",0.209278960084606
"LOC283435",0.209306339335373
"NDUFS4",0.209397110839944
"MFF",0.209494791456683
"PNPLA4",0.209500435124229
"RAB8B",0.209519941724037
"TMPRSS15",0.209577274249705
"RP11-456H18.2",0.209619246089105
"CLDN18",0.209626292192102
"LOC101929087 /// SUMO2 /// SUMO3",0.209665003936669
"HARBI1",0.209668745857617
"GOLGA2P7 /// LOC101929479 /// LOC642423 /// LOC727751 /// LOC80154",0.209716081426314
"BC022892",0.209731119704594
"AGPAT5",0.209807940615238
"SHISA5",0.209823510101535
"RNF212",0.209913524636474
"IGH /// IGHA1 /// IGHA2 /// IGHG1 /// IGHG2 /// IGHG3 /// IGHM /// IGHV4-31 /// LOC102725526",0.209951465185623
"NUS1P3",0.20997617431337
"RP11-121C2.2",0.210016766551722
"SEMA4B",0.21009813787935
"KIAA1147",0.210198708121539
"CALM1 /// CALM2 /// CALM3",0.210221520770661
"LOC100130111",0.210243106570307
"PARK7",0.210261504436673
"ALG10",0.210265793409487
"FLJ23867 /// QSOX1",0.210298077215938
"PRR24",0.210373396901462
"PRSS35",0.210382857870023
"EMC6",0.210386438175008
"C6orf147 /// KHDC1",0.210433563896694
"STOML2",0.210465815746715
"LOC101927377",0.210471897141469
"LOC100128079",0.210490495605033
"ZNF443",0.210529742912672
"LINC01181",0.210546344648245
"SORBS2",0.21066697690548
"TP53I3",0.210768881428414
"TSPAN9",0.210823723463922
"SALL1",0.210849613019417
"C14orf1",0.210877892954645
"HK3",0.210888176130125
"MON1A",0.210912644497766
"TCEA1",0.210922888556375
"TIMM10B",0.210924924850259
"ALS2",0.210940225884366
"ZNF491",0.210951995225937
"TMEM183A /// TMEM183B",0.21100661861486
"GPC1",0.211052938832952
"GALNT14",0.211065895243746
"CA4",0.211067999894111
"LOC101927843",0.211147317809916
"LOC101929512",0.211161508764651
"STARD3",0.21117248863161
"SCARNA17",0.211246820903749
"USP32",0.211287977248563
"ACTBP9 /// ACTBP9",0.211353103125266
"DIAPH2-AS1",0.211405385239227
"MYOZ1",0.211432711643971
"LOC100506885",0.211629157350612
"SLC35A2",0.211640921535303
"GALNT5",0.211704752440783
"MAPK12",0.211767744915735
"CYP7B1",0.211774782367049
"GBP4",0.211783862966113
"LOC101929752",0.211857003180622
"EDN1",0.212018909306424
"MON1B",0.212098794615854
"PRKCQ",0.212114532656051
"FUCA2",0.212114837106809
"FAM71D",0.212148968031885
"LINC00574",0.212162668957988
"PER3",0.21220424806323
"HIP1",0.212237078902046
"SLC25A24",0.21224663780617
"BC034456 /// RP11-229P13.25",0.212275048962536
"CDK1",0.212279606954285
"ZNF418",0.212352852894833
"PDE8A",0.212420432276875
"LOC101927150",0.212451080440331
"NDUFS3 /// PTPMT1",0.212476149381412
"HMGN5",0.21255247127526
"CASC17",0.212619132860577
"PDGFA",0.21271405380989
"XXbac-B476C20.9",0.212767244482651
"EIF4E3",0.212884032071198
"LOC253044",0.212888309075229
"DES",0.212903003709985
"TTC3 /// TTC3P1",0.212921528333393
"RP11-109M19.1",0.212973156705168
"NTRK3",0.213023550192692
"HSD17B6",0.213046092159883
"ZBTB24",0.213048952646013
"NIT2",0.213230632872393
"OVOL2",0.21325537707156
"LINC00565",0.213266326555431
"NAV2-IT1",0.213285392002131
"LOC100240728",0.21331680257984
"DNM1P41",0.21345047730815
"EIF3J-AS1",0.213481142092505
"GSTT1",0.213523833301901
"ERI3",0.213540949179821
"BCKDHA",0.213568898689868
"MOCS3",0.213579485486926
"RASSF9",0.213626696048616
"RHOV",0.2136281308851
"OTUD1",0.213683271326419
"LOC101928525",0.213727857883828
"SIRT7",0.213727929345749
"WBP5",0.21372905327534
"GABARAPL3",0.213739211792455
"NKD1",0.213760990344502
"LINC00560",0.213832406958652
"RP5-1065J22.8",0.213894889023162
"TRIM28",0.213936981160847
"HK2",0.213942342123617
"DUSP2",0.214017133531517
"CCDC85A",0.214062447739018
"BC036308 /// RP1-117O3.2",0.214071091157841
"COA1",0.214083505303448
"C9orf116",0.214094529577559
"GABRD",0.214098447036367
"GPR135",0.21410438046082
"CCDC77",0.214118180919967
"MIR4691 /// MIR7113 /// NDUFS8",0.214120652506252
"RIPK4",0.214170309423759
"AMER1",0.214174498466464
"TARDBP",0.214226910327157
"PPP1R14C",0.214282955338941
"FLJ32255",0.214294105639764
"SAMD8",0.214312660305331
"GABRE /// MIR224 /// MIR452",0.214385406432355
"GLUL",0.214504159280883
"BC040898 /// RP11-244K5.6",0.214555377944211
"TYSND1",0.214564302724663
"DEAF1",0.214598411149942
"LOC100289094",0.21468806385721
"FSBP /// RAD54B",0.214695816233769
"CYLC1",0.214726492026438
"CYTH2",0.214740789054655
"PWWP2B",0.214759176155232
"FAS-AS1",0.21483759795879
"CCDC15",0.214843434535702
"DPH2",0.214907046378424
"LPPR3",0.214956258298912
"HDAC10",0.214991110947593
"HSF2",0.21514654229395
"FAH",0.215162912380057
"DTNBP1",0.215164867065596
"ZNF461",0.215172394768188
"PEAK1",0.215194971270326
"AMBP",0.21523592602746
"HSD17B11",0.215269539349656
"SLC38A3",0.215277794376364
"IFIH1",0.215293211542636
"POLDIP3 /// RRP7B",0.215305276041929
"PPP1R1C",0.215390827756911
"TOR3A",0.215457686360721
"GNPTAB",0.21547374960561
"LOC100131532",0.215484967379482
"OR1J2",0.215583979347584
"DSC2",0.215729560441985
"SLC35A3",0.215874977742047
"HSPA9",0.215993862102164
"LHX6",0.216013268460408
"UBE2K",0.216029628132088
"MERTK",0.216129267900389
"POLR3D",0.216164876455902
"HCFC1",0.216178680209292
"NCR3",0.216200156791533
"ATP2A2",0.21626316315725
"C4orf27",0.216278982584691
"RAB1A",0.216317330056447
"UTP6",0.216383743096961
"SBK1",0.216475203740805
"A4GNT",0.216481027668651
"LINC00937",0.216482009618768
"CPXM1",0.216537422528686
"FAM178B",0.216604661549997
"RP11-503C24.6",0.216610560017488
"RNF217",0.216662218305198
"NXPE4",0.21666263546361
"MLLT1",0.21668163425212
"LGALS3BP",0.216697964343164
"FAM229A",0.216722610702712
"BC043227",0.216777936090476
"TBX4",0.216794075423038
"RP1-155D22.1",0.216818430159215
"SEMA6C",0.216888944611456
"RHD",0.216929590308856
"ATPAF1",0.21692978650944
"TSPAN17",0.216955178674374
"C2orf69",0.216998714607133
"MTMR9LP",0.217030195024063
"LINS",0.217050144167527
"LOC100131180",0.217101280021298
"ESRRG",0.21714318485481
"RHBDL1",0.217182748758441
"LRRC19",0.217280172014331
"MIRLET7D",0.217299085409709
"PTPRO",0.217354013868394
"GPR39",0.217385115595273
"PLA2G4F",0.217390259682908
"FEZ2",0.217474169182429
"C21orf37",0.21748382656455
"TCAIM",0.217522353246297
"LOC400748",0.217535698897132
"TUBB2A /// TUBB2B",0.217660958219796
"RP11-499E18.1",0.217679198788859
"MUTYH",0.217980417531655
"LOC389641",0.218108122371983
"TOP1P2",0.218198894278748
"TNK1",0.218221548295234
"FOSL1",0.218222628099127
"PRRX1",0.218237344355403
"EPHB1",0.21826782298134
"FAM50A",0.218269925362273
"STAU1",0.218305178397771
"SLC46A1",0.218327227170999
"TMEM194A",0.21853547121968
"NDUFAF5",0.218546023055043
"ING5",0.218569536299697
"HMG20B",0.218601958827494
"KLF4",0.21860494098278
"FOXS1",0.218626940257151
"ZC3H14",0.218628176571669
"LBH",0.21868538819176
"NBPF1",0.218718426436769
"NR2C1",0.218727910369658
"LOC286161",0.2187575150863
"ACP6",0.218913227128003
"PFKM",0.218919378389479
"NTS",0.21897215395059
"MTA2",0.219017696401913
"LINC00167",0.219068706219083
"ARHGDIA",0.219090181416651
"FBXL22",0.219104846168784
"LOC101928111",0.219141341121413
"GLCCI1",0.219149975504327
"ARMCX1",0.219211328816879
"NBPF10 /// NBPF11 /// NBPF14 /// NBPF15 /// NBPF19 /// NBPF20 /// NBPF25P /// NBPF26 /// NBPF8 /// NBPF9",0.219261965545465
"GPAT2",0.2193376353865
"ZNF653",0.219376975719891
"LINC00870",0.219386320249054
"GPR17",0.219397109579271
"HDDC2",0.219485367253934
"FLJ11710",0.219509451618868
"OR8B8",0.219532508036146
"NCAPG",0.219619727039927
"ZNF514",0.219637833345456
"TMEM41B",0.219652880365911
"SLU7",0.21966423726283
"RP11-111M22.3",0.219672028715619
"LOC101927021",0.21970602020432
"RAD54B",0.219769373582383
"EHMT1-IT1",0.219783460352585
"LINC00202-2",0.219853026021266
"LINC00226",0.21988679176975
"DUX1 /// DUX3 /// DUX5",0.21990149243382
"ZFAND4",0.219916116728459
"TKT",0.219932511498783
"SNAPC2",0.219997777888939
"DCT",0.22003502467066
"FOXK1",0.220050765755234
"RP3-507I15.2",0.220081944922524
"LOC101927086",0.220089249854268
"LOC102724938",0.220145688793255
"CEP192",0.22017449471875
"LOC285628 /// MIR146A",0.220387943855405
"ABCA12",0.220395109579325
"GPR115",0.220486369179961
"LINC00896",0.220610992506345
"CAPN9",0.220619386329638
"OVOL1-AS1",0.220649033865433
"C6orf1",0.220666088905748
"ALAD",0.220773363717601
"LOC338963",0.220793169449465
"MAGIX",0.220877158597315
"SPSB1",0.22092211479883
"LOC729866",0.220958599586322
"DMRT2",0.221003248612233
"ZNF195",0.221021973485629
"BC048982 /// RP11-1102P16.1",0.22103033686388
"RP11-744D14.2",0.221071150472561
"ANAPC5",0.221109049022078
"RP11-502N13.2",0.221125047438974
"FRMD1",0.221141571655372
"KB-431C1.4",0.22116068301213
"UBE2V2P3 /// UBE2V2P3",0.221336092565652
"C16orf59",0.221435047013215
"TTTY10",0.221519267126086
"CCT5",0.22152507044051
"SLC28A1",0.221543778527264
"PENK",0.221554981977283
"GS1-164F24.1",0.22162606332576
"ZNF212",0.221657564033368
"ADRA1B",0.221687419789028
"LOC100505664",0.221704403255334
"CTC-444N24.11",0.221769374331387
"RTP1",0.221794690812012
"RNU86 /// RPL3 /// SNORD83B",0.221819003842774
"UGT8",0.221903692167285
"DGCR14 /// TSSK2",0.222084823491965
"CCDC13",0.222240166689024
"PLEKHO1",0.222273830400341
"TMEM63C",0.222322154994029
"GTF2I",0.222356281129145
"RP11-410C4.5",0.222415452871799
"OPN3",0.222450238848872
"DMRTB1",0.22245511879323
"C1orf53",0.222458584249038
"ARL4D",0.22246397934997
"QTRTD1",0.222490829957623
"C4orf22",0.222535077134616
"HPGD",0.222591725781252
"TRPV6",0.222612979083443
"ZBTB14",0.22262917169941
"LOC101929740 /// ZNF37A",0.222745264440228
"ROGDI",0.222750888381903
"PXK",0.222797212130016
"MATR3",0.222836364269348
"KAL1",0.222848168981741
"ACSM1",0.222922848840957
"WDR93",0.222946478871797
"ABHD15",0.222950766860418
"ERRFI1",0.223031111133011
"SLC35E3",0.223042049069978
"NPHP3-AS1",0.223059861795989
"RPL3",0.223109873397297
"DQ592442",0.22312015878331
"LOC102723932",0.223140719693293
"CGN",0.223144983425191
"TP53INP2",0.223162876942646
"SLC8A1-AS1",0.223204003959927
"INVS",0.223207098519731
"RP5-1039K5.16",0.223241461433414
"LOC100289283",0.223260268481186
"B3GALT2",0.223265575228436
"LOC101929717",0.223308443734122
"PHACTR1",0.22332709356991
"FAM228B",0.223355383803464
"RP11-769O8.3",0.223390366871205
"LOC101929926",0.223396637861992
"LRRC6",0.223408660259
"NAALADL2-AS3",0.223448502568007
"RBM34",0.223467450709765
"ZNF652",0.223482567325666
"PTPN1",0.223539404041705
"ABHD8",0.223695306242728
"MSMO1",0.22369953255168
"RASIP1",0.223770628986908
"CHEK1",0.223779914347007
"C6orf165",0.223806239441458
"FAM98B",0.223827679694043
"ZNF621",0.223858375535878
"MTG1",0.223885865613213
"CTD-2302E22.4",0.223910699228348
"C1orf226",0.223930459015198
"MYO7A",0.223938920252107
"SUSD3",0.223983757462202
"AADACP1",0.22399474355705
"LOC100128922",0.224069945666772
"LOC100132735",0.224138231091586
"ASB16",0.224177393357552
"XPO1",0.224195824909932
"KLHL28",0.224197145017921
"BC032916 /// RP11-400D2.2",0.224217810045624
"NOVA1",0.224224980279819
"LOC100129406",0.224272516444385
"NTRK1",0.224369904121596
"PPP2R2C",0.224373666879093
"KIAA0368",0.224401475614892
"NACAD",0.224482652296713
"KIAA0226",0.224490210354903
"TDRKH",0.224500898931165
"KCNJ9",0.224515106136961
"RP11-1114A5.4",0.224525882296227
"LOC286382",0.224623606453213
"ZNRD1-AS1",0.224649573111265
"LRRC37A2 /// LRRC37A4P",0.224664479741349
"MAP3K7",0.224678553993959
"TMX3",0.224682394581168
"PAPPA2",0.224715671647835
"AC078842.4 /// AK094915",0.224733324901613
"THNSL2",0.224735815700298
"OXT",0.224788622720883
"RP11-560A15.4",0.224818677425523
"WDR25",0.224907423649633
"FKSG29",0.224912207430635
"MFAP5",0.224915438256551
"HHATL",0.224965054802051
"BACH1 /// GRIK1-AS2 /// LINC00189",0.225004874543926
"TAOK3",0.225020417266488
"OR7E19P",0.225143822503383
"CFDP1 /// LOC101928178",0.22519958497194
"LY96",0.225214380546773
"CIC",0.225214792131504
"CYP2W1",0.225218439770059
"UNC79",0.225325321370164
"TNFRSF13B",0.225404335969586
"C3orf43",0.225513533380868
"LOC100506639",0.225514915348723
"DKFZP586I1420",0.225588257695268
"SPRR2G",0.225588532417466
"LOC101927815",0.225590659074451
"SRMP1 /// SRMP1",0.225592294532
"KALRN",0.225631942862198
"TCRA /// TCRA /// TRAV10 /// TRAV10 /// YME1L1",0.225648412664591
"TTI1",0.225724135766466
"DPCD",0.225755404312302
"MACROD2-AS1",0.22583249096301
"RP11-158G18.1",0.22587174340596
"PDE4B",0.22588978593561
"LOC101928000",0.225955200378376
"SLN",0.225984544911969
"KRT71",0.226039509076309
"KRT25",0.22607707864244
"ZNF736",0.226090259887552
"CCNG2",0.226118908573992
"SEPSECS",0.226122788869964
"LOC101928789 /// SP140",0.226160508266243
"BEST1",0.226166050215147
"BCL2A1",0.226202188846115
"TCTN1",0.226247121081184
"PRO1804",0.226275509387173
"DKK2",0.226326938507723
"DDX27 /// SS18",0.226332973544095
"TCERG1L",0.226346469455431
"KLC2",0.226358738321837
"RPA1",0.226394186338575
"LOC100506374",0.226590706452966
"LOC100507577 /// LONP2",0.226597559156492
"DLEU2",0.226664008272427
"HSPB1",0.226702980703645
"LOC101929864 /// SLX1A /// SLX1B",0.226779985787998
"POLR1A",0.226898151694147
"COQ5",0.226945331844028
"ITM2A",0.226966522160491
"KIF13A",0.227011958088627
"HOXC13",0.227087894662944
"IGFBP5",0.227111272118201
"RPP40",0.227171307933185
"PIWIL2",0.227180082361645
"ACAP2",0.227195908277409
"RP11-24D15.1",0.227256643883839
"LOC100288152",0.22732811353266
"RP11-474D1.2",0.227396697675902
"IGSF11-AS1",0.227440744571457
"C16orf3",0.22746727100866
"NRF1",0.227550613667747
"CCL4",0.227595399272108
"CD8B /// LOC100996919",0.227608031282343
"ETS1",0.227713730735825
"SGCG",0.227754266896425
"AC010524.4",0.227776740188602
"ZCCHC14",0.227826363824338
"GNS",0.227850849931831
"RP1-223E5.4 /// SIRT5",0.22785092039124
"FYN",0.2279259554484
"TSPEAR",0.227936171486255
"LOC388942",0.227958888922257
"AP2M1",0.227961489631677
"JAKMIP2-AS1",0.227987525502897
"LOC729307",0.228012841975398
"PAPD7",0.228024101148305
"CD55",0.22802748219126
"OR1E3 /// OR1E3",0.228035962030637
"ZNF385C",0.228164612521893
"MAP1LC3B2",0.228223086513433
"MSH5-SAPCD1 /// SAPCD1",0.228289128960733
"ANGPTL3",0.228406134067317
"RRN3P3",0.228499076197801
"XBP1",0.228513361653919
"SERPINB5",0.228532062345094
"HPCA",0.228658768639654
"NUS1 /// NUS1P3",0.228675569630286
"AK025288",0.228679534738017
"ZBTB41",0.228717238207546
"MED25 /// MIR6800",0.228751950657972
"LOC101928314",0.228797287983679
"OVOL1",0.228889301039699
"NBAS",0.229000487185241
"AK054708 /// RP11-547D24.1",0.229066054295248
"TBCAP2 /// TBCAP2",0.22916422201161
"MICALCL",0.229183484328889
"OTOGL",0.229192440365681
"EIF3D",0.22919353901142
"CYP27A1",0.229335082175994
"ZCRB1",0.229421816120395
"SUGT1P3",0.229484941644702
"SNRPA1",0.229494545440314
"RP11-102L12.2",0.229676076072842
"RBM12B-AS1",0.229896115618864
"LIF",0.229898834950807
"FBXL19",0.229904597639313
"DTL",0.229936570446489
"VLDLR",0.229938821096241
"LACC1",0.229952220025936
"LINC00950",0.230002670431782
"LOC100127886",0.230067308320358
"ORMDL3",0.23012780047572
"HAVCR1",0.230193256830703
"EIF4G3",0.23020323093809
"AJ606316 /// LOC644135",0.230215868723128
"SNTA1",0.230256261481385
"RP11-295G20.2",0.230319495210309
"DCK",0.230399856121156
"TRAPPC2L",0.230414076859366
"CT55",0.230499726510781
"KIFC2",0.230510844691481
"AVPI1",0.230527681783418
"HPSE2",0.230550178839886
"TPGS2",0.230556540809563
"C1orf216",0.230586210300261
"P4HTM",0.230607808127942
"APOBEC1",0.230662325748115
"KIAA2022",0.230667171362634
"FBXL21",0.23072358937368
"CELSR3-AS1",0.230751663047423
"ASH2L",0.230777658935282
"PRRC2C",0.230800660972075
"SORBS3",0.23089589413193
"C6orf57",0.230976765867451
"ATAT1",0.231000631849606
"C14orf182",0.231043993273868
"MIR133A1HG",0.231084299670801
"SNHG19",0.231181257739627
"LPAR3",0.231207332520363
"HAUS5",0.231259564281597
"FIGLA",0.231307360830582
"NFYC-AS1",0.231316315653568
"RP11-349E4.1",0.231328031910474
"SLC28A3",0.231353783551469
"ABCG4",0.231390019400878
"CD5L",0.23151508449035
"PPP1R16A",0.231669333328536
"C9orf50",0.23168116334289
"GUSBP2",0.231741382418665
"TTN-AS1",0.23179753049246
"WDR48",0.231824602593223
"TSNARE1",0.231870088865885
"ADAM17",0.231940143024101
"SCN8A",0.231987708982863
"PRO2949",0.232027493505348
"SPTSSA",0.23205249432103
"DTX3L",0.232082591949228
"TRMT112",0.232084687827883
"PITPNA",0.232120084717934
"CLIC3",0.232136835860957
"VPS11",0.232146156145411
"SMYD5",0.232159108672987
"ZMYM3",0.232170886838589
"ZNF808",0.232203334052755
"C8orf74",0.232233472123066
"RRAGA",0.23226680181788
"TMEM35",0.232293214172454
"IRAK3",0.232299751073567
"ADAM15",0.232329373507984
"SMIM4",0.232361988342422
"COX7A2",0.232492488978949
"GAGE1 /// GAGE12B /// GAGE12C /// GAGE12D /// GAGE12E /// GAGE12F /// GAGE12G /// GAGE12H /// GAGE12I /// GAGE12J /// GAGE13 /// GAGE2D /// GAGE4 /// GAGE5 /// GAGE6 /// GAGE7",0.232539832754793
"RP11-803D5.4",0.232550983442768
"DDX41",0.232551856617347
"DPP3",0.232681519164005
"C7orf73 /// LOC101930655 /// SLC13A4",0.232692326881179
"TMPRSS13",0.232740451603743
"ZNF160",0.232740518029223
"NDST3",0.232747509969246
"BAK1",0.232783972593853
"AX746670 /// RP11-171I2.2 /// TTN",0.232791324533053
"CALCR",0.232900446537598
"RRN3",0.232973582752004
"RNF135",0.233047105898605
"PRPF40B",0.233113519876336
"CDY1 /// CDY1B /// CDY2A /// CDY2B",0.233229193767683
"ALKBH6",0.233242553800362
"MLST8",0.233282158298417
"C1QTNF9B-AS1",0.233282395988911
"HINT3",0.233339903465031
"RP5-930J4.4",0.23335042059534
"BC042825 /// RP1-179N16.6",0.233356155380175
"LOC101929631",0.233391134841493
"CACNA1A /// LOC100507353",0.233433836676446
"PALMD",0.233442055886012
"DALRD3",0.233533262633773
"SSSCA1",0.23364656273657
"GOLGA8CP /// GOLGA8DP /// GOLGA8EP /// GOLGA8F /// GOLGA8G",0.233692681891173
"CSNK1G2",0.233708330192833
"ADD3-AS1",0.233711093983821
"MGC12488",0.233741869748462
"NUDT6",0.23380414094207
"C12orf43",0.233858651192977
"CDK4",0.233878259166796
"DACT2",0.233888084023757
"NPR1",0.233930675360856
"UBC",0.233988840676338
"ABCA6",0.23399380765263
"SLC7A8",0.23401147199682
"AX746699",0.234014527010808
"HPN",0.234129304622968
"SLC16A9",0.234212939372341
"KCNIP2",0.234287382443167
"TSN",0.23430707185858
"PRMT6",0.234392381081272
"RP1-178F10.1",0.234431947846328
"SSX2 /// SSX2B",0.234459774001314
"USP2-AS1",0.234481634729818
"OLFML1",0.234551491551146
"LINC00919",0.234556365253225
"CCDC167",0.234558615089036
"DAB2IP",0.234641151601389
"SPATA3-AS1",0.234701108136703
"TP53BP1",0.234705820590149
"HAUS4 /// MIR4707",0.234742689560216
"MCMBP",0.234764638508669
"LINC00315",0.234778664037134
"LOC101928917",0.234786189187827
"MNX1",0.234866152424
"UGGT1",0.23491391323252
"RUNX3",0.234916882658508
"AC005256.1",0.234938790458705
"PSMA8",0.235100753386412
"CACTIN",0.235120769249457
"H3F3A",0.235262800629467
"DUSP5P1",0.235294999503301
"CASP2",0.23532588963902
"TLK1",0.235329594945145
"RCOR2",0.235345214473198
"SLC43A3",0.235352185390471
"PBXIP1",0.235396794862586
"TMEM40",0.235402102677602
"CD81",0.235405404615579
"KRTAP9-3",0.235492134898214
"ERI1",0.235527457779062
"LOC101926951 /// PCDH20",0.235643846779303
"STMN1",0.235711507965522
"LSG1",0.235746925643373
"GS1-24F4.2",0.235756206143966
"C15orf41",0.235959117653403
"CCDC22",0.236007651265033
"NDFIP2",0.236010172896655
"LDLR",0.236013719025425
"BC069804 /// SMAD1",0.236044399741297
"NMBR",0.236092179583446
"CLN5",0.236093990589588
"NMUR1",0.236159913647076
"RAB43",0.236175181369152
"THOC5",0.236186017277655
"CARM1",0.236254572012188
"SNRPD1",0.236289631194977
"NME7",0.236294399274262
"FAM151A",0.236300123533458
"TMEM140",0.236320597360077
"PIP5K1A",0.236333803612691
"NCKAP1",0.236351867446816
"RAPGEFL1",0.236355917439945
"FAM89A /// MIR1182",0.236460958120543
"LRIF1",0.236501525424506
"ELFN2",0.236535467655728
"DEFB4A /// DEFB4B",0.236581908985329
"GGT7",0.236637553325422
"FKBP6",0.236647883472029
"MYRIP",0.236730318360799
"PIH1D3",0.236775573584712
"MESP2",0.236785914083853
"LOC100505609",0.236808465787839
"LOC101929552",0.23684664299157
"LOC400891",0.236871633994377
"PPAPDC1B",0.236876421659414
"LINC01272",0.236959206744504
"C9orf9",0.237083063812021
"NDUFB3",0.237126031986887
"NEFH",0.237164709503647
"PRSS22",0.237212455525454
"SPACA4",0.237300423839357
"TRIM55",0.237332745500501
"EFHC2",0.23734131539566
"LOC101927396",0.237366381985412
"TXNDC11",0.237394185367881
"LINC01186",0.237406754447854
"ZPBP2",0.237419953587124
"ZNF778",0.237428099592666
"SDC2",0.237631565817443
"EVI2A",0.237631581614677
"FLRT1",0.23764779737634
"AK055055 /// RP11-752D24.2",0.237773127889387
"SPIN2A /// SPIN2B",0.237777660465682
"DPY19L1",0.237796714210405
"ZFP62",0.23780079758699
"GJB4",0.237806421242329
"LOC101805491 /// TMEM247",0.23781613544876
"ATP13A4",0.23782871506616
"APOL4",0.237847348241116
"MSX2",0.237862615233014
"TXNDC16",0.237891918271019
"DOLPP1",0.237927638642928
"TANGO2",0.237974264632809
"CLSTN1",0.237993206758122
"MPG",0.238022486109493
"C22orf31",0.238043802464737
"AMOTL2",0.238074417661504
"LOC101927411",0.238098821640725
"SNORD116-17 /// SNORD116-19 /// SNORD116-20 /// SNORD116-21 /// SNORD116@",0.238147277746938
"RP5-1092A3.4",0.238171657189977
"NMB",0.238175565814531
"OR13C4",0.238207092490361
"RP11-29P20.1",0.238229896101418
"CCL18",0.23831960244938
"PDZRN3",0.238323212839305
"AGRN",0.238399235449155
"CAMKK2",0.238409679788875
"ADAM23",0.238432042069482
"RP11-399O19.9",0.238466679772001
"LINC00887",0.238495064205673
"AP001063.1",0.238568237499243
"BAIAP2L2",0.238609289222029
"SNORA43",0.238720682886355
"RP11-873E20.1",0.238723354817654
"GLB1 /// TMPPE",0.2387235339388
"RP1-130G2.1",0.238754146497867
"DISP1",0.238771325015196
"OR6B1",0.238964440619813
"FAM71F2",0.238966277768005
"BC039485 /// LOC284930",0.239112264296673
"APBB1",0.239160756622448
"LOC339593",0.239181386182771
"TRPM6",0.23926018724152
"PNKP",0.239264682576319
"BOK",0.239417564471951
"PLA2G2D",0.239547088018107
"TMPRSS3",0.239613031582915
"CES3",0.239681317216586
"LOC101927273",0.2397340022122
"PCDHAC2",0.239752145584463
"MORC3",0.239760931261876
"KERA",0.239829077071107
"CEACAM3",0.239891632230451
"B3GNT8",0.239906628403975
"LOC102724511",0.239998088871207
"CSF1R",0.240017847642106
"FECH",0.240081057693837
"BCOR",0.240082081745942
"SLC37A3",0.240139311128606
"ADAD1",0.240145452448958
"EOGT",0.240214500763836
"LPAL2",0.240214862933298
"RP13-379O24.2",0.240307746234298
"SH2B2",0.240425993588784
"ATP1A2",0.240432251564819
"MCF2",0.240448582526631
"TAF1D",0.240450557466741
"MBNL1",0.240493571874548
"ALG3",0.240505368094003
"PSKH1",0.24051681417575
"CHCHD7",0.24051956203068
"NLRC3",0.24056952862333
"LOC101927123",0.240668227219419
"GALR2",0.240691988876944
"IL6",0.240756935825495
"GRHL3",0.240765172678474
"EED",0.240791647690245
"ZNF785",0.240799863086719
"SUN3",0.240868250132614
"LOC101928002",0.240909849637586
"USP37",0.240931622512128
"LOC654841",0.240963499404659
"CYGB",0.240967141865244
"MALRD1",0.240977715697738
"RHOBTB1",0.240990182882174
"CSTA",0.24100850603327
"ERMP1",0.241047030938632
"COL9A2",0.241059110643123
"ASAP1-IT1",0.241236991342752
"IL1RN",0.241256654485261
"PYCARD",0.241258525978541
"DLEU7-AS1",0.241265413430092
"LTB4R",0.241308043335233
"HBM",0.241427519097019
"LOC101929787",0.241490843710032
"CSRNP3",0.241528822876731
"CHIT1",0.241528918196
"ATP5G2",0.241535230045641
"MAFG",0.241543677585706
"LOC101929109",0.241575684580384
"RP11-550I24.2",0.241602258203697
"DLL4",0.241641301100917
"PCCA",0.241654886395037
"BLOC1S1-RDH5 /// RDH5",0.24168259657915
"DMWD",0.241765224450494
"RP11-315F22.1",0.241839645472936
"PTPRE",0.241862139694079
"U91328.2",0.24188403193327
"KCNJ16",0.241898857694479
"PRDX3",0.242120234900445
"NXPH4",0.24214579001584
"PSG5",0.242177921710576
"SLC22A2",0.242179587064442
"SNX33",0.242188323850952
"LOC284513",0.242202444986963
"TMEM131",0.242218799840825
"FOXO4",0.242389028359988
"FAM87A /// FAM87B",0.242395463194368
"S100A1",0.242397349593562
"RP1-286D6.5",0.242398503394403
"WRN",0.242512394053113
"DNAJB2",0.24271122299589
"HRCT1",0.242834243129466
"ANKRD36",0.242872783767902
"TAS2R41",0.24287989517134
"DESI2",0.24294474008366
"PGBD5",0.242954718261664
"RBBP4",0.242975115992013
"CCAR1",0.243029423402804
"ULBP1",0.243226941488963
"TK2",0.243264258834752
"AZU1",0.243301877885002
"KCTD2",0.243306007470749
"NMT2",0.243353711771345
"PLIN5",0.243380624808968
"DAG1",0.243481576908182
"MICALL2",0.243505008460061
"BC032899 /// RP11-396C23.2",0.243532979499202
"NLGN2",0.243545887002814
"C17orf51",0.24354805449649
"SLC4A9",0.243569150486948
"FIRRE",0.24357555381358
"BOLA2",0.243576219450931
"LOC101927640",0.243579861367599
"HSPA12B",0.243610928871401
"GNAT3",0.243621664772824
"CYP3A7-CYP3AP1",0.243639839757372
"BEST4",0.243639941597821
"SMOC1",0.243640120407919
"PMEPA1",0.243684935987832
"LINC01233",0.243855721027025
"AMT",0.243937168363448
"FAM96A",0.244028115055078
"PARP12",0.244063679073229
"PKNOX2",0.244087698439256
"TEK",0.244095125681276
"TNFAIP2",0.244104764331554
"BACE2",0.244240226532934
"PGS1",0.244301411033841
"ZNF177 /// ZNF559-ZNF177",0.244311315644283
"WNK3",0.244365662526193
"LOC101927534",0.244375106472108
"ZFHX3",0.244486977248795
"ITPA",0.244528854092324
"LCNL1",0.244579253624973
"MYH2",0.244702536063751
"IGHD /// IGHG1 /// IGHM",0.244758631052649
"SMARCE1P2 /// SMARCE1P2",0.244809500672663
"APOPT1",0.244916629342438
"KIAA1045",0.244947083889297
"SHROOM4",0.244991655804702
"UGT2B17",0.244992798270178
"ZNF483",0.245008074866959
"RNF144A-AS1",0.245027641317652
"DIAPH2",0.24505150038294
"CNR2",0.245063942757756
"SERPINC1",0.245084076754195
"CYP2U1",0.245152097093935
"C12orf79",0.245270223116371
"LINC00319",0.245275808196719
"NPC1L1",0.245282430473743
"MIR7-3HG",0.245290620712919
"YIPF5",0.245314109332866
"EIF2B2",0.245348995493389
"USP43",0.24553075299474
"DOPEY2",0.245535958036286
"LOC284454 /// MIR23A /// MIR24-2",0.245591941460968
"NXPH3",0.245643922875945
"PXDC1",0.245694764321536
"POLR2B",0.245719394020488
"TMEM253",0.24572785300918
"ELP5",0.245748776798668
"KIAA0319L",0.245764963692426
"BPIFA1",0.245887968692312
"CEACAM19",0.24589405940083
"CTDSPL",0.245942991446987
"LOC101927274",0.245955867482328
"ENOSF1",0.246147227896368
"INTS9",0.246201402667025
"ZBTB8B",0.246233391267828
"PSMA1",0.24623376138939
"BTN3A2 /// BTN3A3",0.246253206867491
"RP3-333B15.4",0.246318850219035
"G3BP1",0.246344463621055
"CLDN10",0.246350939546724
"FAM221B",0.246393720558752
"AUNIP",0.246426477170029
"WDR59",0.246463140217488
"GRIN2A",0.246498721487097
"HIST1H3C",0.246611163707398
"BAZ1B",0.246722484514552
"EMG1",0.246784999745077
"ASCL5",0.246809693320355
"DIP2A",0.246833682723035
"PCDHGA9",0.246864807594421
"GNRH2",0.247036243908323
"PSMG3",0.247057521802709
"SULT4A1",0.247065488450639
"ZNRD1",0.247072667313456
"NR3C1",0.247081846429092
"DOC2B",0.247103747655314
"CORT",0.247133426923641
"CPE",0.247142711288705
"KRTAP7-1",0.247156795543972
"RAD51D",0.247169282820052
"GANC",0.247199252627664
"C3orf36",0.247223351538932
"DNAJB9",0.247251259829823
"PF4V1",0.247293919140672
"LHX5",0.247312170766097
"LOC101927248",0.247323581435032
"DUX1",0.24732925278257
"FBXW5",0.247423885341837
"LOC101928140",0.247445290449415
"USP1",0.247465720182417
"DACT1",0.247516442824527
"ID2 /// ID2B",0.247647716556317
"LOC101929497",0.247657758905669
"C18orf49 /// ZCCHC2",0.24770061095853
"DOCK9-AS2",0.247735789124695
"NACC1",0.247805702133561
"ADIRF",0.247863997823191
"TRPC4",0.247894195980769
"AGPAT4-IT1",0.24807379888057
"DOK6",0.248113413179941
"ZMYND8",0.248178890402539
"DENR",0.248180248347495
"CLEC5A",0.248192754201282
"IKZF2",0.248194661278002
"ITGB2-AS1",0.248374327167017
"AGBL5",0.248401582315348
"CELSR2",0.248465029265203
"MAB21L2",0.248522607997417
"CREB5",0.248543044312407
"PCDH10",0.248544824429628
"IRX5",0.248558721915364
"TSPO",0.248563275069657
"MUS81",0.248570176519936
"C14orf80",0.248618669902341
"PCDH11X",0.248641487707997
"PIGT",0.248651164918392
"HECW2",0.248665039425872
"ATXN7L1",0.248670265717072
"SMYD3",0.248679241192484
"CD84",0.248687170702947
"ZNF830",0.248725175426715
"INHBE",0.248730603502744
"ARHGEF4 /// LOC101930241",0.248759348837431
"HMGN1",0.248804947005324
"LOC146513",0.248821050993065
"APLF",0.248823055442266
"LPPR5",0.248826780850861
"VWDE",0.248834653024768
"NCOA2",0.248863047252222
"RP11-677O4.2",0.248891575222916
"STAG3",0.248908177454735
"NINJ1",0.248910789150827
"HCG4B",0.248914375501257
"LIN7A",0.24892267881601
"S100B",0.248942966554894
"PPAP2B",0.248956891558518
"LOC101928435",0.249019850228889
"LOC101929597 /// TBCD",0.249020935972716
"LINC00599 /// MIR124-1",0.249036607951052
"GTF3A",0.249043129376262
"CABP5",0.249055825241524
"AC009502.4",0.249072498422314
"PSMD14",0.249075510461994
"GTPBP3",0.249095968564578
"ANKRD13D",0.249144095402497
"BPIFA4P",0.249149871335061
"PI4K2A",0.249164150799059
"TRAPPC2",0.249348176835567
"CCM2",0.249365620861576
"EPHA8",0.249377420516627
"MMP8",0.249410535378506
"LINC00555",0.249425162093804
"SERPINA7",0.249488421794568
"EXTL3",0.249488444315113
"LRRC36",0.249535776073712
"PDAP1",0.249548942760434
"TTTY8 /// TTTY8B",0.249597661344343
"IPP",0.249619750584256
"NOL3",0.249707477635532
"CTBP1-AS",0.24977383941867
"AMMECR1",0.249790846682492
"FBLN5",0.249909974274368
"ATAD3A",0.249983267929204
"SNTG2",0.250014839966483
"LEAP2",0.250043027728761
"RUVBL1",0.250132390565994
"DENND5B",0.250187488113036
"PTEN",0.250230900489479
"SHANK2",0.250293616556525
"TG",0.25029915648535
"TRAPPC1",0.250327934361505
"PCDHGA11 /// PCDHGC3",0.250352703649311
"GDA",0.250354448298812
"C9orf163",0.250376818469015
"SMIM3",0.250410905024329
"SLC12A9",0.250417397408083
"SENCR",0.250445966778092
"RP11-355F16.1",0.250535488449534
"PACS1",0.250556983040102
"LOC101927668",0.250560310073054
"IGLC1 /// IGLV3-25 /// IGLV3-25",0.250575977109735
"ENKUR",0.250709213205764
"CEP55",0.250781313658521
"TMEM223",0.250975924827425
"POLD3",0.251056094385728
"TNNT1",0.251079512558926
"OR5K1",0.251098438572994
"PLAUR",0.251105028313165
"ZNF664",0.25115413826234
"RAB6A /// RAB6C /// WTH3DI",0.251227669902468
"PSG11 /// PSG3",0.25124485605743
"LINC00620",0.251367318362085
"RPL27A",0.251389774730996
"IPO7",0.251411724833213
"LOC101927410",0.251422186060276
"ANXA2P1",0.251431181260871
"RPS6KB1",0.251503206534829
"SUCO",0.251551073335074
"LOC100507462",0.251591805129615
"MBTPS2",0.251628653507564
"BAALC",0.25176496298573
"SASH1",0.251787442641109
"PAFAH1B1",0.251794169437664
"SIK2",0.251842636376434
"PLA2G2F",0.251933626477513
"CCDC90B",0.251952650589791
"PAGR1",0.251986005749882
"HMMR",0.252283714470511
"MUC12",0.252287706218905
"SLX4IP",0.252291983201506
"ILKAP",0.252346003593504
"TBATA",0.252363259055971
"CROCCP3",0.252447691484148
"OR7E156P",0.252569986452451
"COX3 /// LOC101929612",0.252721944888407
"COPB2",0.252763511548632
"PPP1R12B",0.252772406602462
"LOC100506834",0.252796511653863
"RASD2",0.252800092596878
"MYH16",0.252841933816723
"LINC01420",0.252870613191728
"TAS1R2",0.252940273563812
"IL18BP",0.253003502997727
"RP11-471G13.5",0.25301593678199
"XXyac-YX155B6.7",0.253017895972823
"NRGN",0.253024783269748
"ZFAND2A",0.253034637280888
"TH",0.253040426690031
"RSPH1",0.253047968779972
"ALPP /// ALPPL2",0.253175011330075
"CTD-2366F13.2",0.253181509173311
"MAST1",0.253203771600181
"MANSC1",0.253248538035202
"RASGRP1",0.253281781611674
"HRH4",0.253283687022566
"ERICH1",0.253295208063454
"ITGB8",0.253311878573275
"ACER3",0.2533402923074
"DNAJA1P4 /// DNAJA1P4",0.25336518986082
"TAS2R3",0.253375307686905
"IHH",0.253385819717591
"BC032026 /// RP11-526I2.1",0.253416242623857
"RNASE11",0.253464810721267
"HMGCS2",0.253544332740255
"RP11-465I4.3",0.253557108693767
"SLC39A4",0.25359568788607
"CFH",0.25360067642258
"MX1",0.253616539340018
"FAM21C /// LOC101930591",0.253636462966336
"BC017398 /// CTD-2314B22.3 /// DQ786293 /// DUXAP10 /// LL22NC03-N64E9.1",0.253653804184943
"BC042811 /// RP11-340I6.8",0.25365658595989
"TSPAN4",0.253743410452441
"IGLV4-60 /// IGLV4-60",0.253763096252043
"NEK4",0.253792712112953
"CD244",0.253813539345315
"PLA2G6",0.253954174448532
"LSM2",0.253971906545363
"FNDC7",0.254029259565006
"ARL8A",0.25405030065417
"C3orf35",0.254068554610526
"LOC101928852 /// ZNF720",0.254076450629395
"LOC149373",0.254119058425249
"IQGAP2",0.254141887472881
"KRTAP9-2 /// KRTAP9-8",0.254225704944074
"CYFIP2",0.254249885756364
"RP3-337H4.8",0.254263231183728
"UNC13B",0.254324824997493
"C12orf66",0.254341394041547
"KRT40",0.25440910987433
"NSUN5P1 /// NSUN5P2",0.254573846379111
"DDIT4",0.254691388708295
"LOC100996696 /// PABPC4",0.254725658991786
"SLC12A8",0.254727301452076
"GABRR1",0.254777814518949
"ZNF663P",0.254783097475296
"BRINP2",0.254805504891717
"LOC100652770",0.254841210528203
"STX19",0.254871320840705
"CRLF2",0.254901341619713
"BBIP1 /// LOC100130175",0.254913880747774
"IGLJ3",0.254965541991077
"SPACA6P",0.254980084150637
"PRPF19",0.254990760854134
"ERICH3-AS1",0.255016297678016
"ZBTB17",0.25507248981828
"EIF3I",0.255191922131549
"LOC100128175",0.255281457066378
"SCPEP1",0.255283920531983
"LINC00529",0.255381742570693
"SRXN1",0.255494497397896
"GADD45GIP1",0.255506372916275
"AFF4",0.255578093687595
"IL15RA",0.255587503679675
"IFNA1 /// IFNA13",0.255683970181061
"BC069004",0.255712279316337
"HSD17B12",0.255805067615319
"C14orf23",0.255822838077842
"EPHA6",0.255830424498777
"ENTPD3",0.255847991338668
"C1orf74",0.2558949959527
"CSH1 /// CSHL1 /// GH1 /// GH2",0.255922610813988
"STK24",0.255974700763139
"SLC4A4",0.255974780459801
"HSPE1",0.256134903126209
"FHOD3",0.256139319998839
"MKNK1-AS1",0.256139772483575
"GZMA",0.256178610873002
"PTPRS",0.256202131627194
"IQCD",0.256271356106305
"LECT1",0.256274603229153
"METTL25",0.256280339005874
"PP14571",0.256326923838239
"TMEM151A",0.256352134436288
"HSD3B7",0.256363107649775
"LOC284023",0.256465077680554
"DSCAML1",0.256498296370871
"MGC32805",0.256505876070566
"NAT9",0.256536954967672
"SBNO2",0.256611116231845
"SMAD9",0.256624311650742
"LOC101929123",0.256628278997542
"SLC26A9",0.256629157931591
"LUZP1",0.256642845728117
"IFFO2",0.256680597448922
"RP11-422P24.11",0.256693330018087
"CHD2",0.25674668113545
"UCKL1",0.256874308337015
"LOC101928823",0.256926334731837
"FUCA1",0.257001413721799
"TGDS",0.257082789904105
"ATP5J",0.257168241036415
"USP28",0.257212518991127
"PCK1",0.257229025376261
"DLGAP1-AS2",0.257254092266561
"CXorf21",0.257357026332635
"GOLPH3",0.257384935752337
"ALOX12",0.257420461093148
"TCEAL1",0.25742059736855
"HERC3 /// LOC101929134",0.257457163121543
"RAE1",0.257457703271196
"RAD51C",0.257458951915447
"ZNF20 /// ZNF625-ZNF20",0.257478990173034
"SNRNP27",0.257481192325612
"ABCB1 /// ABCB4",0.257486663706764
"COX7B2",0.257498082857114
"ABTB2",0.257654802406054
"MVP",0.257704619904009
"PRKCG",0.257728051402089
"PPFIA1",0.257745651589146
"CTBS",0.257765138023479
"C3orf67",0.257811963108723
"PPARA",0.257819370085308
"LOC101928100",0.257867887474738
"TRAT1",0.257916560422101
"DYX1C1",0.258071381521175
"CCNB1IP1",0.25807162359287
"CPTP",0.258098753586502
"LOC101928553",0.258103004387663
"C11orf30",0.258173695165714
"LOC151760",0.258176834813437
"CSNK1E /// CSNK1E",0.258190268321798
"KCNA1",0.258271670149465
"TARBP1",0.258308319132413
"MS4A15",0.258322719733514
"JAZF1-AS1",0.258651839652658
"RORA",0.258680282378235
"PPP1R17",0.258736454117824
"AGPAT9",0.258740558157768
"ZNF213-AS1",0.258764584282754
"WDR46",0.258793069825343
"UBA5",0.258851859649827
"MRPL47",0.258906345696037
"ATM",0.258960661801542
"CXCL2",0.258962862921183
"APOLD1 /// DDX47",0.258975823836737
"ADCY10P1",0.258997619411887
"ATP11C",0.259007576967629
"SETD7",0.259139039519285
"AX747544 /// JRK",0.259203011587791
"OCEL1",0.259209181573123
"KLF13 /// LOC100499221",0.259267030289818
"SH3D19",0.25928116148734
"DNAJC21",0.25931309843656
"SEPW1",0.259389815204436
"SLC6A7",0.259439912694688
"GOLT1A",0.259456684213971
"PRMT5",0.259458166147374
"RPS9",0.259489739049753
"CRB1",0.259514474445394
"C10orf82",0.259540109743865
"UBAP1L",0.259619684171121
"ANKRD26P3",0.25962662656725
"ADAM3A",0.259673757560755
"LEP",0.259738544126745
"ERH",0.259748403248277
"LOC644172 /// MAPK8IP1",0.259763582325671
"FASTKD2",0.259777605736007
"HDAC5",0.25984348091202
"PGK2",0.259911223662866
"SMIM12",0.259976541604197
"SCML2",0.260004906019807
"LINC01015",0.260012440944721
"C7orf33",0.260064176339801
"HNMT",0.260127884295756
"RUNDC1",0.260130436136287
"DNAJC19",0.260135641651594
"HOXB-AS1",0.260146968860218
"TMEM200A",0.260223342548271
"POMGNT2",0.260313159807768
"LOC101929196",0.260340524711574
"POLR2J /// POLR2J2 /// POLR2J3 /// POLR2J4 /// UPK3BL",0.260351014037574
"GTF3C3",0.260404385406898
"LOC100291323",0.260429922856801
"ADIPOR1",0.260442369938797
"ETV2",0.260487626469381
"PSMD13",0.260510495498779
"FZD3",0.260553122848443
"GPR27",0.260568442295738
"SPIRE1",0.260579237387063
"EPHB6",0.260623178878939
"LOC101243545 /// SNORD4A",0.260635897985102
"TCAM1P",0.260805334041621
"NFIC",0.260907049561909
"RBM7",0.260933973138855
"OR51M1",0.260945868422654
"LOC100507534",0.261032317529941
"INO80D",0.261035265832244
"COPG2",0.261052489769159
"NUPL1",0.261053855898739
"LARP4",0.261054623548282
"LOC102723448",0.261108718816779
"LINC01095",0.261125141603497
"NEK8",0.261144202275459
"MAP2K5",0.261150554180171
"ARHGAP36",0.261151573406146
"RHOC",0.261216753963082
"NCKIPSD",0.261220615676201
"RPAIN",0.261283713503501
"ATP2B1",0.261322462075869
"KIF1B",0.261388539165677
"RSF1",0.261395642946037
"SPINK7",0.261414731867009
"SAT1",0.261416090846723
"DDX27",0.261450953434181
"LOC283887",0.261556248602723
"LOC728690",0.26175061234485
"CLIC1",0.261759093030589
"ATP5C1",0.261772617933382
"ZNF268",0.261805458151911
"CYP2D6 /// CYP2D7P /// LOC101929829",0.261884029061951
"TRBV7-3 /// TRBV7-3",0.261939733479942
"LINC00348",0.261952815954159
"CCR3",0.261993937843902
"LOC100506274",0.262038589898842
"RALGAPB",0.262078515331043
"IL17B",0.26207870312777
"RP11-476D10.1",0.262109798497797
"BHLHE22",0.262113976144774
"ADRB3",0.26214459101741
"MIR302B",0.262208238785315
"MIR1236 /// NELFE",0.262310000676969
"RERGL",0.262318261300846
"BBS5",0.262466521573085
"KIF5A",0.26249123839175
"CCM2L",0.262520355910518
"SGCB",0.262553252091523
"LOC101929116",0.262583823756845
"SPAG4",0.262628166737398
"SLC7A11",0.26267990829665
"MPEG1",0.262690200229795
"TRMT13",0.262805819754527
"C19orf82",0.262817125570373
"GTPBP8",0.26284298781075
"PLOD3",0.262894478862231
"DUSP22 /// LOC100653247",0.262912727698208
"COPB1",0.26291666724892
"CD69",0.262925148626635
"RIOK3",0.262990732137131
"GLB1L2",0.263025693377512
"PHYHIP",0.263032853998939
"TTC33",0.263067834483933
"WAC",0.26312702286865
"IGHA1 /// IGHD /// IGHG1 /// IGHG3 /// IGHM /// IGHV4-31",0.263148141592817
"PATE1",0.263150194836251
"RORC",0.263222566168786
"TMCC3",0.263231606131552
"NPTX1",0.263286328901729
"LOC440704",0.263307928503752
"YTHDF1",0.263342216143549
"SNORD50A /// SNORD50B",0.263355912134599
"NLRP4",0.263386932411553
"TM4SF20",0.263420217625009
"LOC100996740",0.263454352756288
"AK056098",0.263460281310943
"ACOT11",0.263517865929706
"CHP1",0.263614878294969
"DDX6",0.263662014459742
"UBP1",0.263668809026173
"SLC25A25",0.26371626353709
"HNRNPU-AS1",0.263845862021733
"SF3A2",0.263865329160751
"RP11-313C4.1",0.263873437656899
"LOC102724250 /// NBPF1 /// NBPF10 /// NBPF11 /// NBPF14 /// NBPF15 /// NBPF19 /// NBPF26",0.263896108665645
"DAZL",0.263955243593941
"NOBOX",0.263983888182177
"MPP3",0.264047166295643
"MAP7D3",0.264145874224996
"NHLH1",0.264156484455619
"ARHGAP22-IT1",0.264168725436998
"MAPK8IP2",0.264331518267914
"CCDC120",0.264353994150044
"IPCEF1",0.264428699938935
"BC048997",0.264434923759686
"FKBP14",0.26447956308421
"GP6",0.264529131504834
"FAM160A2",0.264529363770356
"LOC100996760",0.264565044804014
"TBCD",0.26473721743077
"LINC01348",0.264793255404572
"LOC155060",0.264840530272996
"PCDHA9",0.264870914080669
"FAM195B",0.264898791202847
"BPESC1",0.264935946704975
"MYCN",0.265058521941534
"LINC00423",0.26511127413331
"GNAO1",0.265146035164366
"ABHD13",0.265175101344432
"mir-223",0.265179416151087
"TOP3A",0.265224029865126
"RP3-508I15.21",0.265263287362243
"ISM1-AS1",0.265326438629245
"CCDC85C",0.265368282278035
"UTP3",0.265373924296431
"CEP70",0.265387581528832
"RP4-560B9.4",0.265423393235163
"CD300A",0.265458910820422
"ZC3H6",0.265511970738362
"USP6NL /// USP6NL-IT1",0.265603527610156
"ARPC1A",0.26565330075244
"IL9",0.265715715324369
"JRKL",0.265721609208239
"FABP2",0.265748389480468
"GLIPR1L1",0.26574900442103
"CDC42EP1",0.265772021120871
"BLOC1S4",0.265787554531951
"LINC00301",0.265861802658231
"GABARAPL1 /// GABARAPL3",0.265956740538167
"HSPC081",0.265961842938196
"BTG2",0.266052016247416
"PVRL1",0.266123144327698
"GIPC3",0.266244843358335
"BARD1",0.266273071775763
"C1orf64",0.266308165463702
"HAUS2",0.266314351105091
"CA2",0.266315210593217
"CCDC42B",0.266478327426967
"DDIT4L",0.266553629033128
"RSPO3",0.266602775797167
"ANP32A",0.266614726185389
"SNN",0.26662407322932
"PELI2",0.266664509756589
"ZNF468",0.266765955404963
"CERS5",0.26682055886134
"ACLY",0.26683951581257
"CNOT3",0.266858301296207
"KAZN",0.266890806905164
"LINC00879",0.266951808961575
"ATP11A",0.266974724819162
"LINC00313",0.266987718951034
"LOC101927206",0.267019753901329
"LOC100996681",0.267151179691587
"LOC101927166",0.267161132251922
"CYTIP",0.267384478535382
"TRHDE",0.267403397132177
"CACNA1S",0.267475052532274
"BMS1P20",0.267495662096101
"UGT3A1",0.267512126104862
"SENP2",0.267590543125144
"LOC100272216",0.267656630731902
"PGM2",0.267702422316194
"CBLN1",0.267710646725416
"LOC102723831",0.267741039967002
"LOC286272",0.267741379896814
"LOC101928886",0.267798296177301
"SFTPB",0.267869811774849
"LYPLA2",0.267910043387356
"RRAGD",0.26793397045887
"RBM48",0.268012115812431
"LOC145474",0.268035318242779
"NAT8L",0.268038382960763
"RP11-247L20.4",0.268127526055694
"CDC6",0.26814113131284
"ETNK1",0.268143661620917
"STRN",0.26825884177832
"SNRK-AS1",0.268307658559891
"RP11-669M16.1",0.268323651711741
"SKIDA1",0.268328560628552
"ZBED6",0.268355469373238
"PFAS",0.268639863988787
"SYN1",0.268641382921081
"OTUB2",0.268686745302262
"ZBTB9",0.268696865918016
"COX6A2",0.268701359583657
"PARVG",0.268730942053009
"CECR1",0.268744435315823
"SPDYA",0.268802294134894
"LOC101060391",0.268865386805812
"AGT",0.268865551554566
"NXT1",0.268879799623417
"BCRP3",0.268950357373946
"LIPE",0.268989737998523
"LAT",0.269065773634607
"FAM57A",0.269091534254108
"LOC101927667",0.269112920102803
"MAST4",0.269133329905878
"COL20A1",0.269169904044075
"GPR108 /// MIR6791",0.269255796995828
"KRI1",0.269335661411488
"TBC1D24",0.269380091015331
"RPL32",0.269392336398878
"SCAF4",0.269403731391068
"ATP6V0D2",0.269495511643769
"DNAJC14",0.269499976020163
"THRAP3",0.269552257605175
"DEFB118",0.269604692614162
"WDFY3-AS2",0.269605249828064
"CHRAC1",0.269614505974291
"ZFP2",0.269636105093755
"CHRNA10",0.26967288526861
"SPRN",0.269682768825822
"ECH1",0.26974616835469
"UBXN10",0.269754633270065
"FAM57B /// LOC100996332",0.269777940805597
"MDFIC",0.269801919108357
"MARCH1",0.269803530818248
"JUP",0.269815099219293
"ZNF404",0.269952981656813
"MLLT3",0.270088969578091
"TNFRSF8",0.270097216828821
"STK3",0.270127926872871
"RBM25",0.270173566804728
"SLC25A15",0.270186220488475
"LOC100506585",0.270194290921758
"RTN2",0.270263348307628
"MKNK2",0.27027590155131
"OASL",0.270298614808612
"MED8",0.2703544654192
"SP7",0.27037229012197
"NR1D1 /// THRA",0.270407742069357
"IGHM",0.270502432852112
"STXBP3",0.270526493645041
"TMEM14C",0.270549836427946
"ZNF174",0.270644670823516
"CRH",0.270677689614705
"CYP4F2",0.270680232408707
"TRIM51",0.27070606115925
"FGF4",0.27079589067342
"SFTPD",0.270860952112321
"MMP11",0.270930035024857
"HIST1H4A /// HIST1H4B /// HIST1H4C /// HIST1H4D /// HIST1H4E /// HIST1H4F /// HIST1H4H /// HIST1H4I /// HIST1H4J /// HIST1H4K /// HIST1H4L /// HIST2H4A /// HIST2H4B /// HIST4H4",0.270939104827524
"LRIG1",0.271014968197526
"TRIML1",0.271064295200212
"PDGFRB",0.271066568087979
"TRMT5",0.271081837443923
"HGFAC",0.271088417792622
"EMCN",0.271097193940919
"SLC5A7",0.271121499039324
"TYMSOS",0.271129169124365
"TRPM2",0.271171717258472
"FAM13A",0.271313564759899
"DIABLO",0.271342004390861
"PRKCD",0.271464116979674
"ZNF738",0.271517591242932
"C1orf106",0.271520678608317
"TMEM120B",0.271550081800834
"IL33",0.27166092248633
"TAS2R19",0.271692801925087
"LOC101927365",0.271707722593628
"LMO7",0.271736117326409
"TDO2",0.271745374056432
"MOCS2",0.27186185117938
"ANKRD13A",0.271888989373774
"NGB",0.271905094207325
"RP11-403P17.4",0.271918324688945
"PKD1P1",0.271927635899352
"TDRP",0.271940905140957
"NPM1P22 /// NPM1P22",0.271944209376402
"METRNL",0.271966885607877
"APOC1",0.271989237317288
"MED22",0.272061680599607
"LINC01138",0.272073511089189
"KIAA1109",0.272095609483622
"LOC221272",0.272108728902142
"RDH16",0.272124703645124
"PKN1",0.272155922300421
"IL11RA",0.272315949166898
"SH3BGRL2",0.272384760159075
"AQP10",0.272456485868505
"SPOCK2",0.272458375188977
"FBLIM1",0.272520058322648
"SETD2",0.272553767738419
"IRF4",0.272587898531643
"HDAC4",0.2726496674784
"RP11-533E19.7",0.272698127338099
"LYRM2",0.272730290528468
"PPP2R1B",0.272949241782031
"IL5",0.272982999579664
"PALLD",0.272984489681616
"SYNPO2L",0.273001060777439
"LOC100291666",0.273064180790621
"LRRC3",0.273111990313448
"TRIP13",0.273142815991667
"NLN",0.273290832583448
"PPM1D",0.273314344813708
"BAI2",0.273320540804211
"CLIC6",0.273422453102242
"TMEM108-AS1",0.273439881354989
"CRNDE",0.273454953547683
"SERPINB9P1",0.273476375682937
"DNAJC5",0.273623851302911
"RP11-127B20.2",0.273659830176922
"GFOD1",0.273756765293885
"BBS10",0.27377453695764
"ARHGAP28",0.273776784808234
"RP11-515O17.3",0.273838443701062
"NUP210P1",0.273865095647021
"TRMT10A",0.273918920083408
"KRTCAP2",0.273931494250376
"LOC102724426 /// USP4",0.27397752825338
"CCP110",0.273991685410726
"PRSS58",0.273993751549033
"CCDC144CP",0.274134771917366
"LINC01215",0.274220430676493
"LOC101927391",0.274235869744038
"ALB",0.274268510834806
"ZNF502",0.274283711904247
"PLEKHA8P1",0.274288815057912
"LOC101927699",0.274297496387028
"MED10",0.274380993477712
"SWT1",0.274468178691154
"P2RY2",0.274485405172871
"ADRBK2",0.274521148413281
"CASC2",0.274534118796862
"LOC101926907",0.274606940143747
"TTC39A",0.274655512724948
"AHSA2",0.274678275887947
"SCAPER",0.274711451982536
"FMO3",0.274760535829074
"VPS13A-AS1",0.27483281604708
"MBNL2 /// MBNL2",0.274891139727266
"LAPTM4A",0.274908457164
"NKTR",0.274923399939108
"CCDC132",0.274960531663946
"KCMF1",0.274968349990505
"VDAC2",0.274970052491268
"BC036209",0.274977353995276
"LINC00612",0.275121532537998
"SKA1",0.275171145926098
"MATN1",0.275245201947428
"PM20D2",0.275327448259931
"SRRM1",0.275347924561297
"ARMC3",0.275358422909994
"ING3",0.275444957848791
"C1orf54",0.275458219605398
"RNASET2",0.275478245152633
"TMED1",0.27554486031595
"APCDD1 /// LOC100130468",0.275576861942854
"GJA4",0.275692844929517
"LCN12",0.275767304944998
"SLC7A13",0.275793213699125
"B4GALNT3",0.27587615460848
"RLIM",0.275912316224797
"CLDN15",0.275993969458463
"PCDHA2",0.276003617849112
"FLJ45482",0.276038910133762
"IPO8",0.276056452423558
"PRDM14",0.276133837794337
"ACTL8",0.276155565576282
"TMEM200C",0.27616658437095
"KIZ",0.276210115694542
"MLKL",0.276212880899805
"BUB1",0.276243045495791
"FAXC",0.276251044775642
"CPA5",0.27627557942373
"LINC00921 /// TIGD7 /// ZNF263",0.27627665817054
"JDP2",0.276285195076941
"NDUFS1",0.276302000213968
"CTSC",0.276310365835125
"LOC728485",0.276351742917976
"LOC100272217",0.276353740832217
"SMO",0.276388098101471
"CCDC14",0.276394902104721
"GNAT2",0.27652223846163
"DKFZp779M0652",0.27655233502502
"C14orf183",0.276655322208871
"LINC00474",0.276657137028823
"LOC100130872 /// SPON2",0.276696047769668
"MED14OS",0.276726913567341
"RP11-701I24.3",0.276902022488502
"FBXO45",0.276907967018733
"ZNF317",0.276941784778045
"APOBEC3G",0.276957761484509
"SAP30",0.27697652770477
"SF3A3",0.276984875024519
"FAM78A /// LOC101927137",0.276988966457547
"NSUN5P1",0.277026583293461
"SLC25A27",0.277038842291986
"HNRNPA3",0.277070838110541
"ANKRA2",0.277071369325208
"CEL",0.277118118463459
"ATG7",0.277138286673543
"ADM",0.277213064686046
"WDR44",0.277228791039851
"IL17RA",0.277344616234095
"CIITA",0.277409588505705
"LOC101929260",0.277428193448613
"RP5-1154L15.2",0.27751307703485
"CNTLN",0.27758961981758
"SMAD4",0.277606069880213
"BBS9",0.277632349439787
"GYLTL1B",0.277671042847535
"ZP1",0.277738978421317
"ACPT",0.277821231825183
"ZSCAN32",0.277836867061951
"FCGR1A",0.277912023449346
"GPR87",0.27797873649666
"MMP9",0.27803564529371
"MAGEB6",0.278106126902168
"TMEM70",0.27812875905985
"RP11-465B22.8",0.278136812868669
"BAGE2 /// BAGE3 /// BAGE5 /// KMT2C",0.278156102413217
"LEO1",0.278232817994572
"HIST1H2AD /// HIST1H3D",0.278309008354153
"EIF3C /// EIF3CL",0.278331901224062
"CDYL",0.27836795847679
"RSBN1L",0.278374375717702
"PTK2",0.278562176085059
"MORN2",0.278672476053562
"RAI1",0.2786771293665
"BC041347 /// FLNB-AS1 /// FLNB-AS1",0.278815847049709
"EML6",0.278826564099118
"C1orf94",0.27882780728832
"HECTD4",0.27882871912137
"MIR4784 /// MZT2A /// MZT2B",0.278877615726825
"TSG101",0.278942668214678
"L2HGDH",0.278999984501043
"JARID2",0.279016204864899
"CDCA8",0.279066422096928
"LOC728175",0.279076448259509
"CPM",0.279083056419509
"HCG18",0.279145427692013
"TERT",0.279219049528457
"SLC19A1",0.279224026490907
"NELL1",0.279233448149299
"LOC101928326",0.279288245876254
"EIF4A3",0.279302498371805
"FAM66C /// LOC101928910",0.27931368186113
"AAMDC",0.279322109295892
"LY6G6D /// LY6G6F",0.279344465895187
"PHRF1",0.279346954053945
"STX3",0.279362809323783
"RP11-539I5.1",0.27938654314354
"LINC00459 /// LINC00459",0.27948015454905
"IKZF4",0.279543871495458
"FCRLA",0.279601691359864
"CSN1S1",0.279659754985832
"VWA5A",0.279700448490062
"NAAA",0.279710909373005
"SNW1",0.27980675398627
"ARMC6",0.279869106604196
"ZNF226",0.279936465357007
"FER",0.279936970402666
"FLJ46875",0.279957862668864
"ITSN1",0.280105493269078
"APOBEC3D",0.280115550797885
"PDIA3",0.280128571846958
"C11orf70",0.280144216991173
"NPC1",0.280161972185359
"C1orf68",0.280278482226915
"PPP2CA",0.280312753948929
"AJ011981 /// DPY19L1",0.280312865183035
"SFSWAP",0.28032005336659
"TMEM161A",0.280400575083589
"LHX8",0.28041627374982
"MRPL45P2",0.280440502393373
"UGT2A3",0.280464777996738
"AGPAT2",0.280538258591153
"OSBPL1A",0.280716016865141
"ZNF610",0.280718317388452
"C1QA",0.280753217814646
"METTL6",0.280771239120277
"TXLNA",0.280805820763203
"SP6",0.280818684699994
"LYVE1",0.280828818134943
"LOC101928403",0.280853692344856
"MIA3",0.280878411328273
"PRCC",0.28091289482073
"TRAF2",0.280924234557693
"IFIT2",0.280930077199287
"LINC00901",0.280931443958664
"MVB12A",0.28104427990761
"NASP /// NASP",0.281061902942594
"FGD6",0.281144830944465
"MRPL18",0.281197414296271
"ILF3",0.281213463817207
"ITGAD",0.28121656036522
"LOC101928283",0.281218321363797
"LOC100996457",0.281273208834914
"PRB4",0.281294916405269
"ABLIM1",0.281296882611583
"LOC390705",0.281454000319848
"DPPA4",0.281464334844769
"ZKSCAN7",0.281478296802058
"SLC5A10",0.281510175998797
"KPNB1",0.281544824438021
"CFC1",0.281589290780192
"SLC16A5",0.281623472385454
"LINC00254 /// MEIOB",0.281629632085347
"FAM66D",0.281639365159935
"TDRG1",0.281650943859551
"ZC2HC1B",0.281823219478157
"SHKBP1",0.281839245234543
"PITPNM1",0.28187811653928
"CCDC17",0.282018063398667
"ISM2",0.282019130491941
"LOC101927460",0.282043565392993
"TESC",0.282064492798031
"RSRC2",0.282215758071349
"LOC100507564",0.282227599560277
"IL1RAP",0.282230322200016
"KRTDAP",0.282339039923647
"LOC101929726",0.282361819359599
"LIPE-AS1 /// LOC101930071",0.282369303670098
"DNTT",0.28237797581776
"ASXL2",0.282406193087867
"POU3F3",0.282442305079907
"HOXA13",0.282604291427818
"RP11-44F14.8",0.282636607073961
"IGHA1 /// IGHA2 /// IGHD /// IGHG1 /// IGHG3 /// IGHG4 /// IGHM /// IGHV4-31",0.28270382105913
"SLC1A1",0.282717664727567
"KCNN3",0.282795899379089
"PANK3",0.282797910203368
"ITM2B",0.282804033538668
"EIF4G1",0.282846590126051
"GS1-304P7.2",0.282849506323117
"LOC284112 /// MIR195 /// MIR497 /// MIR497HG",0.282859658055048
"LYST",0.28287819289244
"TOM1L1",0.282936571507826
"AKIRIN1",0.282948396498984
"MIR34A",0.282951666339087
"SORD",0.282966675355261
"ATXN7L3B",0.282980838393537
"PRKG1",0.283007427744256
"SNHG16 /// SNORD1A /// SNORD1C",0.283044746624903
"TWIST1",0.283049880517138
"NUB1",0.28306182721821
"SNHG6 /// SNORD87",0.283072894162354
"SMIM24",0.283110783249245
"CHRM5",0.283156345952336
"PLTP",0.28316529752311
"LOC728099",0.283165552701324
"JMJD1C-AS1",0.283188597093673
"C1orf210",0.283197207374365
"GDF9",0.283271243992235
"HIGD1A",0.283278930148929
"FAAH",0.283321031029567
"TRIM39 /// TRIM39-RPP21",0.283344837883215
"IGHA1 /// IGHD /// IGHG1 /// IGHG2 /// IGHG3 /// IGHM /// IGHV4-31",0.283371282294212
"LRP4",0.283377718935778
"C1QC",0.283453436036621
"LAT2",0.283583299053035
"SP2",0.283589569337357
"PHOX2B",0.283611568611393
"GLULP4 /// GLULP4",0.283625502296483
"LCN2",0.283650902475573
"UBXN7",0.283728881196899
"GNL3 /// SNORD19B",0.283746312914776
"B3GALT5",0.28383274845151
"MBOAT2",0.283866298804255
"GRM7 /// LOC100996542",0.283874350045179
"TREH",0.284072727080782
"AL832163",0.284210905212222
"C2orf76",0.284244775032402
"FOXR2",0.284256101866697
"ELAVL3",0.284323759163484
"OSGIN1",0.284408519488275
"CTD-2534I21.8",0.284409333137998
"MYLK2",0.284431728448763
"CWH43",0.2844781841167
"ADPRHL1",0.284556540076827
"ADCYAP1R1",0.284642972520683
"TOX",0.284729667837261
"SYT5",0.284828308238579
"LIMD1-AS1",0.284829494063164
"NOTUM",0.284875399990459
"PPP1R14B",0.284903438529903
"DNAJC9-AS1",0.284951879034315
"CTAGE4 /// CTAGE8 /// CTAGE9",0.284962619833139
"FAU",0.284978543815368
"HCST",0.285014605437471
"DUS4L",0.285034458901228
"PMS2P5",0.285044617958052
"POLR2K",0.285155636403585
"ZRANB2",0.285169010626912
"UNC13D",0.285170351927979
"FAM210A",0.285186576640851
"SPINT2",0.28519104003861
"SPATA32",0.285201274133171
"TIAL1",0.28525825239516
"TBL2",0.285300710831222
"DPPA3 /// DPPA3P2 /// LOC101060236",0.285343636491593
"NDN",0.285360032716162
"GLOD4",0.285370970762295
"C4orf36",0.285445745082949
"BTNL2",0.28545733497646
"TAL1",0.285473013564391
"LOC497256",0.285715817700469
"BC062763",0.285720594667486
"FAM230B",0.285731829388956
"TSIX",0.285793013713108
"HMX2",0.28580153895696
"LOC101927362",0.285813799971748
"MTMR1",0.285852671708116
"ARL6IP1",0.285950236218586
"LOC101930075 /// PKD1",0.285957461237261
"PIAS1",0.286036384706944
"CLEC10A",0.286055863640938
"RSL24D1",0.286106155535388
"FGF13",0.286142407320768
"RNF125",0.286155963494176
"RP11-736K20.5",0.286163165015915
"PDCD6",0.286199058338446
"SNPH",0.286199134540618
"APC",0.286240732271659
"LINC01007",0.2862808656902
"SERPINB11",0.28635128054996
"FAM49A",0.286399653013443
"C6orf106",0.286411489421099
"HSPA13",0.286436103641681
"HTT",0.286439908989988
"ADI1",0.286479540373304
"TMED8",0.286523712946581
"PCGF2",0.286563778616509
"OMD",0.286591101115236
"LMLN",0.286623986748525
"DIP2B",0.286630447733645
"TNFRSF17",0.286790747173034
"NUTF2 /// NUTF2P4",0.286820864326862
"SNX5",0.286853717051898
"NMNAT1",0.286971440820427
"SERPINE2",0.286973805138977
"RP11-764E7.1",0.287059845970042
"LINC00152 /// LOC101930489",0.2871497314388
"AC084219.3",0.287167774041654
"NODAL",0.287195682939276
"GREB1L",0.287228452772385
"DACH1",0.28724562337005
"CHST13",0.287252398283404
"PVRL2",0.287299775690308
"SLC5A2",0.287329073219693
"TLL1",0.287364619038523
"CD74",0.287516568102873
"CTSLP8",0.287581057223912
"XRCC1",0.287612555194221
"SH3RF3-AS1",0.287626398077061
"LOC101928554",0.287658682408761
"CACNA1D",0.287672269419734
"PSMB4",0.287773624835387
"COL6A6",0.287823653559754
"OLFM2",0.287875209772347
"RBMS2",0.287925712805489
"AX748417 /// CAMK1",0.288031689829308
"LINC00906",0.288181431068878
"PCCB",0.288215695351869
"LOC399900",0.288299480153992
"GRB2",0.288314977193022
"MAGEH1",0.288334294319042
"IL24",0.28835826220708
"KIAA1033",0.288383421910903
"RP11-506E9.3",0.288433075698874
"EXOSC1",0.288535915486902
"C22orf34",0.288642931482791
"AP5M1",0.288656018950657
"ELOVL4",0.288695869506696
"IL36G",0.288742003587458
"LOC401134",0.28885496633352
"SON",0.288873246815125
"SNRPG",0.288940541361257
"MDM4",0.288960176318826
"MAGEE2",0.288985316663517
"RP11-357G3.2",0.289004791395139
"TAB1",0.289099535137034
"CHST10",0.289141580935997
"LINC01310",0.289188703201099
"LOC102724967",0.289248977898936
"MYL10",0.28933563449511
"NWD2",0.289355219166204
"CTB-50L17.7",0.289401591665224
"MAPK4",0.289406755437088
"FAM193A",0.289415551443459
"DUSP28",0.289487271621432
"SMOX",0.2894973080676
"TRHR",0.289502406623387
"HDHD1",0.289514810607513
"CROT",0.289586781161008
"ACTG2",0.289592310411292
"BACH1 /// GRIK1-AS2",0.28969320675818
"CCT8",0.289789097749596
"RP11-589P10.5",0.289832410905597
"RP11-39H13.1",0.289847031623032
"RP11-222K16.1",0.289848718552457
"TEAD3",0.289890714282278
"FSIP1",0.289893293734287
"CCDC87",0.289925176138889
"IGLC1 /// IGLV9-49 /// IGLV9-49",0.289925425016242
"LINC00269",0.289945721690452
"CCDC91",0.289979193009211
"SLC1A5",0.289995933388823
"SSMEM1",0.290040106805741
"LOC339978",0.290100100303241
"IRF2BPL",0.290105467143559
"NAALAD2",0.290108571777908
"IGFL2",0.29010942608929
"C19orf60",0.290158315068894
"DEPDC1",0.290214039232864
"ERCC8",0.290216699161266
"PNPLA1",0.290237563369976
"DBF4B",0.290247543101033
"GRM8",0.290307494204227
"C11orf52 /// HSPB2 /// HSPB2-C11orf52",0.290409913041231
"SENP6",0.290502686314754
"RP11-403P17.3",0.290516015566302
"ZBTB49",0.290547815744448
"NFKBIA",0.290607569794199
"WEE1",0.290614960444834
"LOC101927112",0.290659888675186
"SKIV2L2",0.290672226078599
"FRS2",0.290676869399569
"PLA2G1B",0.290687410581688
"PRKACB",0.290711851433699
"ZNF204P",0.290724969799313
"LOC283075",0.290733611667885
"RPL14",0.290776678986962
"PARP11",0.290795837620008
"LOC101927244",0.290948176408803
"SNHG10",0.290954760285238
"PCDHB17",0.291001861833816
"TMEM55B",0.291010977317031
"IGH /// IGHA1 /// IGHG1 /// IGHG2 /// IGHG3 /// IGHM /// LOC102725526",0.291031221457568
"SCGN",0.291047037904193
"TMEM256",0.291082911855846
"EXOC5",0.291111212567165
"MAP2K4",0.291147712589928
"F9",0.291242922668005
"TATDN2",0.291272223955003
"EMC7",0.29134564956854
"TPRXL",0.291356785284023
"CSNK2B /// LY6G5B",0.29138102108051
"CBR3",0.291381134300241
"REXO1",0.291462811882862
"METTL21C",0.29149914993062
"ARPC5",0.291514798425864
"FGR",0.291520984783779
"SH3GL1P1 /// SH3GL1P2",0.291605908661591
"NKX2-2",0.291614920821536
"XPNPEP3",0.29172023732223
"HS6ST1",0.291730799931361
"CEACAM7",0.291812588170783
"RNF39",0.291822550412106
"CUL4B",0.291910074556045
"SOX2",0.291925192599863
"LOC100128164",0.29213671260988
"ZNHIT6",0.292152224100731
"TWSG1",0.292298197953514
"SP3",0.292326615033088
"AC003989.4",0.292337279599612
"GOT2P1 /// GOT2P1",0.292355864959635
"ACACB",0.292531916714689
"LOC550113 /// UBA6-AS1",0.292624555166086
"NFYA",0.292634437577673
"BC037892 /// RP11-1129I3.1",0.292647335630696
"COCH",0.292652294638922
"HLA-A",0.292655365150166
"ARFRP1",0.292704348787057
"CST1",0.292730150403896
"BTBD6",0.292787914706893
"PPP2R5A",0.292856753458371
"TMEM161B-AS1",0.292872631123399
"EPHX4",0.292902098643096
"AEBP2",0.292941130806462
"ZNF630",0.292964417839267
"C12orf77",0.292999303895759
"KL",0.293090938398452
"SPAG8",0.293166506504831
"WDR36",0.293208424408149
"GAL3ST3",0.293211469202405
"SLC43A1",0.293226973651672
"ZCCHC3",0.293322208660385
"ITGA6",0.293341834654374
"ABHD1",0.29338162744692
"RALBP1",0.293488190374599
"AC009133.15",0.293512526458281
"TEX12",0.293562188356752
"LOC100130964",0.293584956979777
"TCTN2",0.293645822814433
"GABARAPL1",0.293662019851152
"ATP6V0C",0.293672588755392
"FAIM3",0.293758897046644
"LOC101927537",0.293843846699709
"OPALIN",0.294007430885444
"PLEKHG4",0.294164337312489
"AREL1",0.294221529174707
"KLHL12",0.294256497662581
"WDR12",0.294307590640718
"C11orf65",0.294332643223577
"SYT1",0.29435903858745
"FAM160A1",0.294386773362654
"EEF1A1P42",0.294395508551302
"BC016972 /// RP11-443B7.1",0.294412361901726
"KRTAP4-12",0.294423645514733
"MAOB",0.294447882943184
"C14orf105",0.294476786198927
"RUSC1",0.294502560485757
"IVD",0.294510857751815
"SFXN3",0.29453123903284
"IGKC /// IGKV2-28 /// IGKV2-28 /// IGKV2D-28 /// IGKV2D-28",0.294615798800994
"VTI1B",0.294714543486646
"SYT9",0.29473250892564
"EPHA10",0.294817539133232
"MIAT",0.2949168852263
"TPSAB1",0.294980313824068
"PLCH1-AS1",0.29515904988665
"FIS1",0.295182774863853
"PCDHA10",0.295190954023144
"NAP1L2",0.295200803274222
"NKIRAS2",0.295281104257854
"LINC00567",0.295334240702131
"BTN3A1",0.29537037605458
"CUL3",0.295496703042087
"FBLN1",0.295567564127326
"HOXC11",0.295617192535543
"MAPRE1",0.29567668017029
"GPR63",0.295751654721961
"SCNN1D",0.295784189082592
"FAM184A",0.295893975510615
"TRPA1",0.295911294146809
"CENPQ",0.295959877742853
"CTNNAL1",0.296001592965887
"SLC25A44",0.296034165574503
"GPSM2",0.296062869667933
"DNAJB12",0.296105315649929
"RP11-263K19.4",0.296149925787416
"C12orf5",0.296190765913966
"C11orf42",0.296192427165908
"C17orf77",0.296283491536519
"LOC100129098",0.296312084378569
"LOC154872",0.296354696339383
"KLHDC10",0.296365798209766
"DCC",0.296381489045787
"FLJ20021",0.296445080425961
"TAGLN3",0.296489356360314
"ZNF227",0.296492150364581
"FRG1B",0.29655581667871
"LOC100287590",0.296563722765005
"BC047626",0.296565113621154
"KCTD13",0.296573031862575
"BC048420",0.296592299380415
"GLG1",0.29661669944144
"LOC100506469",0.296618955477557
"LOC100131541",0.296621563492302
"FDPS",0.296659052079237
"ASIC2",0.296673754101765
"LOC90246",0.296811602881033
"RBM41",0.29682913364826
"ASPHD2",0.296842182972672
"LINC00561",0.29689985349833
"CLPTM1L",0.296913091655681
"BPI /// LOC149684",0.296969525726811
"BC040624 /// FOXP1-AS1 /// FOXP1-AS1",0.296984899701598
"EZH1",0.297020382374748
"PDC",0.297043900471676
"LOC101927018",0.297044835575914
"KCNJ4",0.297064065090725
"GPR133",0.297071126167986
"CHKA",0.297126794990972
"VIMP",0.297172379123752
"UBE2DNL",0.297247810251161
"LOC100996255",0.297255171897387
"PPP3CA",0.297350937063779
"AIFM2",0.297382934865159
"TMEM62",0.297446708819571
"DICER1",0.297509173911949
"LOC101060091",0.297527651201833
"PIAS2",0.297552921910468
"LINC00339",0.297592405565922
"PIK3C2G",0.297687167945381
"ABCA1",0.297753109797303
"CHADL",0.297839960276852
"KIF3A",0.297866029081236
"RWDD2B",0.297922209508952
"PDZRN3-AS1",0.297932504505394
"ARHGAP5",0.297937366631291
"LOC642776",0.297937840348112
"KBTBD7",0.297963505221763
"LSM1",0.298017094637592
"AC007365.3",0.298020975944707
"LOC100289361",0.298248568907423
"C19orf43",0.29826327959822
"GADD45G",0.298284006465576
"C15orf40",0.298300637386928
"RP11-225H22.4",0.298332546090625
"CTD-2083E4.4",0.298351527489383
"GCM1",0.298531025806036
"GALNT3",0.298587936088037
"ENPP1",0.298628076668103
"PELO",0.298639663137916
"HIST1H2BO",0.298701895605471
"AC091133.1",0.298745308334701
"ZFPM1",0.298770511756561
"GRM6",0.298799183162848
"C20orf187 /// C20orf187",0.298822593328645
"CDC73",0.298868522657685
"C5orf42",0.298879940235878
"PIP5K1C",0.298906946269327
"TCEB2",0.298921774289375
"ATP13A3",0.299037772275557
"HABP2",0.299090944228151
"LOC101927313",0.299117725422045
"LINC00942",0.299149079109437
"WASL",0.299344272559868
"ARHGAP4",0.299368795696015
"RP11-196G18.24",0.299376894904773
"RNF214",0.299519749547443
"MIR4697 /// MIR4697HG",0.299527554467145
"HSD17B3",0.299567082770922
"SMAD2",0.299582536491783
"FHL5",0.299621927125112
"AKNAD1",0.299664895499922
"CLDN14",0.299685373407884
"SLC1A6",0.299708450489761
"PREB",0.299739000828847
"KRT18P38 /// KRT18P38",0.299771122645131
"RP11-95O2.1",0.299773195672628
"MIB2",0.299817332119418
"RP11-195M16.3",0.299860991353366
"LOC644852",0.299891833952819
"DBET /// DUX4 /// DUX4L1 /// DUX4L2 /// DUX4L24 /// DUX4L3 /// DUX4L4 /// DUX4L5 /// DUX4L6 /// DUX4L7 /// DUX4L8 /// LOC100288289 /// LOC100291626 /// LOC652301",0.299924844563651
"LOC102723990 /// TMEM53",0.300013032125133
"FBXO31",0.300053077621387
"ZFYVE27",0.300090934233222
"KIR2DL1",0.300093714935337
"ANKRD31",0.300136344987104
"TNFRSF13C",0.300219546958506
"RBM3",0.30026863438933
"LOC101929645",0.300271960336669
"SUMO3",0.300285172060185
"ITK",0.300302278504334
"GCSAML-AS1",0.30037016843938
"LRRC37A /// LRRC37A2 /// LRRC37A3 /// LRRC37A4P",0.30040042358242
"OR8G2",0.300431089413346
"IL21R-AS1",0.300483545315948
"NRDE2",0.300516078118656
"LOC441179",0.300527462400921
"NRL",0.30054803418642
"PDLIM5",0.300604738249908
"OR10A5",0.300613652793004
"MPC1",0.300616611445173
"BC034319 /// RP11-11N9.4",0.30062868449464
"ZC3HC1",0.300651827881332
"ENTPD3-AS1",0.300742881881844
"CNTROB",0.300765321496329
"CSE1L",0.300939044275966
"LOC400794",0.300946123380449
"VDAC3",0.30095071430439
"LOC101927151",0.300963858884591
"LOC729296 /// MIR646HG",0.300993665467505
"TIMM17A",0.301006662555783
"IFT43",0.301010314898788
"LOC100507277",0.30102996682099
"RPL27A /// SNORA45A",0.301102131031351
"PTGS2",0.301261311067522
"UGT2B15",0.301318383422154
"STEAP2",0.301445735086039
"BCAS4",0.30162997132653
"C1orf100",0.301637018860843
"ATP6V1B1",0.301654864126476
"SYS1",0.30168919768274
"LINC00943",0.301694148439875
"ARIH2OS",0.301785740597167
"LOC152225",0.301950532392968
"FABP3",0.301981789947213
"DENND4B",0.302014052229681
"CLCC1",0.302023625379578
"REXO1L1P",0.302051539492323
"APOBEC3A /// APOBEC3A_B",0.302072644497825
"MAPK15",0.302085547992116
"FGD3",0.302115365947528
"CA1",0.302128175697022
"ZNF252P",0.302134525018514
"MBNL2",0.3021916139934
"THEM4",0.302218131994922
"CDC37P1 /// CDC37P1",0.302220232998282
"MYO1B",0.302247634564153
"MAPK8",0.302266211408941
"PRSS2",0.302302900864325
"PDCD6IP",0.302396274389402
"DSCR3",0.302413801067806
"PATL1",0.302422802245767
"CRTC2",0.302434299245058
"LOC100507472 /// PCSK6",0.302440304317936
"FAM26F",0.302656879759873
"YARS2",0.302722866793816
"MMADHC",0.302790329635281
"FAM219A",0.302812078387513
"AC092620.2",0.302883751042438
"LYSMD2",0.302914408072772
"BCL6B",0.303003212303036
"HLA-DMA",0.303019630604676
"SLC25A22",0.303025597048633
"TLR6",0.303029177716428
"SELM",0.303038824826132
"SHC2",0.303095505454168
"FAM150B",0.303263395796804
"RAB40AL",0.303278273750949
"PLXDC2",0.303295284524874
"ENO3",0.303380269805712
"AP3M2",0.303496267748163
"TFDP2",0.303499152983676
"RAB33B",0.303536402078001
"SST",0.303562779972484
"RBM23",0.30359965621574
"EML5",0.303639735826987
"IRAK4",0.303668894659482
"IFI27",0.303694432476757
"UNC45B",0.303767434057049
"RGS6",0.303808906759629
"KIZ /// PLK1S1",0.30383736091045
"MS4A1",0.303870023522417
"KCND1",0.30399507140441
"RAB7A",0.304008698286886
"YPEL5",0.304032885882021
"DAB2",0.304116933196492
"GZMK",0.304137333638488
"ULK3",0.304152009878646
"IGSF10",0.304185835972554
"NUTM2B",0.304282046626266
"ZNF575",0.30429904821131
"SLC30A10",0.304300673893068
"DMRTA1",0.304323417895611
"DEFB126",0.304330860530489
"GDPGP1",0.304385610959284
"NKX3-1",0.304435821368273
"OR7E24",0.304485488305711
"WLS",0.304546659344573
"VPS37B",0.304574844438837
"OR2S2",0.304659176752977
"GOLGA3",0.304707127165164
"TTC28-AS1",0.304770661574423
"SLC10A4",0.304790755119445
"LOC100133461",0.304799194358155
"LOC100652930 /// NPEPL1 /// STX16-NPEPL1",0.304804211398706
"NUDT9P1",0.304832634198827
"EXO5",0.304839942994208
"BC035400",0.30485311755211
"CYP21A1P /// CYP21A2",0.304859716891367
"MLLT4",0.304875581785522
"CMIP /// LOC100129617",0.304885434341447
"DDRGK1",0.304885994858219
"LINC00277",0.304896842783541
"LOC643085",0.304962239509557
"PLXNA3",0.305100335838945
"DHRS12",0.305139298053117
"C7orf49",0.305148476846795
"LINC00629",0.305346274202334
"ZNF702P",0.305356002514464
"LOC284632",0.305443053737832
"CDRT4 /// TVP23C /// TVP23C-CDRT4",0.305467981777172
"KPNA4",0.305489364994148
"SERPINB2",0.305499485654975
"SCAND2P",0.305516273196583
"SLAMF7",0.30560336492018
"TPSB2",0.305653823603765
"GPR114",0.305704136484404
"LRRC39",0.305796761963771
"AASS",0.305809056016042
"CMTM2",0.305821840496711
"TIMM22",0.305855115162546
"LOC101927499",0.305878161648535
"CNIH4",0.305993520790085
"LINC01424",0.306022349976518
"UBAP1",0.306075286416246
"EPS8L1",0.306145606485383
"GNG11",0.306173911530546
"LOC100130938",0.306260889161462
"FTCD",0.306367155075078
"C17orf105",0.306387143110378
"MAPK9",0.306421548560767
"MOG",0.306422740918014
"LINC01227",0.306434249121985
"SLC22A18",0.306472993030888
"HCRTR1",0.306589203465495
"VN1R1",0.306612781184265
"ARTN",0.306648135208885
"ADAMTS14",0.306752132725949
"TP73",0.306774765796462
"TAF1C",0.306840369609313
"MFAP2",0.306841903045435
"TXNRD2",0.306976732758801
"LOC101927720",0.306995495705193
"IMP3",0.307024412722942
"DUSP26",0.307068639570316
"LOC100271832",0.307115956192266
"GOLPH3L",0.307129404850119
"DQ594366",0.307143142340133
"SIAH1",0.307189832983143
"MAP6D1",0.307204172498976
"PKHD1",0.307238723734104
"NFIL3",0.30724914978417
"DDX60",0.307355466249249
"SSPN",0.307361959762207
"CTCFL",0.30742060291516
"AK093256 /// RP3-486I3.7",0.307565863715294
"PTK2B",0.307664702615705
"IGFALS",0.30766585791804
"LOC102723721",0.307676388074506
"NPY1R",0.307680561598405
"MDH1B",0.307907109656794
"LPAR6",0.307925135617911
"LOC648691",0.308001733235073
"ATL1",0.308123421670093
"LOC101926967",0.308199126133336
"IREB2",0.308204038754386
"APOB",0.308272678757525
"CAMK2N2",0.308329358642899
"C16orf91",0.308337693839923
"CLEC2B",0.30836901792886
"NOC2L",0.308371554018205
"ZNF732",0.308391454862465
"PLAG1",0.308456755990176
"ERV9-1",0.308457962300994
"CSK",0.308510204663815
"DUSP13",0.30851343835712
"BNIP3",0.308590365498495
"SCN2B",0.308677778137019
"TRIM72",0.308697410271155
"RP11-333I13.1",0.308729813028957
"CTNNA2",0.308733852537929
"OR7E37P",0.308738023396505
"TRIM56",0.308749092982601
"HLA-DRA",0.308757352864641
"SLC16A2",0.308760301957642
"RP11-461L18.1",0.308762542609341
"ZNF148",0.308768421758864
"GRAMD2",0.308833748931182
"YDJC",0.30889338765502
"LOC101928820",0.3090221406339
"ATP5L",0.309028166512374
"C1QB",0.309037470482565
"KIF27",0.309163896043447
"SPCS2",0.30918912861938
"MLXIPL",0.309201061193248
"CD99",0.309229000437318
"PIK3R2",0.309261855178276
"ZNF324",0.309326176839667
"TGM4",0.309362156506349
"FAM107A",0.30942977127954
"GBAP1",0.309443130280585
"LOC100505942",0.309490939352778
"ASPDH",0.309546083908107
"EHMT1",0.309614681520505
"HIPK2",0.309620404386857
"AC009120.6",0.309660823006964
"NSL1",0.309705032615829
"LARP6",0.309741821906911
"LOC100506411",0.309814369400006
"RP11-619L12.4",0.309874339880976
"ASCL2",0.309902460374038
"ORC4",0.310013107198819
"FAAH2",0.310213236933502
"TEX43",0.310224678328426
"LOC101060019",0.310227833661491
"UBXN4",0.310245049951435
"CGRRF1",0.310369444244582
"MGAT2",0.310405021938108
"CRY1",0.310445400751306
"STRBP",0.310472432346942
"IFNLR1",0.310487503377655
"EXTL3-AS1",0.310490105007453
"H2AFB1 /// H2AFB2 /// H2AFB3",0.310493737945984
"RAB5B",0.310515332314674
"MEGF10",0.31068520821729
"BCDIN3D-AS1",0.310712899589442
"SLC2A13",0.310737119235196
"AC012360.6",0.31079463872252
"B4GALNT1",0.31080485162835
"NCS1",0.310837860087366
"C3orf79",0.310841318367695
"TLN2",0.310852816928793
"DERL2",0.310901015450779
"LINC00106 /// LINC00106",0.310938553955428
"RAD51B",0.310940080908826
"GGTA1P",0.311037107550157
"SGSM2",0.31110645364894
"RP11-796E2.4",0.311189922357556
"LOC158960",0.311223829998848
"RP3-507I15.1",0.311284186162174
"P2RY8",0.311296097428936
"LOC283922 /// PDPR",0.311324561849723
"SYNPO",0.311417672455415
"ADCK4",0.311441758873427
"SMTN",0.311450535208158
"SLC1A4",0.311456280029744
"TMEM30A",0.311524809237582
"SEL1L2",0.311666944285039
"FOXN2",0.3116759126767
"KRT85",0.31172519753572
"VASP",0.311816224881683
"MFSD10",0.312088323561828
"KCTD14 /// NDUFC2-KCTD14",0.312105781654262
"HNRNPH2 /// RPL36A-HNRNPH2",0.312140107012707
"SSX4 /// SSX4B",0.312143709830872
"LOC100507054",0.312147904777802
"LOC101927877",0.312188069017066
"FSD2",0.312250802209441
"TTTY11",0.312254870005016
"FAM69A",0.312257480260442
"U2AF1",0.312352676045307
"CNTNAP4",0.312374946818585
"PPT1",0.312422865398127
"WFDC21P",0.312470994911602
"Igk",0.312479388447395
"HOXC5",0.312686947570206
"EPHA3",0.312716529144023
"ZNF671",0.312764949845781
"ZNF248",0.312769592340002
"TNFRSF1A",0.312779165989557
"NPHP4",0.312806298185001
"ZNF550",0.312837396442728
"ALG9",0.312840356124973
"DBR1",0.312841451008956
"LOC100130232",0.312970713305132
"RALB",0.31301313431044
"TRERF1",0.313021294141271
"INO80E",0.313037502091189
"TPRG1L",0.313170149595038
"CD8A",0.313221454609325
"PADI3",0.313244330223974
"SMKR1",0.313306519507617
"ATP2B2",0.313464901688263
"GPATCH2",0.313563459809437
"HMGB3P19 /// HMGB3P19",0.313737691470671
"EML4",0.313844088578465
"SLC35E2 /// SLC35E2B",0.313975460352727
"ANKRD30A",0.314002351440164
"DPY30 /// MEMO1",0.314109427983466
"RP11-495K9.5",0.314114441861316
"RNF32",0.31414515925753
"RP11-433A10.3",0.31415387958851
"G2E3",0.314202248083961
"RAD52",0.314203723803068
"LOC642533",0.314288511583343
"LBX1",0.314323039455061
"KCNJ11",0.314367753029717
"SPATA25",0.314464709000014
"ZNF620",0.314487605183345
"HYDIN",0.314497626172223
"DHRS7C",0.314551004501424
"KNTC1",0.314575271621612
"EXPH5",0.314628144560166
"BC024027 /// RP11-268G12.1",0.314824666276418
"DTNB",0.314916285854211
"CCDC61",0.314925429831331
"IFNAR1",0.314977384191658
"ANKRD33B",0.315003477035012
"RDH13",0.315038877012221
"AGO1",0.315095836516121
"C11orf71",0.315210176103496
"LINC01165",0.315212831317562
"CTNS",0.315285645893872
"TRAPPC3",0.315291290309948
"MRPS5",0.315384760655387
"STX16",0.31542948109952
"CSAG2 /// CSAG3",0.31542973670986
"DNAJB8-AS1",0.315474680985282
"VSTM4",0.315533770413411
"FGF23",0.315539414929759
"LOC100996724 /// LOC100996761 /// LOC101929792 /// LOC101930416 /// PDE4DIP",0.315546337014688
"TM9SF1",0.315563353280658
"PMS2P4",0.315795407171728
"TMEM119",0.315855670328649
"TRAM1L1",0.315889935464549
"STYK1",0.315907309667656
"UBE2C",0.31600684388647
"EPS8L2",0.316074348237314
"LOC401098",0.316083612569106
"LOC102723526",0.316118639236718
"LOC100630923",0.31614932318512
"TACR1",0.316175747055283
"TUBBP5",0.316185723190764
"LINC00210",0.316200791573819
"NAT10",0.316253571026576
"RAD9B",0.316267983008039
"CARS2",0.31628569051965
"SYTL4",0.31628735757243
"KIT",0.316464973786582
"HJURP",0.316523969803985
"LINC00965",0.316586503545515
"ABCG8",0.316611796185346
"NAP1L5",0.31664383551854
"C20orf173",0.316647122522654
"DUOX1",0.31665085755828
"CTD-2293H3.1",0.316886352790899
"NAGLU",0.31690909816167
"SFPQ",0.316930099776537
"C9orf69",0.316935290140584
"COX15",0.316982724973383
"IPPK",0.316989998726957
"LOC100506675",0.317017569109336
"PRR11",0.317061357333358
"PTPN20B",0.317165473953782
"SPAG5-AS1",0.317371096596832
"SP4",0.317384622933764
"PITPNC1",0.317490247094439
"LOC100505812",0.317598450025477
"NXPH2",0.317606923678553
"MAPK1IP1L",0.317704650907095
"AC013733.4",0.317765068566438
"POU5F1 /// POU5F1B /// POU5F1P3 /// POU5F1P4",0.317803463358208
"EDF1",0.317859546531427
"PRKDC",0.31787830704082
"RDH12",0.317898013146217
"EZR",0.317905611935299
"RP11-568N6.1",0.317977583926762
"TDH",0.318005883346657
"PAK3",0.318021797688598
"RP11-532F12.5",0.318066030810371
"MYH6",0.318087483718999
"VPS8",0.318091077127072
"C8A",0.318109365476171
"KHDC1",0.318124671038752
"AC005606.14",0.318146901342095
"TBK1",0.318229912622047
"RBMY3AP",0.318287268685208
"AC078883.3 /// AC078883.4",0.318345323327976
"PARD3",0.318409596290773
"RANGAP1",0.318518415423605
"WFDC13",0.318577103171115
"PCGF6",0.31859258206613
"PROCR",0.318618958850058
"IL12A",0.318627368871771
"EMX1",0.3186470878474
"GRIP2",0.318699887326464
"DTX1",0.318771172026571
"FGFBP3",0.318813861735226
"RPS2 /// SNORA64",0.318860002415756
"AP006547.3",0.3188753091875
"SWI5",0.318896928745142
"C6orf132",0.318925336491988
"PTCH1",0.318964537219892
"LOC441454",0.318973549028379
"ABLIM2",0.319010066388987
"AV2S1A1 /// TRAV12-2 /// TRAV12-2 /// YME1L1",0.319076126588923
"LOC101928647",0.31910758922988
"PKDCC",0.319126547041531
"PSMC4",0.319133308322104
"STK32B",0.319213110946686
"SNRNP70",0.319236439496508
"ATP11B",0.319276725530912
"GFRA3",0.319283739709557
"CCDC92",0.319310790532669
"OCRL",0.319321982011525
"LINC01210",0.319381755954862
"RP11-1069G10.1",0.319452908524748
"MSH2",0.319459565585268
"ENTPD4",0.319468704741799
"ARPC2",0.319481397168363
"LOC100288893",0.319550182737547
"UBE2V1P9 /// UBE2V1P9",0.319563268507184
"NECAB3",0.319565304561663
"TMEM33",0.319577315301716
"PTPN23",0.319615884478562
"RAB35",0.319623375440347
"ZNF548",0.319774179782598
"MYCBPAP",0.31983061400319
"LOC285419",0.319892048795919
"PPIE",0.319901017995672
"LOC100505478",0.319940907351633
"LOC102723600 /// MIR1302-10 /// MIR1302-11 /// MIR1302-2 /// MIR1302-9",0.320038248733632
"KIAA0391",0.320066375579897
"RP11-31K23.2",0.320095070940278
"PDZD4",0.320242412271964
"FRMPD1",0.320409339859846
"ZNF35",0.320417594307244
"LOC284009 /// METTL16",0.320418110390085
"SNHG4",0.32047015104016
"IL13RA1",0.320522367636843
"CLYBL-AS1",0.32059196755323
"CNGB3",0.320633052971548
"AF086102 /// RP5-994D16.3",0.32070947022419
"EIF2S3",0.320737445853198
"IL34",0.320801100768372
"RP5-882O7.1",0.320883634244475
"NBR2",0.320894619985917
"ABCA2",0.320956292392165
"CNKSR1",0.321039245915524
"BDNF",0.321054685748886
"CABYR",0.321097931073188
"LOC642426",0.3211163763108
"GUCA2B",0.321184180331972
"LOC102546299",0.321316842658725
"CMPK1",0.32133697167218
"EFHD2",0.32134479301325
"CAPN11",0.321349482451548
"HIST1H1B",0.321462770395854
"TRAPPC11",0.321465629330598
"LOC158434",0.321471427953321
"LOC100505902",0.321483022811848
"LOC101930296 /// TBC1D26 /// ZNF286A",0.321491046509219
"PLXNA4",0.321529746394201
"DNAJC17",0.321584704726192
"VILL",0.321598277206145
"CREBBP",0.321654292600072
"DYRK2",0.321663996184354
"LINC00491",0.321664202889207
"NT5C",0.321701328094329
"CTD-2008P7.1",0.321701510397323
"ETFA",0.321708627343103
"LOC101927900",0.321734612317808
"RPS10P2 /// RPS10P2",0.321755887545978
"DSCR10",0.321764922269895
"TMEM150B",0.321858470913026
"TMEM155",0.321982452105358
"HIC1",0.322065988101392
"PPAPDC3",0.322198140398762
"IGH /// IGHA1 /// IGHD /// IGHG1 /// IGHG3 /// IGHM /// IGHV3-23 /// IGHV4-31",0.32235503986135
"ASB15",0.32237330556405
"WDR88",0.322442786948862
"KLHL10",0.322484940554634
"KLHDC8B",0.322501258560939
"PPFIA4",0.322547202913248
"CCDC65",0.322611748021668
"FLJ25758",0.322621482161515
"HMGN3-AS1",0.322658989734476
"JMJD4",0.32270386298201
"MADCAM1",0.322744839944047
"IDI1",0.322853322196851
"GPR113",0.322985687936969
"NR2E3",0.323016290958868
"DTX2P1-UPK3BP1-PMS2P11",0.323027456557593
"IGKV1-37 /// IGKV1-37 /// IGKV1D-37 /// IGKV1D-37",0.323028348839587
"NAT14",0.323066166028735
"LYRM9",0.32307783300506
"HOXC8",0.323106773162923
"MTX1",0.323160732987439
"CFLAR",0.323198003674804
"SFXN1",0.323226785910172
"PCOLCE",0.32323672628606
"C2CD4B",0.323312246984967
"C14orf93",0.323413492367398
"C16orf89",0.323445377403038
"DMC1",0.323535111198664
"CCDC13-AS1",0.323565379323104
"NDC80",0.323604161788659
"FOXP1-IT1",0.323704368674772
"RP11-513M16.7",0.323772222130651
"STAT6",0.323801202592801
"RP11-257I14.1",0.323827936231999
"ARPC1B",0.323874995462557
"TRPC5OS",0.323898200670976
"CWC27",0.324002558659981
"RP11-740C1.2",0.32405103931526
"NXNL1",0.324131462510793
"C16orf71",0.324164290752141
"CASC14",0.324269357450144
"ZNF767P",0.324325604381814
"LOR",0.324326607629077
"HLA-E",0.324498036454048
"RP3-388M5.9",0.324595139956271
"ZNF594",0.32465188656394
"TRIM22",0.324692433882606
"TCP10",0.324709068918595
"HPS5",0.324753563617273
"KCNK4",0.324760119239592
"TMEM52B",0.324776756643388
"PLEKHG1",0.32478212650001
"GLI4",0.324813317320985
"ATRNL1",0.32483063808739
"RPS23",0.324896149037334
"LOC101928623 /// LOC401320",0.32490399249243
"IGH /// IGHA2 /// IGHD /// IGHG1",0.324909939385369
"CYTH1",0.324916984121721
"FAM129C",0.3249296546004
"CWC25",0.324954618992399
"MAF",0.325000928030085
"LOC339874",0.325027277312116
"AMFR",0.325052846725574
"MINK1",0.325061966263646
"LOC101929378",0.325077323303455
"LINC01127",0.325181910730081
"CETP",0.325292944544876
"LILRB2",0.325316424895908
"FLJ37786",0.325330641636338
"LINC00643",0.325349238945357
"GGT1",0.325443888283529
"TUBB2B",0.325493311378943
"EEF1DP5 /// EEF1DP5",0.325540519546582
"LINC00997",0.325564098920812
"EFR3B",0.325694476693606
"PRH1 /// PRH1-PRR4 /// PRR4",0.325748766041564
"SEC62",0.325757044984278
"TBX3",0.325771516477269
"SIRT6",0.325783015019303
"LINC01296 /// LOC100653149 /// LOC102725127",0.325803911592065
"CCNC",0.325866046038037
"DPP10-AS1",0.32586666922992
"UBE2R2",0.325876616223849
"NEGR1-IT1",0.325896116168826
"CNTD2",0.325924274816685
"LOC101929592",0.325937754565619
"HCG4",0.32597568893883
"BRCC3",0.32597782785306
"MIA-RAB4B /// RAB4B",0.326020583817743
"SGK494",0.326085290622296
"RP11-138I17.1",0.326098484599936
"GPR143",0.326433702244892
"IZUMO2",0.326549453294344
"SEC11A",0.326566093128215
"NR5A2",0.326587933987676
"ABCA11P",0.326594490486219
"CCND1",0.326612714334844
"PRR29",0.326613367876549
"AMER2",0.326632911408889
"SCYL2",0.326691887308156
"LOC145837",0.326717795168706
"SNHG1 /// SNORD22 /// SNORD25 /// SNORD26 /// SNORD27 /// SNORD28 /// SNORD29 /// SNORD30 /// SNORD31",0.326776703072752
"ART5",0.326785318686244
"RIC3",0.326933956741589
"SC5D",0.326987777190801
"ZNF670 /// ZNF670-ZNF695 /// ZNF695",0.326995219505691
"WDR86",0.327015794608583
"WDR54",0.327117323998243
"BANF2",0.327120049706487
"DUSP7",0.327126422368301
"DUT",0.32714931698791
"COX8C",0.327317012186335
"ZFP28",0.327358155737787
"TIPARP",0.327372975481275
"YPEL3",0.327416241116753
"LOC100507480",0.327437297010656
"RP11-171I2.1",0.327592531036666
"RP11-138A9.1",0.327663776828637
"RFNG",0.327689179176514
"MSRA",0.327730616608691
"NRG1",0.327819491832964
"PTPRJ",0.328014735358092
"ADIG",0.328038465310101
"SNRPE",0.328042787865311
"GOLM1",0.328164267758353
"LINC01184 /// LOC101929964",0.328169200491291
"H3F3A /// H3F3B /// MIR4738",0.328172467863114
"KCTD4",0.32817841741551
"FAM212B /// LOC101928718",0.328202855332537
"GPATCH4",0.32829365460625
"SHB",0.328314182074612
"RPF1",0.328361332474631
"OR2F1 /// OR2F2",0.328410467522956
"FAM110A",0.328472629141982
"RASL10B",0.328504979945914
"SAA2-SAA4 /// SAA4",0.328617120402467
"NYX",0.328618883259295
"CATSPER2 /// CATSPER2P1 /// LOC101930343",0.32869462618709
"RETSAT",0.328807167410309
"BCAS1",0.328865707847993
"GPCPD1",0.328962824292124
"RPL22P22 /// RPL22P22",0.328976287868575
"BLCAP",0.329038771272454
"LINC00112",0.329047307434054
"FASTK",0.329089237662754
"CD14",0.329138339451186
"UPP1",0.329138839631943
"CPS1",0.32914181513435
"CRIPT",0.32927690624482
"DLGAP2",0.329299146232877
"DOCK3",0.32932630435664
"LOC730139",0.329336460397839
"CAPN8",0.329383375480187
"LOC101927038",0.329386132958157
"ACSBG2",0.329439290437578
"ACBD3",0.329493332371259
"C9orf85",0.32955218901544
"LOC100129884",0.329556260821471
"BTNL3",0.329644957946076
"SPRED1",0.329771478862772
"MYL4",0.329788362054459
"RP11-52A20.2",0.329803004505329
"LEMD3",0.32987264893894
"LOC101928068",0.329900994388256
"CDH22",0.329912929095223
"PRIM2 /// PRIM2B",0.329980266227638
"GGT1 /// GGT2 /// GGT3P /// GGTLC1 /// GGTLC2 /// LOC100132705 /// LOC102724197",0.329983047082906
"ZFYVE20",0.329993587618919
"IGKC",0.330157387928727
"TRPM5",0.330182180285687
"RAB36",0.33022244877852
"TRPC7",0.3302771086371
"COG2",0.330304781132704
"KDM3A",0.330321824809392
"RPS2P45 /// RPS2P45",0.330325516439141
"SSH1",0.330326265892298
"CECR7",0.330343428986175
"PDE5A",0.330345118655889
"FDXR",0.330348257983053
"EPS15P1 /// EPS15P1",0.3303680127086
"LOC286370",0.330468353878672
"RSU1",0.330499856359815
"TBC1D31",0.330503630228021
"RAB2B",0.330555832846874
"IPO11",0.330587028586711
"C2orf16",0.330593202021274
"LINC00572",0.330631858564607
"TNIP2",0.330659296846765
"GCLM",0.330665005964079
"LINC00894",0.330669670909394
"FLCN /// PLD6",0.330683506837594
"SIGLECL1",0.330683549490663
"ANXA2",0.330697840840789
"MPL",0.33080101644513
"LOC645513",0.330809207685187
"ZNF41",0.330864916966278
"RPLP2",0.330878272480453
"ADAM33",0.330943003319893
"LRRC1",0.330955438710659
"ZYG11A",0.331094323608717
"ATIC",0.331125799252366
"TMEM31",0.331141912070573
"GPC6",0.331170547744358
"LOC401320",0.331228118554352
"ZNF574",0.331316075451795
"PPP1R12C",0.331350847784194
"PGAM5",0.331359436538077
"WT1",0.331374486387932
"LOC101927531",0.33139242150982
"H2AFX",0.331445657820888
"OR7C2",0.331553641911855
"TBX22",0.331556887546516
"LARP1B",0.331569686814023
"SYNGAP1",0.331662736531992
"ZMYND19",0.331683181516036
"WBSCR28",0.331745099008654
"TNMD",0.331826714922073
"NOTCH1",0.331849788838754
"C21orf88",0.331874046781394
"DHPS",0.331876189475345
"ARHGAP11A",0.332086299057526
"SSR4P1",0.332189451422848
"IRF2",0.33219562436072
"AX746710",0.332287108901125
"DKFZp434J0226",0.332351489818089
"RAI14",0.332369211070982
"AIF1",0.332374258372808
"GREB1",0.3324286872689
"SSPO",0.332497344556523
"RECQL",0.332497807174095
"CLK3",0.332581184941274
"LINC00463",0.332590076533582
"PLAGL1",0.332703837337724
"LIPH",0.332714046245127
"SAMD9L",0.3327193969582
"CYAT1 /// IGLC1 /// IGLV1-44",0.33285971519949
"FAM175A",0.332920656598481
"BAGE",0.332924087243176
"ADNP",0.333101056241394
"RGAG4",0.333193956040942
"ARHGEF3",0.333201139013649
"PANK4",0.333265595039447
"ZC3HAV1",0.333266298440275
"ABI2 /// RP11-363J17.1",0.333284713113526
"TTTY2 /// TTTY2B",0.333383511432425
"MRPL39",0.333469398892306
"AP001171.1",0.333492897802092
"MGC40069",0.333517742236785
"FLJ33544",0.333522911181108
"A4GALT",0.333720991745796
"THTPA",0.333744292936536
"SH3PXD2B",0.333753629418645
"SLMO2",0.333791403401276
"KIAA1755",0.333824223048913
"SNRPN",0.333827799901053
"TDRD6",0.333847921451882
"MGC13053 /// RP11-770J1.4",0.333874368381656
"CDK12",0.333948619341458
"LOC286071",0.333952656402496
"RP11-6F2.5",0.334083335977662
"C1QTNF4",0.334173074796904
"TRIP11",0.334178922875996
"RHNO1",0.334213475314217
"RP6-201G10.2",0.334246212943083
"MAT2A",0.334260719148412
"NDUFB6",0.334341542548591
"ORMDL2",0.33434169287932
"GGT1 /// GGT2 /// GGTLC1 /// GGTLC2",0.334490097757957
"NBPF3",0.334533659672474
"LOC653160",0.334591480412252
"HOMER2",0.334619849714902
"CTA-390C10.10",0.334696382581019
"LINC00403",0.334731729932289
"LRRC48",0.33476755011973
"LRRC23",0.334820272091034
"ZNF396",0.334841261222423
"CASC10",0.335025171241246
"ERICH6",0.335027531033863
"HCAR3",0.335029258782952
"LONP1",0.335117845436058
"RPRD2",0.335124169120587
"CORIN",0.335129285800717
"SLC31A1",0.335129295006144
"SMARCB1",0.335200657053114
"RP11-619L19.1",0.335369109160968
"HPS3",0.335514096617863
"ANKRD30B",0.335544310668548
"LIFR",0.33555274095889
"OTX2-AS1",0.335589707310532
"PLCL2",0.335608568352811
"ADO",0.335668479950759
"DQ573539 /// SNX18P3 /// SNX18P3",0.335674887708805
"FLJ16124 /// LOC101927533",0.335841572675641
"GUSBP1",0.335933482099941
"HEXB",0.3360014805376
"LOC90784 /// POLR1A",0.336030690541434
"LHX2",0.336062025822863
"LOC101929335",0.336077393999185
"CDC34",0.336127111604621
"SLC35G3",0.336189538852844
"DCAF10",0.336245236648732
"MSX1",0.336253031201891
"PCDHGA8",0.336269767081487
"LINC00933",0.336305746200205
"CCDC144A /// CCDC144B /// CCDC144CP /// LOC101929141",0.336343963778168
"ARHGEF9",0.336351540802938
"COQ6",0.33637437669844
"LYSMD1",0.336397209687145
"TIMD4",0.336425333395377
"FTHL17",0.336430694035594
"P2RY11 /// PPAN-P2RY11",0.336503596831405
"C11orf86",0.336558826273745
"FAM198A",0.336570822881221
"C8orf31",0.336578575840417
"ABCE1",0.336591341691145
"TPSAB1 /// TPSB2",0.336660768387232
"TDRD3",0.336700783583268
"MS4A5",0.336706474846546
"SSX3",0.336740478266831
"GRM4",0.336746001802773
"PPHLN1",0.336759044867247
"IL25",0.336895049183775
"WAPAL",0.336946674475229
"PHF13",0.336963222604166
"VPS18",0.336976509972566
"LINC00853",0.337008073170232
"NUDT2",0.337021867396355
"LOC101928271",0.337025441850842
"SMN1 /// SMN2",0.337029668710866
"HSF2BP",0.3370398030166
"FBXL5",0.337065552628984
"MUC20",0.337173723535919
"GTSE1-AS1",0.337200010112957
"CARD18",0.33722412212239
"VAMP5",0.337243510704084
"POU3F4",0.337249547361639
"CAPN10",0.337260946176246
"FBXW8",0.337281478763454
"MAGI2",0.337312651483367
"PCP4L1",0.33741016130262
"LPPR2",0.337432438699751
"PAX8",0.337578576329788
"UFSP1",0.337672145487974
"ODF3",0.337694216300676
"ELAC2",0.337725485296427
"ZNF471",0.337767659646173
"AC003973.4",0.337788391090973
"KCTD9",0.337836100158462
"XIAP",0.33783625266283
"NKX6-1",0.337870097107572
"UBE2S",0.337914050799943
"SUDS3",0.338059359246746
"PON2",0.338101620415028
"LARP7",0.33813984482088
"RP1-93H18.6",0.338148760482672
"C1D",0.338169812393086
"EFCAB2",0.338209169079886
"CMTM1",0.338236629485296
"ZNF609",0.338312334851611
"RSPRY1",0.338326931400497
"LINC00543 /// LINC00543",0.338372414340419
"INSL5",0.33850529201294
"MAP2",0.338639530970672
"RFX7",0.338678394764815
"CR936796",0.338709879167325
"UHRF1BP1",0.338716356901469
"SIRT3",0.338784353290903
"CHMP7",0.338855875900443
"ATG10",0.338857379223417
"INSM2",0.33895591444031
"KRTAP9-9",0.33903922544965
"GOLGA8N",0.339079074570042
"GABRA5",0.339158447713683
"ATP6V1G2-DDX39B /// DDX39B /// SNORD84",0.339254383934187
"LINC01360",0.339431634494686
"ADD3",0.339444289969007
"LINC00161",0.339488251239141
"TMEM80",0.339579809753547
"SHISA9",0.339662894819923
"RGS9BP",0.33968936602666
"LOC646482",0.339705577906726
"GPKOW",0.339730660360493
"CELF2-AS1",0.339770202813913
"C9orf41",0.339893590897681
"HSFY1 /// HSFY2",0.339956992727576
"AKR1C1",0.339965818990259
"AOC1",0.339991579345871
"LOC100131043",0.340004809591056
"NPY5R",0.340027472667235
"RP11-60A24.3",0.340052098906709
"TMEM51-AS1",0.340190896223138
"AIM2",0.340292010815757
"FLJ35700",0.340329808797934
"RYR2",0.34036580695187
"LINC01342",0.340404892950483
"AC007680.2",0.340482376504237
"OGT",0.340533262006795
"ZMYND11",0.34065950997324
"VNN1",0.340765885703821
"POM121L2",0.34088045585584
"FAM127A",0.34092688778132
"CINP",0.341127138900342
"GPS2",0.341261721001052
"DPH1 /// OVCA2",0.341263114207242
"ARID5A",0.341299864533021
"SLC45A1",0.34131558676303
"QPRT",0.341325543289866
"MIR6787 /// SLC16A3",0.341347821595842
"TXNDC9",0.341352266877565
"ZSCAN31",0.341388761421313
"MAPK11",0.34151998759218
"SLC25A19",0.341531071920189
"ZNF74",0.341561368206333
"RP11-271C24.3",0.341694857674991
"PPP2R5C",0.341733186629898
"TAS2R50",0.341748705003896
"SLAIN2",0.341786935812734
"UFM1",0.341810045997028
"LINC00564",0.341843506321132
"BC039537 /// RP11-30L15.6",0.341891077205567
"PHLPP2",0.341904262041942
"NNAT",0.34195066563497
"CLLU1 /// LOC100507616",0.341951098915423
"TRMT1",0.342023159465918
"KIR3DS1",0.342188101847374
"PTPRN2",0.342194523922016
"RP4-710M16.1",0.342199652345342
"AX747191",0.342221869986436
"P2RX5",0.342412483077388
"LINC01255",0.34241530966881
"LOC100506235",0.342612649062821
"FAM110D",0.342702333740739
"MEN1",0.34272045714602
"DYRK1A",0.342731646764863
"BOD1L2",0.342807292192448
"CYP3A5",0.342811216100896
"LOC101927824",0.342818213926871
"TIPIN",0.342820991896714
"GKN1",0.34282874024237
"RP11-710C12.1",0.342903585704263
"INPP5A",0.342909240995674
"RP11-649A18.7",0.342995080270119
"R3HCC1L",0.34303067753724
"GJD3",0.343052096471445
"HELB",0.343066976353694
"RCVRN",0.343183743633961
"MECOM",0.343254543134001
"SLC44A1",0.343280168516675
"SCARA5",0.343291559256882
"LOC100128325",0.3432975145817
"DIS3",0.343300966135031
"ZYG11B",0.343306284340047
"LOC283357",0.34342015157781
"YWHAH",0.343428627362661
"TAF6L",0.343444744073469
"NT5DC4",0.343524283180526
"TMEM259",0.34352694850382
"AA06",0.343564701645331
"KCNN1",0.343609725178907
"OR10D1P",0.343621389805796
"KCNA10",0.343639257059987
"ZDHHC8P1",0.343640301198208
"SHANK3",0.343651684675505
"FAM86B1 /// FAM86B2 /// FAM86C1 /// FAM86DP /// FAM86FP",0.343683229878191
"TTLL3",0.343714442041361
"ZDHHC7",0.343736335046419
"RP11-340A13.1",0.343838927947953
"LGI4",0.343927311104793
"LAMTOR3",0.343934548493605
"CDH13",0.34394244711599
"CHST7",0.343950832584561
"IQCF6",0.344063352689368
"LINC01356",0.344070010530767
"GRIK2",0.344077771955214
"SIGLEC16",0.344086437809763
"AC007401.2",0.344109671015153
"IQCG",0.344145673766661
"CXorf57",0.344303540246051
"SPATA5",0.344326572755304
"ZCCHC7",0.344367336002431
"MGC20647",0.344383803055558
"HDX",0.344404112243433
"CTD-2587H24.10",0.344419422874449
"MIR1304 /// SNORA1 /// SNORA18 /// SNORA32 /// SNORA40 /// SNORA8 /// SNORD5 /// TAF1D",0.344422628219678
"OGFR",0.344499626215959
"IGHG1 /// IGHM",0.344519532456096
"CAMK2D",0.344557207055002
"PPP2R1A",0.344578997060932
"RP11-960B9.2",0.34465088550905
"PPP1R12A",0.344764806197488
"TM9SF3",0.344853540712273
"SLC25A39",0.344860440260917
"SETD3",0.344870381376135
"RIMKLA",0.344943109408107
"NPEPPS",0.34505993299132
"EIF2AK3",0.345169880179528
"TUBD1",0.345209801337625
"ALKBH2",0.345322735607725
"RPTN",0.345332196632506
"SLC6A17",0.345362384216524
"RP11-806L2.2",0.345381630286697
"PPP2R2D",0.345393294581698
"SIGLEC15",0.345468093437691
"EXOC8",0.345531937584189
"CTSA",0.345636052581029
"LHFPL5",0.3457694997694
"IL26",0.345784190410437
"LRP5L",0.345818613627963
"GLTSCR2 /// SNORD23",0.345858641572239
"HBE1",0.345879614693765
"HDAC6",0.34591468055727
"FLJ27354",0.345971516159231
"OAZ1",0.346006255340909
"LINC01093",0.346006329031644
"C1QTNF6",0.346078253775962
"PGGT1B",0.346086924390873
"LOC101928797",0.346124751720945
"STAT5A",0.346132870388269
"CFH /// CFHR1",0.346190027075394
"LOC101928259",0.346238344117135
"LOC101928107",0.346241701556427
"SGOL2",0.346285776706483
"LOC654342",0.346324322895065
"TRPC6",0.346345724470949
"WDR96",0.346348805080426
"LAPTM4B",0.346388859182264
"LOC102724985 /// PDXDC1 /// PDXDC2P",0.346405203237395
"KRTAP4-7",0.346407283012829
"PAQR7",0.346422283375054
"JAKMIP2",0.346544842845742
"RP11-552F3.10",0.346636028086882
"FAM71A /// FAM71A /// RP11-338C15.5",0.346722121192267
"LOC100506175",0.346777520175613
"SYT12",0.346785483224003
"ATRX",0.346809872427724
"LINC00557",0.346827674917515
"LOC101928343",0.346968499563843
"TNFAIP8L3",0.346987666403579
"LMAN2",0.346989798667414
"TFPI",0.346997637811425
"TMEM72-AS1",0.347005245185163
"MANF",0.347022655175933
"LOC102724537",0.347046498636903
"DCTN1",0.347236464498295
"TMBIM6",0.34730112098255
"LOC100131170",0.347373633759622
"FW340027",0.347387439851907
"MIR1292 /// NOP56 /// SNORD110 /// SNORD57 /// SNORD86",0.347454662747634
"DDX11",0.347491505224979
"RP1-20C7.6",0.34756037340782
"RPS6KA2-AS1",0.347717706433381
"LHX9",0.347723070723498
"MBLAC1",0.347756188363059
"MISP",0.347771364591456
"CD96",0.347774701081727
"SLC45A3",0.347795117844651
"VGLL2",0.347802054422189
"SND1-IT1",0.347837003808993
"PDZD7",0.347843913344551
"SLC17A2",0.347864469645393
"PKLR",0.347886451259838
"LINC00311",0.347895276536823
"LOC100506289",0.347972966270164
"LOC101927967",0.348043341539218
"ASB4",0.348051346571368
"MFHAS1",0.348170580317161
"ASAP2",0.348237274199897
"CDC42BPG",0.348241546299305
"C1orf109",0.348323555965952
"DNAJC3-AS1",0.348367213529134
"CLEC4E",0.348394851531585
"LOC285043",0.348499493490662
"SF3B3",0.348508912515688
"LOC286177",0.34851297781739
"ALDOC",0.348605977029054
"NDUFAF4",0.348662271727586
"ATG3",0.348780932248832
"ENTPD7",0.348863494891504
"TTR",0.34902134426065
"NEK11",0.349109661739762
"MRGPRX1",0.349164466239562
"UXT",0.349367929277234
"PYCARDOS",0.349384098606261
"VMA21",0.349399401327569
"C11orf87",0.349427139255004
"AIP",0.349548114186998
"RP5-1119A7.11",0.34959154564508
"NR6A1",0.349597647892071
"LOC100996263",0.349631291412279
"VN1R4",0.34969604462419
"KPNA2",0.349710740239871
"CASZ1",0.349825908421833
"IGHD3-16 /// IGHD3-16 /// IGHG1 /// SKAP2",0.349835333473309
"SUB1",0.349917028881755
"PERM1",0.3499711568683
"TPRG1",0.350100662651676
"LINC00487",0.350136071208562
"GPR50",0.350207972307199
"HEPACAM /// HEPN1",0.350234947309688
"MOV10",0.350292590091662
"DICER1-AS1",0.35035088754239
"LOC100507507",0.350404229355468
"ADNP2",0.350407211687246
"RP11-396F22.1",0.350505893562676
"OCR1",0.350588498420426
"INSIG1",0.350663045407347
"SLC30A4",0.350730667363683
"TAF1A-AS1",0.350802589350812
"PROSC",0.351009895586623
"BCAS2",0.351038117447107
"PSMG2",0.351046527764247
"EDNRB",0.351084481024225
"KITLG",0.351094845071093
"CYB5D2",0.351117262510859
"UBR4",0.351161297579263
"LIPI",0.351198248208154
"NUSAP1",0.351374046901176
"ZNF213",0.351456250472033
"RP11-95H11.1",0.351527767544203
"GORAB",0.351544537637048
"NENF",0.351631225699375
"MUM1",0.351732903414094
"LOC646778",0.351764288499375
"CYP2B6 /// CYP2B7P",0.351764570450505
"ATP10D",0.351802271592941
"SNORA78",0.351820013228941
"CCZ1 /// CCZ1B",0.351862523413326
"AHSG",0.351880228429799
"BFSP2",0.35191383321244
"CLEC16A",0.351916850871218
"HMGN2P9 /// HMGN2P9",0.351917631148258
"LOC285422",0.351931156276272
"GPAM",0.351976735905741
"RHBDF1",0.352165610067666
"SPPL2B",0.352182461137005
"NECAP1",0.352194490603638
"PIGX",0.352255317794325
"ZCWPW2",0.352310304538564
"KIAA0408",0.352354119179227
"LOC101929949",0.352417323738941
"WNT16",0.352428104218873
"LTC4S",0.352435861921449
"BC036830 /// OVAAL /// RP11-522D2.1",0.352469049295686
"CD180",0.352557233187436
"GOLGA6L4 /// GOLGA6L5P /// GOLGA6L9 /// LOC102724093",0.35263218254127
"C15orf45",0.352633686898109
"MPP2",0.352645625757981
"ZNF43 /// ZNF729",0.352655512046058
"FAM41AY1 /// FAM41AY2",0.352723337038027
"LOC100130476",0.352811525953268
"C17orf62",0.352882161925829
"SLC25A35",0.352915863786391
"LINC00908",0.35294110328325
"ID1",0.353027820976237
"CACNB2",0.353032463463391
"LILRB3",0.353039909524825
"MYL3",0.353076933137745
"PMS2 /// PMS2CL",0.353109245418226
"BLK",0.353138587119835
"LINC00343",0.353203636426599
"PLEKHA2",0.353265489099437
"LINC01126",0.353329142344421
"TGFBR3",0.353365055159929
"REEP5",0.35342231411677
"TNS3",0.353435578599855
"DCLRE1B",0.353492486269427
"DKFZp434L192 /// LOC100653233",0.353501934972652
"SCOC",0.353506774982938
"PRDM7",0.353538013486865
"LOC101927616",0.35356046022055
"DNAAF2",0.353696821913968
"RSL1D1",0.353733631973679
"ZNF600",0.353804489906893
"BMP1",0.353880239559322
"ASB13",0.353901249035895
"CPSF3L /// MIR6727",0.353943564097478
"LOC200609",0.354053762359299
"APOA4",0.354071748305632
"TRPC4AP",0.354080505685816
"COMMD4",0.354159189952499
"LOC101927211",0.354198493831458
"LOC101927560 /// LOC101927587",0.35422243881533
"C21orf15 /// LINC00417",0.354312143418998
"MIR424 /// MIR503 /// MIR503HG",0.354314982685851
"ANAPC4",0.35438627255124
"GABARAPL2",0.354468295527756
"LDHB",0.354469833676095
"PLD1",0.354505675815666
"CTD-2547L24.4",0.354606712299149
"RPS10P7",0.354684796712499
"C1orf159",0.354740512553386
"CFHR3",0.354793557521311
"SIX1",0.354907725278462
"GLIDR",0.35508348488728
"TRIM17",0.355110351377132
"LOC101929050",0.355140861526679
"TIMM8B",0.35517633839802
"FLJ36848",0.355193100494957
"RP6-24A23.7",0.355234928114588
"CST2",0.355270258693817
"BCL7B",0.355327883876787
"SPOPL",0.35533687542513
"BMP2",0.355337345656943
"LOC440346",0.355342619515208
"FCHSD2",0.35534330520172
"ST6GALNAC2",0.355500328781291
"ECHDC1",0.355520328132815
"NPTN",0.355547917658857
"RNF185-AS1",0.355548173251635
"CELF4",0.355576726933723
"LOC151174",0.355599676088662
"XPNPEP1",0.355621335651825
"FBXW7",0.355644856679588
"FAM131B",0.355656009820265
"VN1R2",0.355690912177184
"C22orf15",0.355745021822199
"DCDC1 /// DCDC5",0.355764636826648
"LOC100507431",0.355769291499063
"HOXA2",0.355771498567271
"OR4C1P",0.355819070083538
"SCN4A",0.355880629888855
"SNX4",0.355994507504193
"XKR4",0.356029160435428
"VASH1",0.356053579446941
"RP3-400B16.4",0.356257690597939
"SH2D5",0.356261105484637
"GIMAP8",0.35627995352743
"SUGT1P1",0.356304476571507
"KHDC3L",0.356304568616843
"EME2",0.35630915270759
"LOC100130278",0.356423045796543
"TGFB1",0.356503065371673
"MFSD8",0.356518776064027
"RBM46",0.356565546734966
"TBC1D4",0.356585928929775
"UBN1",0.356622942938887
"LOC102724362",0.35665786828495
"BFAR",0.35666074232458
"PLCB3",0.356691530822683
"IFI27L2",0.356740095258443
"HSPA12A",0.356860509859568
"NPAS1",0.356887729495176
"LOC101928104",0.356894566330156
"B3GNT9",0.356999748157933
"KCNQ1-AS1",0.357051257962074
"BRE",0.357113560146807
"ACBD5",0.357158601697896
"CCL5",0.357174342104345
"ANP32E",0.357188453940201
"CDC16",0.357228056237906
"CCL24",0.357238402828981
"ERP27",0.357289004877131
"ALOX5AP",0.357333379022217
"ZMYM4",0.357396279041841
"RPL39",0.357407638971872
"ALKBH3-AS1",0.357417923815438
"C19orf45",0.357447953974371
"PDE9A",0.357454531092769
"CTD-2377D24.6",0.357478413959894
"KIAA1614",0.357554717739444
"WISP3",0.357595430625003
"HEBP1",0.357612007691117
"CASP10",0.35769293960863
"C7orf34",0.35771248068617
"RP13-1032I1.7",0.357788613325444
"HNRNPUL2",0.357997670194992
"ZNF771",0.358092771423087
"PTOV1-AS1",0.35811593241533
"BRF2",0.358137379207957
"DACT3-AS1",0.358156600651205
"LOC101929304 /// SNX29",0.358195255821576
"TMSB4Y",0.358294096190455
"FRMPD3",0.358319649799745
"CCT7",0.358334396341636
"OSGIN2",0.358399024680451
"RMST",0.358432927009432
"BCL2L2-PABPN1 /// PABPN1",0.3584412900189
"ZNF644",0.358642500377968
"RP1-135L22.1",0.358683994481139
"RP11-567I13.1",0.358692676906986
"PLEKHA6",0.358727358200611
"ZSCAN1",0.35873387219757
"C1R",0.358800272875744
"FKBP2",0.358885158301092
"SFXN5",0.358937377260592
"MYL6B",0.359022736266522
"LOC101060264",0.359039485316392
"CENPP /// LOC100128361",0.359103065838977
"FOXD3-AS1",0.359158085631223
"LOC101928557",0.359279823418323
"MTFR1",0.359280273052338
"ITIH6",0.359329802280885
"NEK6",0.35933735644464
"LOC100128751",0.359352676973662
"DEFA6",0.359463522750143
"LOC102724870",0.359490452738768
"BST1",0.359510057032517
"PPCS",0.359512722407393
"GREM1",0.359631389735651
"DGAT1",0.359647699656351
"REXO4",0.359708557625842
"MNS1",0.359722632980174
"RPL7L1",0.359759534716342
"KLRF1",0.359814575411597
"GARNL3",0.359819013767306
"EXOSC6",0.359904908036455
"PLEKHG4B",0.359925971168267
"ZNF90",0.359977971121723
"TMEM220",0.359994055073705
"STARD8",0.360095970874173
"CYCSP44 /// GS1-103B18.1",0.360138083617544
"PTPN18",0.360175216106575
"CBX6",0.360225193401852
"LOC101927228",0.360245730165914
"INTS1",0.360251932357378
"TCRA /// TCRAV5.1a",0.360309001978494
"NME6",0.360313793233755
"MIATNB",0.360364524259915
"ACYP2 /// LOC101927144",0.360446171530107
"KLF7",0.360502973958842
"RALGAPA2",0.360511215613248
"CSNK1D",0.360537677503226
"CRTC1",0.360572966680506
"MDGA2",0.360582556733079
"OTUD3",0.360617510718616
"TPD52L1",0.360641961033148
"FAM104B",0.360645861255031
"ZDHHC17",0.360669407677404
"LINC01410",0.360733994529747
"ADAMTSL1",0.360819392936013
"CLCN6",0.36086132616975
"TRPV3",0.360950403425158
"CD300LG",0.360964906831368
"IGK /// IGKC",0.361013833709352
"AY927499",0.361179000828513
"WFDC5",0.361268144068371
"CDHR2",0.36134299981492
"TLR8",0.361345703973486
"SNAPC4",0.361371911929884
"MAGEB4",0.361376588623252
"S100A14",0.361400705858297
"NUTM2A /// NUTM2B",0.361419427824126
"ZNF189",0.361428960562982
"RP11-731J8.2",0.361443395632589
"LOC100288181",0.36144880708591
"SUZ12P /// SUZ12P1",0.361491520194152
"MROH7-TTC4 /// TTC4",0.361499574020309
"TNRC6C-AS1",0.361544812630962
"LOC101928134",0.361547813953524
"TMEM121",0.361628207291587
"ATP6AP1L",0.36169101599263
"THAP10",0.3617222360754
"TSPAN16",0.361784367536992
"OXER1",0.361815595686361
"COL11A2",0.361891737239981
"SPATA31A1 /// SPATA31A3 /// SPATA31A5 /// SPATA31A6 /// SPATA31A7",0.36192200782218
"RFXAP",0.361927056225016
"RTEL1-TNFRSF6B /// TNFRSF6B",0.361955831161803
"ZNF490",0.362020285789326
"FOXE1",0.362044364416736
"PTER",0.362075515329579
"COX6B2",0.362223531504151
"SETMAR",0.362354414966932
"FAM96B",0.362365284765258
"PLEKHF1",0.362482412492528
"ITGAL",0.362486297554159
"CHRNB4",0.362498968228701
"SPECC1L",0.362531806365699
"BGLAP /// PMF1 /// PMF1-BGLAP",0.362543427364676
"LOC100507351",0.362698175721523
"EBF3",0.362728131505691
"C17orf100",0.362877817150444
"SLC25A45",0.362888199606137
"FSHR",0.362893981178436
"HOXD8",0.362951419220676
"RP5-991G20.4",0.363056630138952
"LOC101927972",0.363074575435137
"TMEM184B",0.363160291408006
"RP11-266L9.1",0.363161759966943
"KIAA0226L",0.36319121383403
"KCNK15",0.363249209249639
"IL4R",0.36325020290436
"MOB3C",0.363269274469188
"LOH12CR2",0.363445463584756
"AKAP6",0.363500300693521
"FNBP1",0.363562629484106
"LINC00475",0.363784373455057
"AC128677.4 /// CH17-132F21.1 /// IGKV1OR-1 /// IGKV1OR-1 /// IGKV1OR10-1 /// IGKV1OR10-1 /// IGKV1OR2-2",0.363893350915493
"RPL23A /// SNORD42A",0.363984063429741
"ATF6B",0.364032532304562
"ZNF557",0.36403643485233
"RPP25L",0.364042039759587
"NFXL1",0.36405525859237
"TNNI3",0.364176698434328
"SALL4",0.364264384582957
"MOXD1",0.364296422183503
"RUFY2",0.364317286516189
"KIAA1377",0.36442368768709
"PCYT1B",0.364510314969546
"BCAN",0.364573645947793
"TPTE2P5",0.364672029576367
"NOLC1",0.36467324432887
"AGAP11 /// AGAP4 /// AGAP6 /// AGAP7P /// CTGLF12P /// LOC101060581",0.364780751471255
"NT5C3B",0.364806414649073
"WWC2-AS2",0.364824290251963
"LOC102724156",0.364824706324762
"KLB",0.364916895934382
"CCNYL1",0.365002001841268
"APTX",0.365007013111032
"LOC100505874 /// MLLT10P1",0.365008681130037
"C6orf58",0.365047101272052
"LOC729732",0.365049801062623
"ST6GAL1",0.365061813241971
"STAT2",0.365093001211337
"C14orf39",0.365100078094377
"KCNA4",0.365125038194264
"ABCC3",0.365181452567031
"SERPINA3",0.365239593224539
"RP11-391M1.4",0.365242046730144
"SH3BGRL3",0.365316963367672
"IFNA16",0.365346780666668
"ADCY3",0.365426327780565
"LRRC42",0.36546863762232
"ENPP3",0.365521455827794
"RPL18P10 /// RPL18P10",0.365524159740373
"CLEC3B /// EXOSC7",0.365621338724072
"LMAN1L",0.365667540387774
"ZNF786",0.365682233549749
"BRDT",0.36569809013654
"EPB41L4A-AS2",0.365770931602029
"TBC1D28",0.365778162982686
"RP11-629E24.2",0.36579913552239
"ARMCX5",0.365812345009551
"AV8S2 /// TRAV13-2 /// TRAV13-2",0.36581501488185
"MIR7114 /// NSMF",0.365886328891443
"MEF2D",0.365913829279217
"RNASE7",0.365920845957779
"GS1-124K5.11",0.365949316707121
"GNL1",0.365957290013117
"GRIA3",0.366006962828939
"FBXO40",0.36601624308331
"KDM7A",0.3660363910737
"TBR1",0.36604360712194
"ZBTB11",0.366049033567272
"KMT2B",0.366081859417063
"MAGEA9 /// MAGEA9B",0.366108355447084
"SPN",0.366109992821552
"RNF20",0.366165025003326
"PABPC3",0.366181033696004
"MAGEB18",0.366187251295211
"RPS23P6 /// RPS23P6",0.366229963987644
"LOC101927330",0.366267489533563
"FAM50B",0.366297511673037
"KCTD18",0.366302054602109
"SETD6",0.366334545840506
"MIS12",0.366393419388914
"NDUFA4",0.36639579611566
"LRRC32",0.366426553562652
"LOC729870",0.366463996353714
"RP13-20L14.1",0.366525332272783
"RBL2",0.366561535777219
"SLC38A11",0.366581762290095
"KIAA1522",0.366601680992538
"RNF144A",0.36665681321776
"FLI1",0.36668412988597
"ZNF770",0.366792704712451
"CCDC62",0.366802011559958
"ARL2BP",0.366809950359921
"HAX1",0.366838569203077
"LOC100505874",0.366850727157918
"MSTO1",0.366911846936235
"IL10",0.366923842625299
"EDEM3",0.366960765518382
"SIGLEC9",0.366974923312465
"AK097370",0.367085960116219
"CTA-254O6.1",0.367109645377491
"CPA3",0.367175769936026
"TNIP3",0.367176249282051
"SLC13A1",0.36720766719936
"KB-1410C5.2",0.367210165288749
"LOC100287704",0.367257720915353
"HAAO",0.367338179412283
"DUSP8 /// LOC101927562",0.367353948880468
"MYL12A /// MYL12B",0.36738940196797
"MAZ",0.367412518225399
"TBC1D8",0.367432871568126
"IQCF3 /// IQCF4",0.367470270629201
"LOC340090",0.367559541918601
"BC042855 /// RPS11P6 /// RPS11P6",0.367572373090073
"MAPK3",0.367607085062181
"C3orf62 /// MIR4271",0.367618312903782
"ZNF500",0.367681862266491
"POMC",0.367682736852911
"EXOG",0.367774264897995
"RPL37A",0.36785823378432
"PIGP",0.367880865592674
"AK093205",0.367948189968661
"RP13-238F13.5",0.367958584888598
"C1orf162",0.367980194746817
"PLCE1",0.367988625948805
"SKA3",0.368002508895265
"POU5F1P3",0.368045648208839
"CYCSP19 /// RP11-3L10.1",0.368097757520804
"LOC646626",0.368125313195609
"ZNF587",0.368165895874675
"APOA5",0.368177602599425
"VSX1",0.368180905081729
"NT5DC2",0.36821309607638
"EIF2A",0.368289427086562
"CLDN5",0.368395955047006
"SRSF10",0.3683974883136
"AP5Z1 /// MIR4656",0.36842120122298
"HLA-DPB1",0.368512353426462
"APOL5",0.368523576612669
"LOC100130992",0.368527565584857
"KCTD20",0.368532414924802
"MYADM",0.368536411433955
"LDHC",0.368541661551885
"FAM9B",0.368547233062882
"IQCJ-SCHIP1-AS1",0.368608220285707
"LOC285857",0.368618777863426
"GJB1",0.368654453503016
"WBP4",0.368719499959463
"FCER1G",0.368753812258215
"SLC28A2",0.368790146042568
"MIR3663HG",0.368794415088517
"HIST1H4D",0.368832333649156
"MIER3",0.368879094571846
"ARPC4 /// ARPC4-TTLL3",0.368902614789293
"PYROXD1",0.368903053725233
"POT1-AS1 /// RP11-3B12.1",0.368918696824735
"SYNGR3",0.369021625896945
"LOC101930052 /// LOC102724562 /// MST1 /// MST1L /// MST1P2",0.36904791846423
"VAPB",0.369051063234092
"CEP83",0.369063967905608
"FOXK2",0.369077848299444
"EIF2B3",0.369082987373434
"SOX8",0.369128269014588
"MAPKAPK2",0.369153495698147
"C9orf62",0.369177413131315
"RPS17P5 /// RPS17P5",0.369289282088379
"BACH1",0.369310996131941
"PPOX",0.369376333580752
"LOC102725022",0.369487110254787
"RIOK1",0.369545919560757
"HNRNPCL1 /// HNRNPCL2 /// LOC101060301 /// LOC649330",0.369642393896865
"RRP1",0.369664866096002
"CCDC107",0.369682072855018
"EIF4G2",0.369726352506839
"TMEM161B",0.369748406428886
"GRM3",0.369790795953908
"ZNF541",0.369800247963811
"LCN6",0.369820075012812
"RHOT2",0.36985225766076
"IFNL2",0.369893675908272
"SH3BP5",0.369905537739597
"APOF",0.37009578004584
"HVCN1",0.37013555140224
"LOC339166 /// WSCD1",0.370136860990138
"LOC101929880 /// QPRT",0.370212726717253
"RP11-298H24.1",0.370319448728609
"LOC101927095",0.370329152745022
"TRAC /// TRAV23DV6 /// TRAV23DV6",0.370354520811167
"IFNA1",0.370355064782109
"RP11-199F11.2",0.370372797326082
"CDC42EP3",0.370461655919317
"SBF2",0.370465529094566
"IER2",0.370511462921621
"SDCBP",0.370588476934671
"ATP12A",0.370802345672272
"TRIM25",0.370888382613182
"FMN2",0.370945119407601
"EEF1D",0.370991229724108
"LOC101928143 /// LOC101930388 /// NUMB",0.371061643634795
"APOC3",0.371072213487418
"RP11-559M23.1",0.371123859587159
"ITIH2",0.371155361913193
"LOC101928861",0.371312502782993
"IFI6",0.37132089676198
"SMAD6",0.371394698945099
"LA16c-83F12.6",0.371423312246302
"GAGE3",0.371434120502943
"HDAC7",0.371470091984916
"SLC35D2",0.371489408944664
"MIR194-2",0.371513708110983
"CDH7",0.371560237609824
"DLX3",0.371572361707764
"ERVH-4",0.371589892194059
"LOC643733",0.371623019907174
"CTD-2251F13.1",0.371659466316084
"USP46",0.371723003233054
"CCBE1",0.371732087840589
"LOC100506558 /// MATN2",0.371748343335163
"SRCIN1",0.371757741636951
"LOC441259 /// POLR2J /// POLR2J2 /// POLR2J3 /// UPK3BL",0.371852985701435
"NBEAL2",0.371884731965816
"IGHA1 /// IGHG1 /// IGHM /// IGHV3-23 /// IGHV4-31",0.371897335006851
"LOC339468",0.371922584422594
"OSER1-AS1",0.371935371551901
"FLJ31306",0.371963980723715
"HBBP1",0.371992013098934
"SCN2A",0.372038673616936
"DDB2",0.372053307292811
"RP11-680C21.1",0.372081877550481
"RP11-138I18.2",0.372110467055675
"LOC101928943",0.372117677396754
"NRROS",0.372120718182502
"KLF3-AS1",0.372144101747184
"RARA",0.372270447309925
"RBPJL",0.372313975807296
"STT3A",0.372361013624033
"ARRDC4",0.372440935999297
"STK38L",0.372492558304964
"NHLRC3",0.372588709112514
"LOC283731",0.372612096747695
"UCP1",0.372695588245247
"OS9",0.372733183927631
"DIRAS1",0.372812074343276
"FAM170B-AS1",0.372860105451552
"GBF1",0.372901407363034
"WWP1",0.37293365599323
"SHISA6",0.372959127369416
"ABCB6",0.373058965791315
"SIRPA",0.373082690846716
"RBMS3-AS3",0.373098783786077
"TRABD",0.373100589011073
"ATXN3",0.373175888909808
"VKORC1L1",0.373200177447907
"HAVCR1P1",0.37321112777683
"ZNF320",0.37321141343953
"AP000253.1",0.373221592293364
"P2RX3",0.373228938915361
"SLC22A12",0.373282472225385
"ST8SIA4",0.373283865928187
"SKIL",0.373315374181492
"BMS1P5",0.373323336153081
"LOC54944",0.373363247759199
"SLC47A1",0.373369230275209
"RP11-489G11.3",0.373581373868175
"PTPRG",0.373614703789999
"GTF2H2B",0.373663864609068
"PRKX",0.373669278471442
"DPY30",0.373787056589385
"ZNF165",0.37382454075947
"HDLBP",0.373828314443236
"FNBP1L",0.37383070924721
"KIAA1432",0.373878816931264
"AK5",0.373900138154364
"KNOP1",0.37391301169671
"GSTO1",0.373922692473913
"SEPT7",0.373962835430446
"LOC101928323",0.373971094030595
"LAX1",0.373972353677782
"NSUN5",0.374012086847306
"HES5",0.374076281374299
"DRD3",0.374114433317065
"ATP7A",0.374282359089568
"AX746492 /// TNPO1",0.37429859638471
"FAM188B /// INMT-FAM188B",0.374344332729189
"RSPO4",0.374392369529072
"ATF4",0.374398917267427
"CENPE",0.374480952484137
"LOC100505658",0.374529686839519
"COG8",0.374580190500047
"TPTE",0.374603159382788
"BC041025",0.374695173606908
"IGK",0.37470014569557
"LOC100287896",0.374706577180311
"TFB2M",0.374763803966333
"LOC100996724",0.374921952236662
"PEMT",0.37495936156706
"IPO4 /// TM9SF1",0.374965883348885
"CLVS2",0.37498318417581
"LINC00663",0.375023271945775
"PADI1",0.375037071659171
"LINC00323",0.37508260032678
"RFC1",0.375084900000199
"RP11-757F18.5",0.375118690233078
"TJP2",0.375120324295899
"TAS1R1",0.37512239511625
"EIF2D",0.37513723296783
"HSPB3",0.375142975249464
"NUP62",0.375256500242005
"MAGEA2 /// MAGEA2B",0.375295620823593
"PPP1R1A",0.375296708815899
"ANGEL2",0.375326334225826
"SYNJ2BP /// SYNJ2BP-COX16",0.375355377410821
"ALPPL2",0.375364946913257
"PCDHB16",0.375369534526861
"FAM115A",0.375480638271439
"SEPT8",0.375506267844195
"CMSS1",0.375508955585394
"C20orf78",0.3755296073675
"PRR26",0.375703917800839
"PRR9",0.375731276721991
"ZIC5",0.375750421213951
"CDRT15L2",0.375751375191942
"IGH /// IGHA1 /// IGHA2 /// IGHD /// IGHG1 /// IGHG3 /// IGHG4 /// IGHM /// IGHV4-31",0.375814223428232
"FOXO6",0.375819642232859
"BICC1",0.375879219286249
"SDR9C7",0.376012248717958
"CRK",0.376012409434428
"LOC102725383",0.376044850589627
"LOC101929133",0.376105086076492
"KLF5",0.376110252077399
"C7orf62",0.37617178292228
"DHRS4-AS1",0.376180494560731
"ZNF137P",0.37625626652077
"LINC00907",0.376275017715408
"LOC643355",0.376337502886191
"SYCE2",0.376349472270414
"C15orf27",0.376358173027592
"NBL1",0.376413128049409
"AL590762.11",0.376514301405609
"PCDHB9",0.376562385943547
"SMIM8",0.376573085612253
"RP11-1109F11.5",0.376616392215141
"CPPED1",0.376666534870111
"RP11-177N22.3",0.376675787939742
"LINC01254",0.376677322038199
"PRSS23",0.376794556961567
"LOC102724323",0.376856637394847
"HOXD13",0.376904176892133
"LOC101927067",0.376973504462787
"BBS12",0.376977813563162
"BC062753",0.377062164771595
"CARS",0.377088577406101
"INPP5E",0.377098214925801
"CTRB1 /// CTRB2",0.377110084866809
"RP11-116O18.1",0.377121060073672
"LOC100131564",0.377123104369051
"RBM42",0.37712629865373
"POM121L12",0.377128425011791
"RP4-593C16.3",0.377164809468727
"C5",0.377169657891807
"APOBEC3C",0.377202870782357
"IGLV1-44",0.377259786979293
"FAM163A",0.377270973262108
"VARS2",0.377352879307293
"MYOF",0.377369070122338
"TRAPPC2 /// TRAPPC2P1",0.377410673455684
"GRHPR",0.377418833778259
"IL15",0.377428627776354
"MCHR2-AS1",0.377440276723621
"RP6-91H8.1",0.377472192959203
"RNF38",0.377488045611445
"GNAT1",0.377500414532505
"LOC100288175",0.377512684539241
"ZNF524",0.37755616951396
"LOC152274",0.377579103868096
"MYO9B",0.377677534773752
"LOC100379224",0.377856482158073
"PNMA3",0.377966785901732
"IGSF21",0.37807727503909
"IGKV1-17 /// IGKV1-17",0.378237806843231
"CTCF",0.378274921390021
"PTK7",0.378331677924603
"NCBP1",0.378444372546374
"UBE2NL",0.378455774702088
"AC008753.4",0.378489564949876
"LOC101928626",0.378685111863369
"LOC100130856 /// PSPN",0.378718699104949
"DNMT3B",0.378787080359415
"LELP1",0.378949285092441
"FAM9A",0.379016514469834
"CRTC3",0.379022865084219
"PDCD2L",0.379034504041219
"GOLGA8A /// GOLGA8B /// LOC101930583",0.379037455944837
"MUT",0.379051600017448
"RP1-199J3.7",0.379075119035803
"MCM3",0.379105247744966
"NCOR2",0.379109934626825
"MIR6125 /// USP15",0.379163028770347
"NRAS",0.379220742381422
"ZBTB2",0.379235422602846
"FBXL19-AS1",0.37923588782843
"AC079741.2",0.379526663195064
"NEMF",0.37961884813629
"LOC100508046 /// LOC101929572 /// POTEH-AS1",0.379677591454343
"LSM11",0.379710588143683
"GPBP1",0.379856976894546
"SLC6A2",0.379948391211714
"CRYL1",0.380001287667969
"TRDMT1",0.38006636757351
"MKRN1",0.38009637203403
"AKR1A1",0.380210217904578
"MT3",0.380240679880995
"MYOM3",0.380255071838755
"LOC101927272",0.380277078654721
"OR5AK4P",0.380281761140632
"ZSCAN21",0.380299408579377
"FERMT1",0.380313833941399
"MAP2K7",0.380330415812746
"LOC100128239",0.380380248418245
"NUTM1",0.380384574863927
"NPC2",0.380432470413547
"LOC102725136 /// LOC441666",0.380500031140697
"MTNR1A",0.38052741237924
"LOC101927507",0.380561079223486
"SERPINA9",0.380633602574238
"AF131215.8",0.380644440117832
"COX6CP1 /// COX6CP1",0.380646826823748
"CSTF2",0.381085936857472
"PAG1",0.381143932217618
"JMJD7 /// JMJD7-PLA2G4B",0.381378013979884
"LMTK3",0.381382552864279
"EXT1",0.381418382754898
"RP11-226L15.5",0.381420239732415
"LOC101929759",0.381542237071273
"GLRA1",0.381598912441999
"LOC402160",0.381648913471194
"SNCA",0.381661059444516
"LYPD1",0.38177583530051
"ATAD5",0.381805873398648
"IRGQ",0.38184758704449
"TMED3",0.38189409530034
"CCER1",0.381916055085031
"HDAC8",0.381918913235118
"HAPLN3",0.381944473831436
"STMN3",0.381944933302148
"WRNIP1",0.381952840569701
"CPN2",0.381969355739269
"TAC1",0.382324342548253
"TANK",0.382347839212966
"MAGEA12",0.382355396517893
"SULT2A1",0.382428654850459
"TBCC",0.382459080815795
"VPS16",0.382469514840522
"CXorf31",0.382538604715123
"TRPC2",0.382594638111096
"CCDC74A /// CCDC74B",0.382613474181194
"RGS3",0.382630887369075
"AGPAT1",0.382645834288156
"RPS27L",0.382925371134742
"DERL3",0.382971946100837
"SEPHS1",0.382975880185592
"RPL10L",0.383013559447933
"RP11-676J12.4",0.383066573923982
"EHHADH",0.383107521055311
"KIF1A",0.3831143150657
"MTTP",0.383118672248725
"GFI1B",0.383130022244849
"PLBD2",0.383169473443042
"MYO1G",0.383178968563569
"FAM156A /// FAM156B",0.383247197711823
"LOC102723697",0.383318260319455
"SPIN3",0.383409515668687
"ZZEF1",0.383594217011392
"CYP2C9",0.383636394529999
"RPL10 /// SNORA70",0.38370984759181
"SLC5A12",0.383724382953051
"FGFBP1",0.383724915656447
"GPR37L1",0.383746694209725
"XKR7",0.38393225197884
"MLIP",0.383936291856324
"BREA2",0.383960245065059
"TFPT",0.38399424653763
"CACNG4",0.384028227593458
"ERICH1 /// FLJ00290",0.384063921468738
"SNX20",0.384071218272076
"CD52",0.384104008425125
"MYRF",0.384253862087393
"GPX1",0.384304232437748
"LOC101928728",0.384355279917786
"METTL8",0.384399982029045
"KIAA0196",0.38460759929011
"AF001548.5",0.384756743059553
"POLG",0.384762396731869
"EMILIN3",0.384883648020829
"LOC101928516",0.384930540365583
"FAM228A",0.38508754982742
"PEX3",0.385091130552979
"C3orf70",0.385158751878164
"PLIN2",0.385192896864236
"COA6",0.385266491667529
"HNRNPA1P3 /// HNRNPA1P3",0.385270785756215
"CTSW",0.38538427087626
"HEATR5B /// HEATR5B",0.385468564373462
"CD1B",0.385495578748742
"MAGEL2",0.385551342894869
"MAP3K19",0.385581671066961
"HYKK",0.385691002705743
"SPAG11A",0.385718541975045
"ZNF345",0.385741916303643
"LOC101927057 /// OMG",0.385742522179918
"TEX29",0.385817728715621
"LDHAL6A",0.385847106482924
"DAW1",0.385886600736423
"TMOD1",0.385959675559759
"GNL2",0.385979437879954
"LINC01149",0.386004793353387
"CABIN1",0.386039092990396
"CCDC140",0.386069021491892
"LAMTOR2",0.386119220376658
"DCLK3",0.386137281233549
"HLA-DRB6",0.38619851944689
"IRF2BP2",0.386239526864739
"LOC101929240 /// SNRNP200",0.386269640600364
"RORB",0.386329828183125
"SMARCC2",0.386339727398076
"LYPLA1",0.386404690758568
"SAMHD1",0.386432146421081
"MDC1",0.386435607072947
"OR8G1",0.386583111900855
"RP11-443C10.1",0.386604447571731
"LOC284825",0.386626195466179
"NKG7",0.386733230777648
"PRKRA",0.386815974498501
"LSM14A",0.386824885009861
"TMPRSS11D",0.38682785887086
"FZD6",0.386972096151931
"LZTS1",0.387021757405498
"FAM118A",0.387214920605499
"LOC101926942",0.387222014446821
"ZNF384",0.387229579144378
"PRSS12",0.387255363170582
"C19orf73",0.387310153010599
"MIDN",0.387348878856315
"HILS1",0.387380161857233
"LOC100507547 /// PRRT1",0.38742431539566
"CSNK2A1 /// NFE2L2",0.387455135280823
"NOXRED1",0.387490699082606
"ATMIN",0.387504898523252
"KIFAP3",0.38750879659799
"RPL32P3",0.387519651436938
"DPP9",0.387564763605883
"ZNF585B",0.387611791937898
"POLDIP3",0.387617946746252
"SLIT2-IT1",0.387657874458892
"PPIL4",0.387716112517583
"FOPNL",0.387737055782862
"ARL14",0.387799358082621
"FEZF2",0.387813290070461
"TRIM63",0.387904250316593
"H2BFS",0.387941482961435
"GPR21",0.387980604648217
"UQCRB",0.388112176618501
"RP4-613A2.1",0.388126537357852
"PPP1R2P9",0.388142546894129
"MPPED1",0.388145097230246
"SAT2",0.388224763056203
"OR7C1",0.388249617541631
"EVPLL",0.388334766438025
"LINC00589",0.388394692483848
"CTD-2541M15.1",0.388480770491424
"LINC00955",0.388530959580242
"RP4-773N10.4",0.388658249515124
"USP27X",0.388748296502093
"FBLN7",0.388836750665274
"TAS2R7",0.3888829512944
"AK024134 /// PPM1H",0.388899344626788
"APMAP",0.38904225253779
"SEMA3A",0.389078346744789
"ESR2 /// RP11-544I20.2",0.389288803232652
"LOC100506098",0.389297572251845
"SSX3 /// SSX5 /// SSX7",0.389322930896988
"RP11-352B15.2",0.389450354018744
"C17orf49 /// RNASEK /// RNASEK-C17orf49",0.38945252554155
"MYSM1",0.389490510339589
"RP11-65J3.14",0.389607097881319
"UGT1A1",0.389671638799232
"C18orf15",0.389681859478014
"LAIR1",0.389767646413612
"ACKR1 /// CADM3",0.38979700565224
"REG4",0.389829841778703
"ABCC5",0.389848091305183
"LINC00865",0.38988062332817
"SLC2A11",0.389890603738441
"DNLZ",0.389973820600625
"ROBO1",0.389992376427891
"SECTM1",0.389998275917212
"SLC6A9",0.390033248317763
"GNG4",0.390080868524709
"WDR61",0.390111112996275
"KRTAP4-8",0.39011635095691
"LOC653486 /// SCGB1C1",0.390117134019757
"USP32P2",0.390127017368498
"GBP3",0.390208090122828
"ST8SIA1",0.390212820198851
"ADARB2",0.390437037902343
"FCGRT",0.390480593243635
"LOC101927623",0.390564585052746
"AGPAT4",0.39079078599267
"LOC389765",0.390889841205455
"EMP2",0.390914382271058
"TNR",0.390921486930839
"SLC8A3",0.390927216715493
"C1orf127",0.391000742149955
"FAM133A",0.39101515625289
"LOC646762",0.39107263038036
"RP11-69I8.2",0.391133113809364
"LOC153910",0.391347603710752
"P2RY13",0.391673600281043
"MED27",0.391702021989698
"CTBP2",0.391782315615298
"LOC101927841",0.391806381129299
"GPR180",0.391854051664033
"BC042382 /// RP11-408H20.3",0.391925287425275
"PWP2",0.3919800835061
"NDRG1",0.392015289703265
"RP11-1109M24.16",0.392034084293095
"BDKRB1",0.392052978215717
"KIAA1804",0.392124614616527
"HOXA-AS2",0.392186478003005
"LINC01428",0.392256684941053
"CCDC129",0.392273098711942
"LOC101930114",0.392411086270404
"AIG1",0.392456520813471
"RFWD3",0.392518613061767
"IGHA1 /// IGHG1 /// IGHM",0.392574485724274
"LOC101928717 /// SLC19A1",0.392604784782087
"LOC101926906",0.392744713205033
"LINC00310",0.392751638117947
"PARP2",0.392888145376514
"ZNF430",0.392961819560796
"LOC100129198",0.392966168620803
"ALKBH3",0.392977886427443
"CXCR4",0.393027609966325
"MIR646HG",0.393075409921427
"RP11-432J9.6",0.393136164880764
"RPS6KA4",0.393141422671234
"LOC102725116",0.393152330034336
"TECTA",0.393153222580596
"LOC102546294",0.393247610382732
"NAPEPLD",0.393353211452741
"TMEM18",0.393364923049064
"HSD3BP1 /// HSD3BP1",0.393436038952083
"AASDH",0.393442203460589
"RP11-432M24.4",0.393447830587459
"KDM4C",0.393453566181478
"LOC101928298",0.393476007007998
"RAB29",0.393560718894076
"LOC100505841",0.393571611828708
"LOC221814",0.393615698200927
"AF086184",0.393689545633111
"LOC101927340",0.393732556780318
"LOC101927342",0.393763892631782
"RAB9BP1",0.393818573986295
"TWF1",0.393853084066066
"INPP4A",0.393894881973123
"SPATA17",0.393900451980533
"TACC1",0.393940722170599
"PCSK6",0.393979182455968
"ALDH9A1",0.394025144577255
"CTD-2540F13.2",0.394027970806108
"SEC61A2",0.394051320711976
"LITAF",0.394092413479162
"SELK",0.394331123955144
"CST4",0.394388638486604
"AC017002.2",0.394391544032915
"PTPN3",0.394392782410989
"TCF7L2",0.394441947226471
"SLC25A42",0.394548673764565
"STAC3",0.39465787293033
"GDI2",0.39473576915746
"RP11-524C21.2",0.394803037263374
"MYL12A",0.394859449395682
"XXYLT1",0.394866979334518
"RNF128",0.394889080601163
"IPMK",0.394908971164081
"LINC01346",0.394915737237776
"C7orf43",0.394970208207999
"SREK1",0.39499736687948
"MTHFSD",0.395009702445751
"AQPEP",0.395138568624868
"LOC284930",0.395153433509912
"LINC01267",0.395268512640584
"CLASRP",0.395268913408863
"SAGE1",0.395305318428101
"FAM179A",0.395317715095324
"SMTNL2",0.395324805369196
"HIATL1",0.395369340957906
"CUL5",0.395478246734988
"LOC283682",0.39558830594385
"RP4-813F11.4",0.395637674365664
"LOC102723542",0.395678325504797
"INO80C",0.39570580275914
"BEND5",0.395722123025409
"LRP2BP",0.395772376875217
"MRPL43",0.395795296297971
"TYMS",0.395897424232659
"SYF2",0.395938666878676
"TTPAL",0.395942286672321
"WNT8A",0.395954736777604
"TUBGCP6",0.3960220965794
"LOC100653005",0.396038443735577
"CEP120",0.396053612188143
"CNOT8",0.396129380524625
"CHAC1",0.396204521161803
"MYH7B",0.396265810668724
"KIR2DS1",0.396305607160496
"TKTL1",0.396426984716337
"LOC338667",0.396435859203326
"ICOSLG",0.396484052664988
"LOC101928778",0.396547817580632
"RPS6KA6",0.396555092503911
"UBE2J1",0.396579162728498
"FBXO33",0.396594129261572
"PRDM12",0.396601690448788
"MED13L",0.396645139859537
"LOC100996724 /// LOC100996761 /// LOC101929792 /// LOC101930416 /// LOC653513 /// PDE4DIP",0.396667193568574
"ANGPTL6",0.396686101859659
"RPTOR",0.39676988428741
"E2F3",0.396864790375511
"FN3K",0.396873333778013
"ERCC6L2",0.396880411199362
"RTN3",0.396951366761146
"G6PC2",0.396952424694491
"KCNA6",0.397050171182985
"RNASEL",0.397086659885535
"CHML",0.397129211886818
"LOC100131496",0.397141419298421
"GNAS",0.397172846529235
"DOCK4-AS1",0.39719389000301
"AX748339",0.39719776428344
"ZNF383",0.397201390790581
"HIST1H1C",0.397306288322579
"MIS18BP1",0.397340760482848
"RP11-1C8.6",0.397384849911213
"TBC1D21",0.397536631756155
"LINC00905",0.397539688057698
"PTPN13",0.397549854724971
"LINC01314",0.397604056350044
"NR2C2",0.397608769146302
"MYO1H",0.39766325208738
"RRM1",0.397681176971087
"RHBDD3",0.397693172593131
"SYCE1",0.397700581578319
"LINC00240",0.397758421054487
"MPP4",0.397794552936057
"CHRM2",0.397827224160996
"COPS7A",0.39788206488351
"ZWILCH",0.39794771861466
"LINC01097",0.397949263887711
"CCL1",0.398000190503809
"CCDC127",0.398017288606722
"CD70",0.39804709220302
"C16orf13",0.398175982665431
"RP11-215E13.2",0.398224511257055
"TCEB3B",0.398237669717078
"VCAM1",0.398255047831401
"BAHD1",0.398282465099031
"CLCA4",0.39847985630296
"SENP5",0.398521303474655
"RABAC1",0.398562233762796
"BRPF3",0.398614677518795
"CTNNAP1",0.398616066255047
"RLTPR",0.398639401270567
"RP11-21G15.1",0.39869393286576
"PCGF3",0.398702728075877
"P2RY10",0.398726283914289
"TIFA",0.398750871368738
"RECQL5",0.398751844971639
"PGRMC2",0.398770684694165
"LINC01192",0.398774643604558
"ACER1",0.398797661196362
"POM121L10P /// POM121L8P /// POM121L9P",0.398804575524598
"RPGRIP1",0.398846883034184
"CLUL1",0.398908555243975
"CCNA1",0.398981448243666
"LOC441086",0.398992188011899
"FLJ33534",0.399031465377517
"FAM135A",0.399037168759941
"CLNS1A",0.399190630451131
"CHDC2",0.399375147326818
"C6orf201",0.399454743827108
"LOC728392",0.399504363640604
"UBE4B",0.399582647855922
"MIRLET7BHG",0.399599630426102
"LOC101928988",0.399604329819614
"MTUS2",0.399740460509757
"C14orf79",0.399926048740956
"FLJ33360",0.399950015467916
"C21orf62",0.39997422106299
"GBGT1",0.399986879723627
"ADA",0.399987081876294
"TAF6",0.400007160265539
"UCA1",0.400089449736386
"GHITM",0.400170556074216
"CHD6",0.400192570335807
"CYBA",0.400291221511429
"NOS1AP",0.400318093253503
"NGFRAP1",0.400343625101746
"LOC100505776",0.400354019206213
"RPS3",0.400501874078069
"RAG1",0.40055081751398
"LINC00924",0.400568678631906
"MTRR",0.400605729262641
"C17orf70",0.400646564881202
"KRTAP1-3",0.400702571791007
"HLA-DPB2",0.400814691678333
"LOC102723559",0.400870949944764
"PKMYT1",0.401001628041453
"YOD1",0.401047256486289
"RP5-1085F17.3",0.401104129102944
"MZT2A /// MZT2B /// PHGDH",0.401159285731158
"KIAA0753",0.40118655476553
"NUDT11",0.401196737350549
"TSPAN7",0.401197892956068
"FOXI1",0.401204448490039
"SEH1L",0.401211370701106
"PRR34",0.401221921781462
"CPA2",0.401228731557843
"C21orf91",0.401237508503123
"CEBPD",0.401255205314822
"ARFGEF1",0.401313594587313
"AF279780",0.401324400900549
"ESCO2",0.401328604892618
"FAM189A2",0.401407145614975
"AX747405",0.401473246312669
"HMGN1 /// LOC101927733",0.401527390622677
"FBXO3",0.401543075744035
"TMEM222",0.401564028925701
"FAM43B",0.401608444677789
"RAC3",0.401690245775326
"NPAT",0.401695690683267
"BRPF1",0.401791880807213
"INE1",0.401848535628875
"GPR126",0.401950807667445
"PDE10A",0.401965244037345
"LOC284263",0.402040204115785
"LOC101930288 /// LOC101930531",0.402111657473508
"SMC2",0.402171170316812
"GOLGA6L2",0.402252309068943
"ZNF280C",0.40226281679254
"CCDC58",0.402267643094267
"FURIN",0.402382322965608
"CDS2",0.402418054024076
"RP11-1094M14.11",0.402539519424483
"RP1-263J7.1 /// RPL7P27",0.402564210177907
"GPR18",0.402579562779759
"PHF23",0.402616470690189
"CLCN4",0.40266361077748
"LOC101929019",0.402665389122076
"AK096803 /// RP11-395B7.2",0.402669322848396
"ZBTB48",0.40275677692443
"FAM131C",0.402982407106451
"TUNAR",0.40299780636982
"LNX2",0.403152824574697
"PODXL",0.403257171454264
"RAPGEF3",0.403290987107195
"HGH1",0.403312272272819
"TICAM1",0.403319052232751
"LDOC1L",0.403379000896681
"LOC283585",0.403406323546369
"C19orf52",0.403495838188893
"SRGN",0.403566937942125
"BC024169",0.403617280078144
"SEC11C",0.403638860663334
"DEFB129",0.403652431849799
"LOC101927513",0.403688561230302
"ZNF554",0.403692589081931
"NUP155",0.403722631854388
"BC042022 /// LOC100506331",0.403798833315471
"ASNSD1",0.403851097985028
"MAGEB3",0.403952691574317
"RP11-714L20.1",0.403967841789611
"MAP4",0.404123602989775
"ZNF121",0.404137416134201
"RP11-164P12.3",0.404242459747056
"LINC00615",0.40427805269576
"DEFB121",0.404315153820374
"MAP1LC3B",0.404383498705267
"RP11-123K19.2",0.40443872274719
"MAK16",0.404490613920241
"PUSL1",0.404524900723516
"CLDND2",0.404551442386124
"TMEM185B",0.404567300011524
"CYLD",0.404586023058526
"MMGT1",0.404836991306061
"CPD",0.404877192983804
"TRIB1",0.404962939219683
"PLAC8",0.404989038548835
"LOC102724508",0.405068917969817
"WDR13",0.405073297509457
"MSS51",0.405153372971184
"OR1I1",0.405170751392794
"SHE",0.405227331984853
"LRRC37BP1",0.405252553239369
"SOCS1",0.405307629789764
"ZNF711",0.405332222366216
"YTHDC2",0.405383097664854
"HCP5B",0.405419871298392
"MARK3",0.405440598651407
"SRSF1",0.405454199477419
"HAB1",0.405641259546876
"STX11",0.405655367206739
"POM121C",0.405683491572814
"SLC17A7",0.405815303848485
"SCAI",0.405850797875551
"CTB-31O20.2",0.405876328802536
"MMP15",0.406019239557592
"ZNF613",0.406231720931699
"USH2A",0.406318089278867
"DNHD1",0.406346978900543
"BOD1L1",0.406380979856164
"CD82",0.4064330391181
"SPDYE2",0.406456160164941
"IGKC /// IGKV1-5 /// IGKV1-5 /// IGL@",0.406475742062553
"PROL1",0.406532921481618
"PARP9",0.406533801891912
"LINC00900",0.406547555224216
"PHF6",0.406612070685811
"GPBAR1",0.406619804247495
"PCNX",0.406673000563124
"SLC38A4",0.406714074045462
"ECHDC3",0.406740237663845
"MMP1",0.40677651489896
"TXNDC15",0.406813449944398
"PP2672",0.406832342733879
"RP4-798A10.7",0.406930721734339
"UBE2Q2",0.406972651721879
"HLA-DQB1 /// HLA-DRB1 /// HLA-DRB4 /// HLA-DRB5 /// LOC100996809 /// LOC101060835",0.406984455567629
"C1orf115",0.407076214441193
"HYPK /// MIR1282 /// SERF2 /// SERF2-C15ORF63",0.40716046830007
"SLC25A4",0.407173134252349
"LOC101927059",0.407207107906429
"TBC1D16",0.407249167319123
"N4BP3",0.407254214650692
"CUL9",0.407291911833548
"DNAJA2",0.407299532645158
"ATP7B",0.407331500606836
"CD24",0.407356075882641
"NNMT",0.40736654365634
"TAB2",0.407429767429967
"UBAP2",0.407434012497433
"RBM43",0.407451168536351
"IGKV1OR2-108 /// IGKV1OR2-108",0.407613639707474
"ANKRD23 /// ANKRD39",0.407636313487128
"RHPN1-AS1",0.407672960284644
"TSTD2",0.407702623098588
"FAM71A",0.407731937192271
"TRHDE-AS1",0.407740362517658
"ILF2",0.407747272796475
"RAB9B",0.407799162757133
"UG0898H09",0.407811733305894
"FAM222B",0.407821962105304
"ZFAND2B",0.407827711448416
"PROKR2",0.407941661241412
"C11orf49",0.40799144278359
"HLA-DRB1 /// HLA-DRB1",0.408019362467422
"LOC101929709",0.408020959787682
"RECQL4",0.40803115913537
"ZCCHC9",0.408052153242868
"EFEMP1",0.408066477074064
"LINC00473",0.40815824661803
"PPP2R3C",0.408198987040974
"MRPL14",0.408206063141949
"TRIM69",0.408230259113712
"SOX21-AS1",0.408244488276051
"SLCO2A1",0.40835998461527
"C2CD2",0.408393208348297
"GLIPR2",0.408399468649333
"LOC439938",0.408408728285989
"AK096592 /// YLPM1",0.408416129625207
"LOC100129175",0.408444657605362
"CALCOCO1",0.408520004030242
"NIPSNAP3A",0.408540987448687
"PIAS3",0.408788987226931
"UQCC1",0.408856291044961
"LOC91548",0.408864733744509
"AADACL2",0.408887860098034
"ADM2",0.408978440335055
"LOC101928157",0.408990626008303
"RP11-245P10.8",0.408998718248659
"SEC14L3",0.409031374020133
"LINC01213",0.409058504053313
"SERPING1",0.409095635507167
"DKK3",0.409099948820534
"LOC101929154",0.409132785669222
"XCL1",0.409145617179384
"RAB27A",0.409198119484321
"ASAP1-IT2",0.409325245940542
"LOC100129973",0.409371923983524
"LOC100507291",0.409374237077633
"ZNF709",0.409383904355533
"CKAP2 /// IGLC1 /// IGLV3-1 /// IGLV3-1 /// IGLV@",0.409428895101514
"PARG",0.409433703372231
"IGH /// IGHA1 /// IGHA2 /// IGHD /// IGHG1 /// IGHG3 /// IGHG4 /// IGHM /// IGHV3-23 /// IGHV4-31",0.409593561908145
"GOLGA2P2Y /// GOLGA2P3Y",0.409593673788097
"SERPINF2",0.409624835904522
"UAP1",0.409644380243184
"PRG2",0.40966280446664
"HSD17B1",0.409804948671267
"ATG5",0.409838916916344
"CAMK4",0.409911629983972
"BAIAP2L1",0.409924879153303
"PCAT19",0.409968903807559
"DAXX",0.409976880150526
"PLGLB2",0.41009454442991
"CCDC86",0.41011900705216
"MMP27",0.410134683755175
"F2",0.410145748198672
"RP11-13K12.5",0.410149274861734
"NEDD9",0.410185236906682
"FANCF",0.410294769596992
"PRIM2",0.410351447337553
"RPL27",0.410352544916719
"BC023201",0.410359461188307
"LINC00969 /// SDHAP1 /// SDHAP2",0.41039047110191
"TRIM73 /// TRIM74",0.410395645002541
"SCN3B",0.410465381657528
"ZNF747 /// ZNF768",0.410532956711249
"LOC101927929",0.410534320166037
"PRDX6",0.410551178512643
"CSTL1",0.410555764547199
"UBE3D",0.410707277908225
"MCM3AP-AS1",0.410772754382068
"CHAT",0.410804612670712
"KIAA0895",0.410806045351634
"FAM35A",0.410855796774785
"GNB3",0.41088632105473
"LOC101927424 /// LOC101929800 /// LOC440896",0.410894216623304
"CACNG7",0.410897792598853
"LINC01361",0.410984221699346
"KDM1B",0.411019951540002
"H2AFY",0.411036889027352
"TMPRSS11B",0.411105637647667
"FOLH1B",0.411130152702118
"OR1F1",0.411134314337423
"DHX36",0.411135358924906
"ILDR2",0.411141288402576
"FOXN1",0.411157395643297
"GTF2A1L /// STON1-GTF2A1L",0.411176534570565
"RTP5",0.411254720069517
"MAP7D2",0.411267249028389
"RP11-493L12.3",0.411292860959393
"UBA52",0.41137760459255
"CDIPT",0.411426036908593
"CPO",0.411451360500191
"EPB41L3",0.411476761989389
"MAK",0.411497696406912
"OR51B6",0.411542987079373
"SRP72",0.411571234398369
"DAND5",0.41164992360249
"AC092660.1",0.41177160232946
"CHD3",0.411773218267595
"LOC100288490",0.411953930078642
"GUCY2F",0.411978055663298
"ZNF439",0.412094023439664
"FSTL1 /// LOC101930453",0.412179705495685
"SVEP1",0.412219828128991
"LOC340085",0.412228175486106
"CAPS2",0.41228404450792
"AP3S1",0.412368534590977
"LOC100129461",0.412382827948046
"LOC100287525",0.412384373152629
"GPR176",0.412419661484193
"TNRC18",0.412443053683159
"LOC101927143",0.412526209666476
"HN1L",0.412577704835517
"LCA5L",0.412616794832358
"GPER1",0.412645153035793
"MARCH6",0.412669587074138
"RP3-452M16.1",0.412700312946391
"RP1-170O19.17",0.412703264230127
"PMCH",0.412704527157998
"WFDC9",0.41275183032079
"IFT172",0.412781354166664
"ZDHHC4",0.412798639414419
"GPX7",0.412826227373936
"PP12613",0.412884578836325
"ADAM3B /// ADAM3B",0.41290153109161
"RP11-214N9.1",0.412954203882113
"STARD7-AS1",0.412975426539742
"TNFRSF10C",0.412980990495947
"RP9 /// RP9P",0.413015993615665
"ANXA2P3",0.413023209202869
"ACRC",0.413107505868349
"AVP",0.413121580457436
"LOC284395",0.413135475930398
"MARC2",0.413186639459532
"SPINK2",0.413273296376562
"ICAM5",0.413280545485747
"LOC101926960",0.413285215884823
"AK054988",0.413404653062371
"LOC285778",0.413415201410423
"FBXL4",0.413438875324254
"SDK2",0.413447929448519
"NUDT17",0.413486518739
"PHLDB1",0.413527794016603
"CD3EAP",0.413611540087287
"LOC57399",0.413614897697277
"KLF10",0.413619940148564
"HS3ST6",0.413709540599242
"ZNF680",0.413844970987781
"AK055981",0.413945915863041
"ZNF669",0.414054010788879
"DMP1",0.414062266221489
"C20orf85",0.414064205182219
"TRIM35",0.414072469782601
"LOC100996506 /// RETSAT",0.414222159216358
"TSACC",0.414226570543535
"CASC11",0.414242313828136
"GTF2A1",0.414263258672576
"NPHS2",0.414284261101093
"LSM8",0.414287182470363
"ALPK3",0.41431019917014
"ERICH4",0.414387131903191
"ADRA2B",0.414726482362262
"ST6GALNAC5",0.414735497112796
"STK17A",0.414760779443139
"C3orf65",0.414800991996038
"PLEK2",0.414891717671035
"SURF6",0.414932934243061
"HIST1H2AB",0.414935586492565
"MED7",0.41501408067511
"LSMEM1",0.41501761332203
"CSRP3",0.415027981648909
"SBNO1",0.415114832434867
"LINC00242",0.415119080138145
"RP11-63A1.2",0.415120354094853
"FOXA1",0.415174333555333
"HOXD11",0.415300254528253
"ALG5",0.41537431788441
"LINC00189",0.415422194435251
"APOA1",0.415471832299583
"KIF9-AS1",0.415573952035675
"DIS3L",0.415577579100398
"BTAF1",0.415578725330601
"VIPAS39",0.415620506297077
"LOC284669",0.415693188341146
"AGBL1",0.415698687410571
"RP11-466A19.8",0.4157235313752
"RP11-108K3.2",0.415741196437231
"RNGTT",0.4157661528856
"DNAJC27-AS1",0.415783402731147
"LINC01304",0.415809601649486
"SHISA8",0.41586232937359
"RNF14",0.415967082176427
"EIF1AX",0.41597226649658
"EYA3",0.416039447708225
"LOC340074",0.416178623169056
"ACOT1 /// ACOT2",0.416201258807627
"HLA-DMB",0.416212088502984
"RP11-266A24.1",0.416292699798517
"C8orf22",0.416316536871932
"HIST1H4E",0.416316838724276
"RNASEH2B",0.41638499871707
"SYNM",0.416408316276936
"CDR2 /// LOC101060399",0.416415214734188
"ANO2",0.416538922566139
"GLYR1",0.416559961222289
"SASH3",0.416571107724313
"ASB6",0.416600924906901
"ANXA5",0.416611991168046
"LOC101927122",0.416653109533311
"PGRMC1",0.416760801072925
"LY86",0.416858700455128
"HSBP1",0.416870071033222
"ZBED4",0.41687031725578
"RPL22",0.416886351905441
"CLDN1",0.41691867341817
"GMCL1 /// GMCL1P1",0.417003495401292
"SYT16",0.417119600290843
"LOC100996843",0.417208144431606
"LARP4B",0.417392599881528
"LOC283278 /// PLEKHA7",0.417428423869394
"PIK3C2A",0.417438950414622
"SDHAP1 /// SDHAP2",0.417449421660536
"RPUSD4",0.417508585801768
"ZKSCAN2",0.417510069754376
"ANKRD30BL /// ANKRD30BP2 /// LOC100132004 /// LOC100132154",0.41755430839431
"POLG2",0.417617539388455
"MIR7110 /// PDIA5",0.417646653513672
"OAZ3",0.417715776834538
"PPAP2C",0.418081548814045
"LOC100506014",0.418095936422924
"CDK8",0.418097869359063
"XIRP1",0.418128683934946
"FAM174A",0.41815740023092
"KRT8P17 /// KRT8P17",0.41823276493873
"ACTR3BP2 /// ACTR3BP5",0.41826648626364
"A2M",0.418322121970679
"SGMS2",0.418325378641511
"GAB4",0.418393069912753
"LOC100287015",0.418408677800983
"LOC101926912",0.418417668561313
"LOC100506895",0.418449140897319
"LL0XNC01-7P3.1",0.418705831475629
"ZHX1-C8orf76",0.41871199067876
"PVALB",0.418750838394084
"PFKFB1",0.418819135227272
"COPZ1",0.418827206674324
"LOH12CR1",0.418827323366165
"LOC100996542",0.418876436057526
"KDM3B",0.418937884980052
"CLN8",0.418977628917883
"BC043400 /// RP11-875O11.1",0.418981441152322
"DYX1C1 /// DYX1C1-CCPG1",0.41905682495734
"RP3-336K20__B.2",0.419066572210027
"RILPL1 /// SNRNP35",0.419196836214542
"WDR6",0.419238929068996
"CCT3 /// LOC101927137",0.419242481003756
"PDE3B",0.419269875592894
"CHID1",0.419276684705452
"TMLHE",0.419336840208751
"LOC101929118",0.419339460540067
"KCNH6",0.419563108828163
"PCDHGB6",0.419581585956312
"ZNF678",0.419617184046139
"PITX1",0.41962957057556
"ENSA",0.419684693399996
"NCAN",0.419686684740403
"GATA4",0.419732001869415
"SIM1",0.419734412984927
"ADCY6",0.419740466191843
"NLK",0.419799425786386
"RBM33",0.419848433189931
"HYDIN2",0.419892689786856
"PITRM1-AS1",0.419907929837992
"CCL16",0.41991939823557
"OR51B5",0.419928315579344
"VAT1L",0.419960499668011
"E2F4",0.420003184673305
"RP11-388M20.1",0.420006903062937
"DNM1L",0.420097390575135
"TFF1",0.42010489639604
"LOC100132005",0.42016231539348
"CA7",0.420238727729134
"APOC2",0.420263750355047
"OLIG2",0.420289829094734
"POM121L10P",0.420301164519021
"CHIC2",0.42032643191403
"RNF5 /// RNF5P1",0.420331811250805
"RASSF2",0.420334536493451
"NCOA7",0.420375086456518
"EGFLAM-AS2",0.420583613839993
"KRT18P50 /// KRT18P50",0.420739081364245
"FGF21",0.420780247771817
"FLAD1",0.42088529073946
"HSPB11",0.420954104805344
"WIPF2",0.420993479651845
"ORAOV1",0.421049020607543
"GRK7",0.421160866835686
"PRTFDC1",0.421201610053327
"LINC01104",0.421217801593519
"ERV3-1",0.421252781382136
"EMID1",0.421288317948369
"CTBP1-AS2",0.421316292802704
"CCDC36",0.421340909106168
"SRPK2",0.421391265193808
"SGOL1",0.421530034272968
"ACTB /// ACTG1",0.421671969278729
"PCBP4",0.421703562769616
"MIR6732 /// ZC3H12A",0.421809192193708
"TAF11",0.421830036213612
"ROCK2",0.421867529886879
"PRUNE",0.421887183138611
"LGI3",0.421910529007144
"CCDC67",0.421924517157927
"LOC101928894",0.422082095673727
"ANKS1A",0.422098242984661
"LOC101930657",0.422103880439902
"DMXL1",0.422130144987523
"LOC284014",0.422175850693555
"CD5",0.422179971579458
"PLXNB1",0.422212526843233
"CDKN2B",0.422230739393817
"TMEM134",0.422234315167633
"SLIT1",0.422236261687856
"EIF1",0.422254826484397
"PCDH19",0.422265832691109
"MTCP1",0.422426370067693
"C11orf21",0.422516586120528
"DOPEY1",0.422522561450882
"ATOH8",0.422640242423519
"FNDC9",0.422780292972325
"RPL19",0.422821248984359
"APCS",0.422851414802981
"CMTM8",0.422886784776124
"LILRA6",0.422913420425014
"UBTF",0.422949714506864
"ME1",0.422973627178124
"CD200",0.423010449321101
"SH3PXD2A-AS1",0.42301445391468
"SYNC",0.423078282912726
"RFK",0.423155551100528
"PIF1",0.423168355579177
"APOOL",0.423187631438346
"PHKA2",0.423249136985241
"MEGF9",0.423329668101337
"RP11-38C18.3",0.423396805912646
"RICTOR",0.423409139206046
"LRRC8B",0.423412812476761
"ZACN",0.423495357638829
"CYP4F8",0.423529033092765
"LOC101928230",0.423674014963692
"LOC101927502",0.423723389232601
"PRSS3P2",0.423804257393181
"PLS3",0.423810889010497
"HNRNPU",0.423824744567537
"AKR1B1",0.423838425548446
"LOC441025",0.423840452769734
"TINCR",0.423922824964515
"REG3A",0.42398204399697
"PRAMEF11",0.423989253185584
"LOC101928545",0.424015177720357
"LOC93444",0.424037636827084
"CEP68",0.424101302057344
"ELOVL2-AS1",0.424304436312503
"KCP",0.424326167846577
"AC092192.1",0.424360566340341
"CDC23",0.424377457897372
"YIF1A",0.424386309703535
"APLP1",0.424436313462926
"SEC22C",0.424450899134527
"WDR5B",0.42454793076942
"AVEN",0.424548687550452
"CNKSR2",0.424551138015277
"RGS19",0.424647382845271
"AEN",0.424672135840341
"LOC648987",0.424744719807248
"POLR3F",0.424856724478973
"SMURF2",0.424863311740612
"LCE3D",0.424903040984482
"NUDT18",0.424916062936429
"FMO1",0.425045441905762
"GP1BB /// SEPT5 /// SEPT5-GP1BB",0.425078087881642
"TESK1",0.425116876627636
"RBM14",0.425143388873044
"RBM20",0.425151659218417
"LOC101928858",0.425232005015147
"SLFN13",0.425249186634086
"LOC339539",0.42542685783312
"GNPDA1",0.425429137433835
"NEDD8",0.425520452352936
"C17orf50",0.425531313729575
"ZNF572",0.425534237912619
"ZNF780A /// ZNF780B",0.425547237676179
"SPATA42",0.425552513238683
"PROX1",0.425594008543637
"NPB",0.425625991892064
"SPINK5",0.425706221439695
"SAFB2",0.425719368303121
"VEZF1",0.42573496118505
"MPI",0.425760898489675
"SPAG16",0.425811452801524
"TNP2",0.425851841881672
"APRT",0.425878100298205
"TMEM263",0.425916487042496
"PCAT18",0.425916869507931
"RP11-16N11.2",0.425963079944975
"SGPL1",0.425978740837987
"HS6ST2",0.426000171714645
"SH3PXD2A",0.426018218402709
"PIGY /// PYURF",0.426091606738719
"HEMK1",0.426155701197045
"SMAP2",0.426170484706317
"LOC100507336",0.426218923529428
"MED31",0.426243395673305
"LEPREL2",0.426257024791478
"MIR6516 /// SCARNA16 /// SNHG20",0.426292089371526
"RP11-410E4.1",0.42636357165169
"HIST1H2BM",0.426403671038434
"ERC2-IT1",0.426483222791565
"MED15",0.426504329825899
"LOC100505727",0.426552965653328
"CSNK1G1",0.426646624849287
"BLM",0.426734388615577
"FAM124A",0.426769238987577
"MYBPC2",0.426852395155603
"TMEM251",0.4269333305358
"RP4-561L24.3",0.426946418958698
"TUG1",0.426968838753302
"LINC00934",0.427009985637566
"HHIP-AS1",0.427094197648806
"FZD7",0.42714279297751
"LRRC75B",0.427253104468168
"CCDC160",0.427292274060196
"SESTD1",0.427303085357312
"ZNF85",0.427438335959099
"IQCF5-AS1",0.427441638541441
"GPR107",0.427445552068033
"RLBP1",0.427597600278089
"AGAP3",0.427624592364273
"SIX3",0.427803661818443
"RP11-435O5.5",0.427911688439662
"SLC9B2",0.427924237928535
"MGMT",0.427952675694014
"RP11-510C10.2",0.428021445958386
"CHIA",0.428078633740268
"MS4A2",0.42808700088612
"HECTD1",0.428103165280813
"MIR4458 /// MIR4458HG",0.428256760690572
"PECR",0.428297635213853
"PROX2",0.428313159098856
"HOXA3",0.428346239024465
"LOC102725436 /// PMS2P4",0.428359140812581
"MYL2",0.428422957040898
"TRIM66",0.428467030597464
"PDE1C",0.428540062890561
"FAM216B",0.428555134138248
"LINC01279",0.428666726401756
"VPS4B",0.42868940779986
"SH3GLB1",0.428779398985294
"LRRC66",0.428831625181877
"TMEM178B",0.428881623505698
"HFE",0.428882206049238
"KCNQ1",0.428941457752601
"BIRC5 /// EPR-1",0.429106983565125
"ZNF747",0.429211132575155
"CHGA",0.429237577004292
"ZFYVE1",0.429302776477589
"GBP2",0.429315796454798
"CTC1",0.42934551838966
"SLC25A20",0.429412496243301
"GPR31",0.429448655429857
"RP11-397A16.3",0.429471628713304
"TUBB2A",0.429504053450263
"AC006538.1",0.42953707661488
"ELL2",0.42957244128354
"ZNF132",0.429579875724021
"RAP2C",0.429588315702539
"ADAM9",0.429619759007681
"CSMD1",0.429645572674028
"CAPG",0.429651058823716
"RNLS",0.429699961865782
"THEM6",0.429767579813619
"EIF1B-AS1",0.429795207041352
"CRISP2",0.429870602596538
"LTB4R2",0.429925404938179
"MEP1A",0.430005006249564
"FAM71C",0.430034968901068
"LOC100128993",0.430083260308693
"LOC101929486",0.430109102813071
"PHGDH",0.430126184375623
"NSG1",0.430166990794947
"PTGDR2",0.430254787007263
"GPR34",0.430259882914371
"OR1D2",0.430285456498069
"CLCNKB",0.430290033334299
"HIST1H2BD",0.430309255025039
"LOC100505549",0.430348611954143
"RRP15",0.43038019989775
"AC007557.2 /// BC031974",0.430437557731988
"TECTB",0.430459608112733
"ZNF33B /// ZNF33B",0.430474952685081
"TMEM92",0.430525561636953
"PDIA4",0.430613105028161
"RP4-781K5.2",0.430824789450177
"CRYBB2",0.431089787077695
"MAGI2-AS2",0.431101138197246
"ACKR1",0.431140272426262
"BIRC3",0.431208715613005
"FOXP3",0.431241482441287
"C7orf13",0.431246385270628
"ZNF321P /// ZNF816-ZNF321P",0.431338594157815
"LINC00347",0.431423819157185
"LINC00858",0.431465639979429
"BARX1",0.431497250663686
"TRDN",0.431498894201886
"RP11-395I6.3",0.431549838803123
"GUCY1B2",0.431651025554339
"GLB1L3",0.431683089628608
"ZC3H12B",0.431712801960494
"GNPDA2",0.431714393988917
"S1PR4",0.431744577311522
"MOK",0.431837320325788
"CYP20A1",0.431858303218115
"LOC101928845",0.431948756628003
"MDM1",0.431997810888216
"CLCN7",0.432046073933127
"LOC645261",0.432055752087001
"LOC101929715",0.43212127979328
"MIR7111 /// RPL10A",0.432306764058154
"SNX15",0.432322626230035
"NKPD1",0.432459000155734
"IL36B",0.432477523689482
"GATS",0.432515351935403
"ELMSAN1",0.432552631443163
"TOR1A",0.432632253533813
"UBA3",0.432668711261831
"TRRAP",0.432704043278305
"HIST1H4F /// HIST1H4G",0.432767165215664
"RP11-700H6.1",0.432831697110536
"SIGLEC5",0.432843135552741
"BZW1",0.432846944802928
"GPD1",0.432859483742984
"MCHR1",0.432862600120238
"LOC101928748",0.432941786396555
"INSRR",0.432962570248144
"COL27A1",0.432974748799955
"PDIA6",0.432975233174032
"SLC50A1",0.432978994420336
"MTL5",0.433039834320121
"RAB3A",0.433085343690247
"COLCA1",0.433095230233222
"MUC3",0.433115279362232
"SH3BGR",0.433124606486755
"KDELR2",0.433190956962492
"APBB1IP",0.433354467150949
"SMCR5",0.43337948489115
"AFM",0.433404136011407
"KCNIP4",0.433426840332535
"LOC389906",0.433462509940341
"CASC5",0.433476491425878
"STAM2",0.433533013702656
"STX18-AS1",0.433578764604679
"TMEM254",0.433656171366903
"SLC4A1AP",0.433688833892345
"PEBP4",0.433702774170993
"RP11-353N14.1",0.433726202928972
"GPR123",0.433744526139526
"LOC100996251",0.433772922455178
"GAGE1 /// GAGE12B /// GAGE12C /// GAGE12D /// GAGE12E /// GAGE12F /// GAGE12G /// GAGE12H /// GAGE12I /// GAGE12J /// GAGE13 /// GAGE2A /// GAGE2C /// GAGE2D /// GAGE2E /// GAGE4 /// GAGE5 /// GAGE6 /// GAGE7 /// GAGE8",0.433791286924243
"TFAP2D",0.433846135519847
"GPSM3",0.433885987873375
"ZCWPW1",0.433890313356755
"PLCB2",0.433969830573871
"LILRP2",0.433979693736651
"LOC100996455",0.434265209551603
"UNC13C",0.43430836716467
"PPP1R35",0.434365659147229
"GPRIN1",0.434373155084861
"CCDC3",0.434448507322245
"LOC101928818 /// PWRN1",0.43445126201351
"TCRA /// TCRA /// TRA /// TRAV17 /// TRAV17 /// TRD /// YME1L1",0.434517461304429
"EIF4EBP2",0.434638229652331
"RP4-555D20.3",0.434647846107891
"C20orf27",0.434665433135648
"DLAT",0.434686809421258
"TUBA8",0.434778454745179
"PLCB1",0.434836089482407
"TSC22D3",0.434839066357491
"ZCCHC8",0.434846370341796
"FLJ22763",0.434894118244566
"SNX29P1 /// SNX29P2",0.43489833685019
"EPHA1-AS1",0.434948199454221
"GCKR",0.434972011528157
"PLGRKT",0.435014105252669
"YTHDC1",0.435017465768379
"BC044611 /// RP13-539F13.3",0.435019966726038
"ATP4A",0.435068086495166
"OOSP2",0.435074166378592
"GPM6B",0.435103029636074
"CDC25B",0.435106481706901
"FOXL1",0.435108106347892
"IER3",0.435123008542338
"TMEM11",0.435214178355703
"PXT1",0.435216323765777
"CTD-3203P2.1 /// KDM8",0.43523509994514
"RP11-298D21.2",0.43527284097982
"PRIMPOL",0.435298143764714
"TSC22D4",0.43531277806517
"NKX6-3",0.435333574408445
"LOC101927310",0.435361466413175
"CCDC24",0.435471981779773
"FAM106A",0.435565754347268
"RP4-758J24.5",0.435583977641091
"MYH10",0.435610184810022
"HTR6",0.435642374195132
"LOC101930112 /// SPG7",0.435718877999356
"SLC35C1",0.435740957398519
"MMRN1",0.435759633649531
"OSBPL2",0.435784143856429
"KB-1568E2.1",0.436017165228213
"ZNF266",0.436070641046596
"SLC22A6",0.436077978049036
"FAM76A",0.43609071598788
"NSAP11",0.436163936763511
"DNAL1",0.436240195213462
"EIF5 /// SNORA28",0.436246032380375
"ALPK1",0.436358800577458
"PDZD3",0.436390184604219
"C21orf58",0.436421117226452
"NUP210L",0.43643558898651
"HSPA4",0.436505537303814
"BMP15",0.436514851978611
"MBNL3",0.43653185388967
"RPPH1",0.436649006941107
"TIMM9",0.436688726257853
"AK026905",0.436761621132445
"AFAP1",0.436924289603058
"C6orf223",0.436946171572563
"CEP97",0.436979375469809
"TUSC7",0.43703943324006
"LOC100507389",0.437136630678199
"CYB5R3",0.437140469044758
"SPATA4",0.43714926339404
"NEK3",0.437302052463608
"SCARF2",0.437352175862767
"ARSG",0.43736143018692
"C3",0.437469983329922
"PRH1 /// PRH1-PRR4 /// PRH2",0.43752621398327
"PSD4",0.437534453453427
"ALK",0.437586582196552
"TRPM8",0.437633247086088
"MIIP",0.437674008272416
"KIAA1217",0.437714521855108
"PNLDC1",0.437730428583977
"LAMA3",0.437747086393204
"ZMYM2",0.437759555803635
"KLHL14",0.437796439397592
"LAMA5-AS1",0.437829507857482
"UGT2A1 /// UGT2A2",0.437835166087012
"ANKRD50",0.437892210499759
"SLC6A10P /// SLC6A10PB /// SLC6A8",0.437893821454319
"PDLIM2",0.437975684441141
"ERICH5",0.438015659328316
"RP11-274B18.4",0.438081230894483
"ZFYVE28",0.43820503503538
"PDDC1",0.438244710165618
"TNC",0.438309934811941
"GPR98",0.438325250154289
"CIRH1A /// HAS3",0.43839978260855
"MAN1C1",0.438408374727956
"RTBDN",0.438440237286357
"RANBP3L",0.43845450635016
"GRAMD1A",0.438466870373023
"ALG11 /// UTP14C",0.438552058746943
"LINC00910",0.438557453634826
"FUNDC2",0.438602920828003
"ENTPD1",0.438617478264404
"FAM89B",0.438698951907618
"ASPM",0.438829318910281
"APBA2",0.438844660190979
"AC068138.1",0.438855460253964
"LINC01222",0.438862169658735
"TPST1",0.43888966558623
"C6orf47",0.438951741075979
"LINC01061 /// LOC441124 /// LOC729218",0.439071076006008
"KCNG1",0.439086232661826
"PRICKLE3",0.439107113858178
"RP11-141M1.1",0.43912868839397
"SUV420H1",0.439218647080315
"LOC389834",0.439251997218112
"HAUS7",0.4393038209397
"AK025117 /// GPATCH2L",0.439338735987888
"CD99P1",0.439365522374221
"LOC101927314",0.439423530327086
"FANCG",0.439437803781105
"PORCN",0.439439544578183
"STAG3L4",0.439452733510551
"LOC102724257 /// TMC5",0.439544257361927
"CCDC142 /// MRPL53",0.439604110845884
"LOC101929889 /// SPN",0.439647979865162
"ALDOAP2",0.43968170293173
"IGBP1",0.439686831394494
"PAX3",0.439756335031998
"LINC01000 /// LINC01001 /// LINC01002 /// LOC100132062 /// LOC100133182 /// LOC100133331 /// LOC101929819 /// LOC729737",0.439778902784368
"CRHR1-IT1 /// MGC57346",0.439793454035759
"CERS1 /// GDF1",0.439867783671732
"TEKT2",0.439873578780649
"ZBED3-AS1",0.439904090348955
"ANAPC2",0.439975185891433
"ZNF319",0.439979945052944
"TBL1X",0.440008099912663
"NFASC",0.440039888550142
"COX10-AS1",0.440088769748096
"FLYWCH2",0.440230583605072
"DAOA",0.440256569605486
"C10orf62",0.440292326490672
"DCPS",0.44029255566583
"LOC102725016 /// PPP2R3B",0.44036375547269
"ACAP1",0.44041747496586
"ANKRD20A12P /// LOC101059949 /// LOC101060632 /// LOC101927345",0.440441404703364
"MRPL24",0.440456989860876
"FOXD4 /// FOXD4L1",0.440488103875124
"KIF13B",0.440533078155862
"BRS3",0.440666714082525
"EFCAB1",0.440686744066139
"CKAP2 /// IGLC1 /// IGLJ2 /// IGLJ2 /// IGLJ3 /// IGLJ3 /// IGLJ3 /// IGLV3-1 /// IGLV3-1 /// IGLV@",0.440734757690563
"MCM4",0.440743651926205
"RP11-1260E13.2",0.440766392433274
"LMO7DN",0.440877805804544
"LNPEP",0.440885508786293
"RP11-454F8.2",0.440895707353896
"ARHGAP27",0.440958829812395
"BTBD9",0.441023775958395
"TWISTNB",0.441207093009712
"SPATA9",0.44132076042336
"SEPT5-GP1BB",0.441360320643166
"SEMA3E",0.441399556823805
"LOC101930028 /// LOC101930449",0.441415982247007
"DEFA4",0.441485197110153
"CHMP5",0.441521405374929
"SLC35F4",0.441563712881789
"COX10-AS1 /// LOC100506974",0.441601650378531
"KCNH2",0.441620267346443
"C7orf49 /// LOC653739",0.441644588592963
"CA5A",0.441666015182666
"GK-AS1 /// GK-AS1",0.441676786621307
"MPP6",0.441699922331505
"CD80",0.441789093374385
"ABCB5",0.441798993445556
"NEXN",0.441903953518921
"OPA1",0.441922402189311
"ANXA13",0.44196548849339
"RP11-218F4.1",0.441985932321261
"CCDC85B",0.44202171082363
"LOC286121",0.442056974086915
"LOC101928837",0.442153646030304
"IFITM2",0.442237077876325
"SLC26A4-AS1",0.442263092536749
"SEC63",0.442364780936109
"LRRC71",0.442434122315655
"LOC729970",0.442503033425436
"DARS2",0.442555013303317
"ANKRD37",0.442602491707176
"ANKRD35",0.442692009191309
"CTD-2256P15.2",0.442721298407713
"CHRNA2",0.4428157545842
"LHPP",0.442886384334288
"KCNIP1",0.442936807616237
"HAPLN2",0.442953428636312
"SPG11",0.443080410781198
"SPATA31D1 /// SPATA31D3 /// SPATA31D4",0.443090985766179
"RELL2",0.443187101397233
"SLC26A1",0.443188476573937
"LOC101927650",0.443215854995097
"CASC22",0.443226844856626
"RCN1",0.443240149052634
"AGO2 /// CASC7 /// CASC7",0.443286450430961
"LOC101928790",0.443297606741587
"AC139100.3",0.443375609493845
"GLE1",0.443388829231766
"FAM13A-AS1",0.443390617900954
"CCDC180 /// LOC100499484-C9ORF174",0.443393787177082
"TNFSF12-TNFSF13 /// TNFSF13",0.44348438138162
"GNG13",0.443493093552309
"IGHG1 /// IGHM /// LOC102725426 /// MIR8071-1 /// MIR8071-2",0.443556041727112
"RP11-209A2.1",0.443605301694742
"AK000798",0.4436140099536
"SLC2A10",0.443622572310227
"C8orf58",0.443712121112473
"SKIV2L",0.443766774684072
"C11orf84",0.443798889222758
"CP",0.443815487574407
"SMAD1-AS2",0.443818647976744
"LOC101929177",0.443849233935863
"A2MP1",0.443857877701714
"LOC286068",0.443939141131317
"SLC22A8",0.443971606566005
"IQCK",0.444075801036176
"ANKRD60",0.444076235356828
"CTD-2587M23.1",0.444165779457609
"IKZF5",0.44418636794173
"HMP19",0.444231238530739
"LINC00690",0.444285523849282
"KCNE1",0.444304378178277
"PTPRCAP",0.44444963592855
"SNORA65",0.444472994527218
"HHIPL2",0.444476057762282
"CYP4A11",0.44460314609306
"SALL3",0.444656354102105
"LOC101928190",0.444673260432619
"KRT83",0.444741690152237
"CA13 /// LOC100507258",0.444798131728572
"CHD8",0.444847407097543
"NEK2",0.444906312842007
"ZDHHC11",0.444935884829774
"ALDH1A2 /// LOC101928635",0.444941070045193
"KHSRP",0.444950038925268
"FAM27E2 /// FAM27E3",0.445005402822583
"RBP1",0.445026153924421
"FAM230B /// FAM230C /// LOC729461",0.445104943040831
"ST20",0.445157187573856
"PRM2",0.445186245725636
"TNFSF9",0.445253248209108
"DGKH",0.445343386463601
"DENND1B",0.445431776970165
"ZNF286A /// ZNF286B",0.445437854915247
"ZNF536",0.44550976090212
"C15orf32",0.445558583004522
"DCUN1D4",0.445594077290831
"TERF2",0.445658359716754
"FAM153A /// FAM153B /// LOC100507387",0.44566191357778
"HTRA3",0.445679005473047
"NUFIP1",0.445782407858743
"MS4A6A",0.445899031242491
"KRT23",0.445929717432453
"FGFR1OP",0.445948858214676
"GPC3",0.446001332622573
"ZNF211",0.446042249340356
"ADIRF-AS1",0.446071179063931
"GPR125",0.446165354929834
"KY",0.446166450805065
"AC141928.1",0.446213576880445
"AP000525.9",0.446249788518173
"DIEXF",0.446253014818013
"LOC101929450",0.446291197667758
"SLC13A4",0.446296037222652
"LBP",0.446358033645073
"CST8",0.446398286085158
"HEATR2",0.446416203028543
"TRIM47",0.44644220625526
"ZNF24",0.446552291883559
"NMNAT3",0.446577645112232
"AOC2",0.446605711691111
"KCNN2",0.446641693023157
"CREBL2",0.446659763492962
"FCAR",0.446705761004782
"MEX3C",0.446729807835461
"UAP1L1",0.446872291340443
"AX747192 /// RP11-783K16.14",0.446938543266316
"LOC283713 /// OTUD7A",0.446981497274929
"C17orf75",0.44698314370732
"ATP6V0A4",0.447126421220301
"HBG1 /// HBG2",0.447157248981801
"C18orf61",0.447190063205152
"PHTF2",0.447237028508029
"EHD1",0.447334683103497
"ZNF780B",0.447431084202274
"LOC100506639 /// ZNF131",0.447456973255523
"CCDC168",0.44754248455197
"LINC00550",0.447599755178417
"SPEF2",0.447710770927678
"PRKX /// PRKY",0.447752901653066
"OR2L13",0.447948031336274
"STAG1",0.447971357874316
"IFT22",0.447997699963374
"MTDH",0.448035029123528
"RXRA",0.448067717633983
"C10orf71",0.448179179860777
"SNAI3-AS1",0.448194986761016
"APOLD1",0.448207115074962
"LILRB4",0.448244233069208
"FAM99B",0.448263883272391
"FAM71B",0.448385026623596
"RP11-560G2.2",0.448406565483745
"AKAP9",0.448421127601933
"TIPARP-AS1",0.448423927191883
"HPS4",0.448462828991362
"PTGS1",0.448497418992624
"KCTD5",0.448508374045844
"CD2BP2",0.448575536426534
"ARID4A",0.448578189492463
"LINC01214",0.448598249214717
"LOC101927539",0.448599170708866
"PASD1",0.448629021298186
"TFEC",0.448763830639612
"LOC286052",0.448771891783404
"PAXIP1-AS1",0.44882011564427
"LOC93432",0.448822786184078
"MALL",0.448848480281236
"FAR1P1 /// FAR1P1",0.448976157898203
"SMYD1",0.449123969333843
"PLEKHB2",0.449125751459169
"MGC16275",0.44914530423981
"RRH",0.44915501527028
"RP11-554D14.1",0.449173077454384
"MFAP3",0.449189871488248
"POLR2G",0.449193307120684
"NADK2",0.449216123723153
"ATP5J2",0.449283256973872
"ATG4A",0.449300949276046
"IGF2R",0.44936564127863
"C3orf58",0.449439651630144
"RP11-440I14.2",0.449494187040905
"JAG2",0.449705938334767
"SCNN1G",0.449725773095677
"C9orf64",0.449743881284553
"RP11-214K3.20",0.449774289545208
"LINC00700",0.449787223623382
"GPALPP1",0.449793695354289
"LOC101928388",0.44982717166426
"DAB1-AS1",0.449874110055488
"SPAG6",0.449909472683941
"GET4 /// RP11-449P15.2",0.449934613583888
"PCOLCE-AS1",0.449951005071235
"CUX2",0.449967822928437
"MYLK3",0.449973088816896
"NSMF",0.449986034880276
"DLGAP1-AS3",0.450054351439096
"DPH6-AS1",0.450122104295706
"TOM1",0.450131780617211
"ARHGAP9",0.450224513194323
"CELF6",0.450507410106544
"LOC101927126",0.450590855923203
"TBC1D7",0.450604887746205
"ADAMTSL5",0.45065964541876
"SIDT2",0.450725901266858
"SLC35B4",0.45081500636541
"GPR37 /// SEL1L2",0.450817837780474
"GTF3C1",0.450852102740261
"RBFOX3",0.450879552764299
"KLRG2",0.450925566723786
"RBM24",0.450934562493922
"KDM4D",0.450960752166523
"LINC00488",0.451052737113313
"HAVCR2",0.451145521775761
"ZNF763",0.451165256070784
"RP11-495P10.6",0.45121271839897
"LECT2",0.451345511991096
"ATAD2B",0.451353714489614
"DPPA5",0.451354208219649
"LOC100507656",0.451355220123653
"FAM60A",0.451392368616694
"JPH3",0.45143379893301
"AK125860 /// RP11-582J16.4",0.4516627594322
"KCTD6",0.451700527585198
"TRAV8-3",0.451711141186448
"KIR2DS5",0.451918583253109
"ATG2A",0.451931254702539
"ANKRD20A1 /// ANKRD20A2 /// ANKRD20A3 /// ANKRD20A4",0.452009688898474
"DHX9",0.452064032153088
"PTPN22",0.452166953646901
"INHA",0.452316888639308
"NHS",0.452317593061467
"LAS1L",0.452355283216425
"SLC29A1",0.452357405591937
"DQ580846",0.452374569279371
"MIR210HG",0.452432422355244
"RNF19B",0.452434323208372
"ELMOD1 /// LOC643923",0.452475945850793
"CETN1",0.452639356642242
"C10orf35",0.452763010212911
"RABGEF1",0.452788703746267
"PPP2CB",0.452879024243365
"VRK2",0.452935199044828
"RAP1GAP",0.452973406549625
"HMGN2P46",0.453016932360835
"CITED4",0.453085455383868
"SEPSECS-AS1",0.453094178376973
"CST7",0.453100602561495
"FUT10",0.453123303073492
"LGR6",0.453130431028588
"FLJ25694 /// KRTAP21-1 /// LOC101929344",0.453139452984114
"TNXA /// TNXB",0.4531865999252
"ST8SIA3",0.453253281546292
"TYROBP",0.453549252124253
"IGJ",0.453576561948658
"TGM2",0.453661288748513
"GALNT6",0.453684776762755
"FAM206A",0.45376632950377
"LOC285847",0.453778174552723
"DNAH5",0.453786638151839
"TMEM130",0.453803073052535
"HOXA7",0.453806512113711
"HDDC3",0.453842721385204
"LOC100130370",0.453843221727567
"C1orf233",0.453915886070086
"RP5-1007H16.1",0.453953035562811
"SEMA6B",0.453985379704036
"C9orf172",0.454012412381382
"VWA5B2",0.454094801099205
"GAPDHP73 /// GAPDHP73",0.454134948567059
"RBMS1",0.454172920164524
"ATXN7",0.454219255174326
"CLPS",0.454300867805623
"GRN",0.45439588950902
"SPATA45",0.454403966496904
"APOBEC4",0.454428548144091
"DCX",0.45446789581571
"C20orf202",0.454521016821283
"UIMC1",0.454569955301547
"SOX21",0.454570466861733
"MLPH",0.454601101208934
"RPS11 /// SNORD35B",0.454637459180416
"ADSS",0.454671032159648
"B3GAT2",0.454676516051923
"VWC2",0.454687017661423
"TMEM230",0.454689824944494
"LINC00445",0.454731574279399
"LINC01426",0.454755237966788
"FAM63A",0.454813041580097
"MIR1909 /// REXO1",0.454841801603183
"LGI2",0.454891883897781
"MAN2A2",0.45492943873252
"ZBTB7C",0.454940656719531
"DDX24",0.454988504019642
"SERHL2",0.455026494287606
"SERTAD2",0.455123504387361
"KHDRBS2",0.455145420212839
"TNRC6B",0.4551458235503
"MGAT5B",0.455160342237992
"SFI1",0.45521012040238
"LOC101928937",0.455271965139424
"SOCS2",0.455299358764839
"CCDC141",0.455340751348911
"AC010145.4",0.455362902029679
"MATR3 /// SNHG4",0.455402639578915
"RNMT",0.455474576675553
"RP11-646E18.4",0.45550971812362
"NRG4",0.455528043848845
"HEY1",0.455540052725933
"HLA-DQB2",0.455543572950504
"LQFBS-1",0.45565240642082
"MAPK7",0.455825463676509
"C16orf86",0.455875216683363
"IGLC1 /// IGLJ3 /// IGLV2-14 /// IGLV@",0.455996377634421
"LEKR1",0.456045289144249
"C20orf26",0.456202742511387
"LYRM5",0.456205643828278
"SERTAD3",0.456248892728357
"AK097242 /// CTB-127C13.1",0.456256555100493
"MOGAT3",0.456415954813413
"C1orf116",0.456421459490747
"SCRT1",0.456423640677783
"CRHBP",0.456436996563115
"CCDC114",0.456460461193141
"FOXP4",0.456470847340296
"C10orf91",0.456662694224659
"LINC00238",0.456691947096065
"ZNF142",0.456837241737381
"LOC646241",0.456849293315104
"POU5F2",0.456875114106175
"LINC00526",0.45695460551292
"RP11-382F24.1 /// RP11-382F24.2",0.457064993234221
"LOC101060373 /// NOMO1 /// NOMO2 /// NOMO3",0.457075615386089
"WDR81",0.457178653506692
"ZNF282",0.457230114356365
"BLOC1S5 /// EEF1E1-BLOC1S5",0.457234171836031
"LOC101926959",0.457264876143269
"LOC100506731",0.457272734069515
"KPNA1",0.457328144973689
"BC045559",0.457348231729911
"MRPL3",0.457431239398443
"KRT32",0.457437680379764
"BC036309 /// RP11-298H24.1",0.457548556850253
"CCDC102A",0.457574029606415
"SLC22A14",0.457577888193507
"C9orf114",0.457630938161225
"CROCCP2",0.45764364266616
"LOC100505902 /// LOC285389",0.457689012056419
"GRIN2C",0.457710429648587
"GTF2H2 /// GTF2H2B /// GTF2H2C /// GTF2H2C_2",0.457857966872323
"SCN1B",0.457914822628058
"ODF3B",0.457993581755004
"FCRLB",0.458021472594
"ZDHHC22",0.458047970809947
"DDX5 /// MIR3064 /// MIR5047",0.458082371142818
"FAM86B3P /// FAM90A1 /// FAM90A25P /// FAM90A2P",0.458152561629738
"SLK",0.458169505944216
"MC5R",0.458173703656284
"CRNKL1",0.458194955823658
"TCP11L1",0.458204158882633
"LENG8",0.458239463145583
"HLA-DQB1 /// LOC101060835",0.458268486458844
"ANKRD24",0.458311822272935
"LINC01018",0.458319507517273
"HYI-AS1 /// HYI-AS1",0.4583222617882
"CTAGE11P",0.458333775875024
"MDP1 /// NEDD8-MDP1",0.458387447582619
"BC043266 /// RP4-568F9.6",0.458479673636117
"PARP15",0.458481157728937
"LOC101928877",0.458514580477165
"PRR22",0.458569368994438
"SYNE4",0.45857154856129
"ADAL",0.458629289348423
"LOC102723684",0.458639929400446
"LOC101930075 /// NPIPA1 /// NPIPA2 /// NPIPA3 /// NPIPA5 /// NPIPA7 /// NPIPA8 /// PKD1P1",0.45872561877302
"LIMD1",0.458824940338754
"S100A16",0.45884054107925
"CAPN7",0.458867285740686
"FPR2",0.458885336527059
"RAD50",0.458886131865169
"LINC00342",0.458980280277714
"LOC728114",0.459009397352461
"ANKRD2",0.459012180630078
"RAB17",0.459047342003265
"AMPD3 /// CAND1.11",0.45920547416059
"SCARF1",0.459209327346772
"LRP6",0.459223711631652
"LOC102724316",0.459273485766114
"MET",0.459292166038436
"NEU3",0.459386059945547
"LINC00597",0.45941362096704
"RASAL3",0.459443074592773
"CISD2",0.459450778126141
"BC079832",0.459508485380587
"ARAP2 /// LOC101928667",0.459544632803535
"BCCIP",0.459578975036795
"TIMM8A",0.459651903963145
"BIVM",0.459659218504931
"LOC440982 /// ZIC1",0.459719504365144
"SLC26A8",0.459735144698511
"ZP4",0.459865309632424
"RP11-727F15.11",0.459907752140865
"VCPKMT",0.459998225516375
"PSPH",0.460001349242454
"SHISA4",0.460015961568724
"USP9X",0.460110324278671
"ARL6",0.46013801259177
"DENND4A",0.460176232008252
"OSR2",0.460179571074427
"LOC340184",0.460197842187257
"QPCT",0.460231109474546
"ACSL6",0.460262540841552
"YTHDF3-AS1",0.460279181753635
"CCDC148-AS1",0.460293121822183
"C19orf12",0.460297321773074
"DCST1",0.46032781841334
"LINC00334",0.460383703682406
"LOC100506446",0.460425296579955
"HAMP",0.460496172124583
"PCED1B",0.460534245956036
"HGD",0.460595821684835
"C7orf60",0.460651580510557
"LDLRAD4-AS1",0.460698548709758
"PITX2",0.46070159642672
"GK5",0.460721026362143
"RP11-203B7.1",0.460827694415852
"TRIM10",0.460915923460442
"CENPC",0.460919165184735
"LOC102725017",0.460925107032026
"LOC101928123",0.461002571270272
"LRRC74",0.461004749442985
"MCUR1",0.461005319768067
"RARG",0.4610826431662
"FMO9P",0.461139847778252
"IFRD1",0.461162869246878
"SMIM10",0.461164117650231
"ALDH1L1",0.46119494842573
"MCL1",0.461252476546831
"FAM3D",0.461267083714687
"LOC101928989",0.461273281655316
"AGK",0.461409855098187
"ADRA2C",0.46145519690446
"KCTD17",0.461480604970968
"LOC101928725",0.461529739573301
"BC035247 /// RP11-18H7.1",0.461562989882038
"NFATC3",0.461604981507756
"ZNF33B",0.461608861319395
"KIR3DL1 /// KIR3DL2",0.461638727254871
"SHROOM2",0.461683691913641
"SIGIRR",0.461688531118596
"GNGT1",0.461691954468026
"B3GNT7",0.461697356690713
"WDR16",0.461714022695769
"LSM12",0.461739960975593
"NDST2",0.461740704455935
"LY86-AS1",0.461805338292359
"N4BP1",0.46188446648464
"GTDC1",0.461890915801818
"GOLGA8A",0.461939434626417
"FNTA",0.462086575865959
"HMOX1",0.462089580909321
"LTV1",0.462156625115018
"HEXIM1",0.462165009374835
"TAOK1",0.462236710004202
"ETFDH",0.46224928457287
"NXF3",0.46225115885962
"TMEM255A",0.462283935322512
"EBF4",0.462462896789668
"RP13-39P12.3",0.462512834759331
"CHST6",0.462588871635668
"VPS13A",0.462629837764751
"RP11-661A12.9",0.462653711593227
"CST3",0.462680657011682
"LOC101929857 /// LOC101929864 /// SLX1A /// SLX1A-SULT1A3 /// SLX1B /// SLX1B-SULT1A4 /// SULT1A3 /// SULT1A4",0.462693349085115
"OR5I1",0.462885582562281
"ANK1",0.462904147844885
"TTC37",0.463149191574487
"ARMC8",0.463185877872696
"CCDC54",0.463244266829909
"PRAP1",0.463254093521879
"MINA",0.463271406743068
"DYNLL1-AS1",0.463349407590653
"LOC100132356",0.463373862071109
"CPT1C",0.463394673167289
"IL16",0.463420208555677
"AP000265.1",0.463455833624939
"POMZP3 /// ZP3",0.463475158685347
"RPE",0.46349933475549
"MYO3A",0.463595662075413
"SLC15A2",0.463675685506392
"FBXO5",0.4637449015308
"ZNF513",0.463791347157782
"RPL18AP16 /// RPL18AP16",0.463867467299682
"RPL7",0.463991998437702
"CCDC79",0.464006732537974
"BPGM",0.464045437831769
"PRDM1",0.464083395864008
"GLIDR /// LOC728903",0.464113801863469
"UCMA",0.464195681394162
"TOMM70A",0.464203696827387
"NIPA1",0.464205340497072
"C19orf40",0.464234134707713
"KIAA1211L",0.464252347732362
"NYAP2",0.464378865431367
"NALCN-AS1",0.464386914492366
"SNX19",0.46444373112432
"LOC541472",0.464467430708086
"LOC101929172",0.464533892432995
"CXCL17",0.464560293962226
"RADIL",0.464596850217718
"TINAG",0.464708457089734
"LOC285500",0.464719313897176
"AGO2",0.464750659753132
"CENPJ",0.464888682371097
"SLBP",0.464984656023601
"BC012193",0.46505979441618
"CATSPER2 /// LOC101930343 /// STRC",0.46506153119298
"HP",0.465175248580504
"SDF2",0.465218580227607
"AX748292",0.465388447909436
"NECAP2",0.46544157670888
"RLN2",0.465540128152265
"TTC28",0.465645197078671
"GAL3ST2",0.465678485341338
"E2F1",0.465744727118311
"TXNDC12",0.465810517774182
"IFT52",0.465824980342271
"LOC646588",0.465868659805277
"NRTN",0.465901594337305
"CCDC113",0.466060460238607
"AC018816.3",0.466096970603636
"SOS2",0.466105358721204
"MRPS30",0.466182382339069
"KCTD19",0.466229233759205
"PQLC3",0.466263458698403
"DMBT1",0.466331496227903
"CHIC1",0.466368011099771
"RNU2-22P",0.466385900769492
"CCDC30",0.466402520567292
"MIR3185 /// PRAC2",0.466469521296236
"LOC101927948",0.466627877695495
"PLSCR4",0.466649531777702
"RP11-381P6.1",0.466674414881901
"SH2B3",0.466678780997769
"CELSR3",0.46669783015186
"LOC100130705",0.466732517992701
"FLJ43315 /// LOC101927088 /// LOC101927527 /// LOC101929518 /// LOC442028",0.466759520346065
"MEP1B",0.466760553868253
"LINC00424",0.466783892372587
"DEFB127",0.466785159007918
"MME",0.46680790879465
"ARNTL2-AS1",0.466830318335602
"NBR1",0.466841254639588
"FAM181A",0.466863165754177
"CGB1 /// LHB",0.466873595615791
"AL831948 /// RP1-197B17.3",0.466913280120184
"ZNF143",0.466924989018272
"RP4-594L9.2",0.467043214293833
"RP11-448A19.1",0.467088944584519
"HCP5",0.467112614498485
"SOCS7",0.467181759211009
"TGM3",0.467239899416191
"PNPLA8",0.467296105863031
"ZNF7",0.467303602700912
"REEP6",0.467362267049435
"ALS2CR11",0.467413582582425
"RP11-884K10.7",0.467422250163948
"GPR146",0.467455806640148
"DPF3",0.467474492398324
"PAK7",0.467535246871416
"RP11-5C23.2",0.467592074039575
"TP53TG5",0.467636564976998
"PLEKHG5",0.467668995388952
"DDX11 /// DDX12P /// LOC642846",0.46771164607152
"METTL21EP",0.467852009947497
"C2orf71",0.467984188486715
"WFDC3",0.468001914896884
"TIMM23",0.468024929219895
"HIST1H2BA",0.468025975421691
"ZFR",0.468170239913193
"HIST1H3A /// HIST1H3B /// HIST1H3C /// HIST1H3D /// HIST1H3E /// HIST1H3F /// HIST1H3G /// HIST1H3H /// HIST1H3I /// HIST1H3J",0.468192334791221
"LOC157931",0.468199894794044
"ARHGEF1",0.468234155763521
"PTK6",0.468302616265131
"SERINC2",0.468323282255266
"LOC100289561 /// LOC100630923 /// PRKRIP1",0.468452641858904
"RRN3 /// RRN3P1 /// RRN3P2",0.46854465122859
"TM6SF2",0.468561534227365
"BRI3 /// FLJ30064",0.468686591036361
"NDUFA1",0.468718140007451
"LOC101926916",0.468725786790752
"FBLL1 /// FBLL1",0.468737399363738
"FMNL2",0.468816386160589
"OR1F2P",0.468848228261472
"CACNG5",0.468869823755044
"NOP9",0.468881132715277
"CORO7",0.468891228443366
"PDPN",0.468982989887335
"IFIT3",0.468995395130904
"USPL1",0.468998495787881
"TRAK1",0.469010377441278
"TNK2",0.469076823911993
"SLC17A1",0.469133153801543
"RP11-474P2.2",0.469261742067068
"ERCC4",0.469287523517472
"CXADR",0.469314617702591
"AP001604.3 /// BC043580",0.469385273149929
"COMMD1",0.469392730623565
"ITSN2",0.46942705675821
"ZNF790-AS1",0.469476096018377
"FLJ23519 /// RNH1",0.469544240169569
"OR11A1",0.46958735645143
"LOC101928405",0.469674972700461
"ALDH8A1",0.469747242605171
"AC007362.3",0.469796391578095
"LINC00263",0.469818538411831
"SETD5",0.469897927544049
"TTC9B",0.469944374710511
"MR1",0.469947465043426
"CTD-2297D10.2",0.469967555008823
"C4orf3",0.469973147355395
"ZNF324B",0.469983575657898
"MINOS1-NBL1 /// NBL1",0.469983949190254
"RAB22A",0.470030238932282
"LCE1E",0.470074713397203
"TEX38",0.470114589638707
"LOC100288721",0.470181543685987
"LOC339988",0.47021962662087
"FAR2P2 /// FAR2P3",0.47026980077593
"ZSCAN18",0.470321565132128
"LCP2",0.470382590490228
"PLCG2",0.470403987874947
"LOC339807",0.470440756926017
"ABHD14A /// ACY1",0.470493244750194
"AC104537.2 /// TCEB1P28",0.470581514112182
"UCP3",0.470706649338667
"JKAMP",0.470756711136028
"FANCI",0.471002074791358
"DGKA",0.471021410510852
"ELANE",0.471231385076971
"LINC00115",0.471277461567441
"HOXA11",0.471316021548505
"MC1R",0.471377095381286
"LOC101060691 /// NUTM2A-AS1",0.471408028211476
"SVOP",0.471556373195749
"HPYR1",0.471684044753157
"FAM174B",0.471706648785201
"EEF2",0.471720874158671
"LOC100507283",0.471762440298067
"KLC3",0.471764457676875
"ADAMTS17",0.471764749114694
"IL13RA2",0.471801923958205
"TCF7",0.471834158936377
"RAB2A",0.471845171325244
"ABCG2",0.471865077345529
"LOC101929526",0.471949621700918
"TSSK4",0.472019198063446
"EXT2",0.472070394894707
"CHRND",0.472150046512386
"PRSS50",0.472228403279629
"LOC101928893",0.472272057062123
"EPB41L4A-AS1",0.472285996050274
"PPP4R2",0.472360190856343
"BLVRB",0.472389410571912
"PFKP",0.472436768535458
"CYP3A4",0.472487077594886
"RAB11FIP2",0.472512443832198
"RPP30",0.472539861049411
"SHPK /// TRPV1",0.472547181130334
"MIR146A",0.472578225742114
"BCAS3",0.472604404484894
"SLITRK5",0.472624978751967
"PCSK9",0.472762083543184
"CD79A",0.472764522068334
"PTCD2",0.472786517578617
"TMEM14B /// TMEM14C",0.47282452464266
"HIST1H3B",0.472828604506067
"GSK3B",0.472974223537895
"MBOAT1",0.472996417626785
"RP3-368A4.6",0.473017847127714
"LINC01350",0.473078222913034
"IL27",0.473083466505634
"HELZ",0.473165601774083
"DYNLT3",0.473171849621988
"LOC101927071",0.473182402583446
"LOC388692",0.473281936462347
"ZSWIM6",0.473292506469234
"CYP2C8",0.473533825018313
"GAB2",0.473563779898868
"ARID4B /// RBM34",0.473627516052343
"LOC100652824",0.473665255463266
"MIR6748 /// TMEM179B",0.473701425956439
"KCNS2",0.473827158946433
"CTSF",0.473843258063971
"ANKRD46 /// GAPDHP62",0.473886399107285
"PABPC1L2A /// PABPC1L2B",0.473922310623276
"ZP2",0.473941003318744
"YWHAB",0.47394906314648
"MAGEE1",0.473977509362646
"LOC101927609",0.474012335334444
"GINS4",0.474038951207302
"RP1-149A16.17",0.474047268696979
"LOC101928505",0.474061377130882
"IFT20",0.474092324411462
"WDR5",0.474252532840129
"RILPL2",0.474259545285646
"UGT1A1 /// UGT1A3 /// UGT1A5 /// UGT1A8 /// UGT1A9",0.474292944630238
"LEMD2",0.474301770592245
"LOC100505774",0.474303393267662
"SOX4",0.474360819641214
"AC064852.4",0.474361991062294
"LOC101929622",0.474484767519461
"RGS22",0.474579772893628
"ATP6V1G3",0.474646040060822
"NEU1",0.474697729517368
"KCTD11",0.474722331315188
"KRT19P2 /// MIR492",0.47474075672527
"SLC38A7",0.474771062895741
"PAK4",0.474771789811693
"SERPINF1",0.474774596880707
"ERVH48-1",0.474803107759313
"YLPM1",0.474849960332726
"ADCY5",0.474881102867002
"RINT1",0.474888171031028
"ZNF672",0.475009557051174
"DIO2",0.475039053715528
"MXD1",0.475143416063348
"FCHSD1",0.475163474826854
"SLC15A4",0.475306682427612
"AL133493.2",0.475338465390751
"SRSF6",0.475351523340212
"SH3KBP1",0.475408927932272
"SDR16C5",0.475515967925468
"LDLRAD3",0.475527308772687
"LRRC25",0.475545854059177
"HAPLN1",0.475592094040271
"CEP128",0.475609983386633
"ARHGEF39",0.475712491794268
"ZNF827",0.475745201719846
"LOC101929607",0.475778608279103
"ENHO",0.475848032370687
"WIPF1",0.475966123693905
"ZNF619",0.47599114909109
"TPTE2P6",0.476149401035526
"WASH1 /// WASH2P",0.476231330915634
"LOC400541",0.476339634758637
"TRIP12",0.476427419074076
"LOC652276",0.476461893477979
"RP1-212P9.2",0.476718956335678
"DNAJC7",0.476745748449264
"ZNF585A",0.476758531503758
"GGA3",0.476804561086163
"DONSON",0.477050281536471
"LOC101060179 /// PRDM11",0.477063215510958
"MAN2B1",0.477070621336949
"ARG1",0.477101792831488
"LOC100131303",0.477102618881324
"ZNF362",0.477110054062355
"ICE1",0.477149483260903
"KDELR1",0.477158483370229
"AK022030 /// TROVE2",0.477254901039288
"CASKIN1",0.47732864520384
"GLUD1",0.477333734837026
"G6PC",0.4773347458359
"DCLRE1C",0.477335561642567
"AL832909 /// LINC00984 /// LINC00984 /// LINC00984",0.477337885413153
"ZMYM1",0.477391593263668
"ARRB2",0.477398721083875
"CSMD2",0.477456883959868
"LOC728073",0.477469579921647
"SACS-AS1",0.477537527687798
"ANKRD53",0.477575414232896
"GTF3C5",0.477607502738303
"LINC01187",0.477656369454312
"DIAPH3-AS1",0.477681099771067
"OR10H3",0.477694022759941
"LINC00493",0.477864429194646
"TOMM20",0.477937546717899
"TMEM174",0.477945757868223
"RP3-522P13.1",0.478032786985156
"SSBP3-AS1",0.47803888511448
"ICAM2",0.478052750184545
"TMEM115",0.478087403426267
"RP11-79P5.9",0.478108987614852
"GOT1L1",0.478186798719153
"HSP90AA1",0.478231036645722
"ZNF883",0.478266119753674
"OCLM",0.478271401850034
"MYO16",0.478312583260066
"AY940074",0.478389212542123
"AES",0.478410377651776
"FAM159A",0.478414091713176
"BX648501",0.478446822252356
"TSKS",0.478507898117547
"GDNF",0.478575259759289
"PP12719",0.478629413440925
"ZNF568",0.478635769720561
"ZCCHC2",0.478679735399627
"CHGB",0.478784771227381
"APPL1",0.478796235434666
"OMP",0.478798752165908
"FAM83B",0.478808917789428
"WEE2-AS1",0.478832491592076
"AGO2 /// CASC7 /// CASC7 /// DQ574852",0.47883642159272
"KRTCAP3",0.478842741068662
"TBC1D1",0.478850988783581
"HIC2",0.478884522980556
"SOCS4",0.478898719430402
"TRIM4",0.478935424102896
"CHP2",0.478994843955284
"C11orf1",0.479064855347481
"PAN3-AS1",0.479088437612904
"HNRNPF",0.479119692691841
"ZSCAN12P1",0.479134380507283
"C10orf12",0.479225189310636
"KRT31",0.479227505513083
"HS3ST4",0.479246260908145
"DPM2",0.479249371957491
"UQCRH /// UQCRHL",0.479287053159254
"RHBDD2",0.479300446568712
"PSG7",0.479342808220474
"ANKRD29",0.479354289874705
"KLHL30-AS1",0.479427860253895
"BRAF",0.47946733147561
"CPS1-IT1",0.47954331773027
"PRPF38B",0.479556207942174
"LINC00116",0.479565229807684
"ERBB2",0.479577590686093
"LOC100287166 /// LOC101930064",0.479605824765778
"WDSUB1",0.479637697691333
"INSC",0.479676116973345
"LINC01270",0.479746037976295
"EIF1B",0.479772922702435
"PRO2012",0.479777880530882
"DHRS7B",0.479781773208908
"ELP4",0.479845529035646
"OXSR1",0.479900492275518
"STC2",0.479965959018386
"ST3GAL5",0.47998207163235
"YKT6",0.480199412513253
"SNX8",0.480206812522514
"ZNF48",0.480208992515805
"RP3-327A19.5",0.480250234842703
"ARRDC2",0.480263537874337
"LOC101927204",0.480266374322393
"UCN3",0.480280717010062
"SLC17A6",0.480313089746263
"BC036311",0.480316625453063
"GLI1",0.48031885712562
"NRCAM",0.480389833655158
"IRF9",0.480458044130579
"MAMSTR",0.4805660326975
"GPN3",0.480589230864803
"AP1G2",0.4805990135976
"ZNF556",0.480721619013904
"ARHGAP11B /// LOC100288637",0.480756234173832
"TAAR2",0.480757211877607
"RAPGEF4",0.480792696068756
"OAZ2",0.480821962818883
"IFITM1 /// IFITM2",0.480836776876207
"ASAP3",0.480882185902054
"JUND",0.480898726577337
"LOC102724873 /// ZNF75A",0.480990693410301
"LOC100630918",0.481028778386519
"AGTR2",0.481131585793658
"RBAK",0.481207720270028
"TBX15",0.481314175623487
"PCDHA2 /// PCDHA3",0.481544117095972
"ATAD1",0.481617031349966
"RPS4XP2 /// RPS4XP2",0.481634028253528
"KLHL5",0.481748392180646
"LOC101927950",0.48179781425702
"ASUN",0.481808746983643
"IWS1",0.481946892740991
"TDRD5",0.482027256614489
"ADAM11",0.482039599791385
"LOC101929705",0.482114498710932
"BCL10",0.482116984439614
"MARK2",0.482285363648482
"APOBEC2",0.482297158747523
"DDX55",0.482310201644286
"RP11-15P13.1",0.48231460181383
"ZNF582-AS1",0.482355542242711
"CPEB2-AS1",0.482389364793333
"AXIN1",0.482449029566296
"PSMA4",0.482570478414056
"AP1S3",0.48284281642243
"ESD",0.482870541679855
"ANKRD18B",0.48292995455588
"ZNF202",0.482975797766998
"LOC101929528",0.482994635945514
"COMMD8",0.483030515435673
"AK021933",0.483031516097988
"SIPA1L3",0.483054858956872
"LOC101928087",0.483088739567278
"MAPK10",0.483097428639678
"RAB3B",0.483176394984218
"OR51A10P /// OR51A10P",0.483202436852901
"SH3GLB2",0.483246021369973
"TNFAIP3",0.483281863072935
"UBTD1",0.483336115398186
"PTPLAD2",0.483336209084155
"DIDO1",0.483337418849345
"C11orf92",0.483366322666782
"MPHOSPH10",0.483423151985876
"AC139100.2 /// PARD6G-AS1",0.483474147262645
"ADCY4",0.483499497005995
"MRPS6",0.483511092843105
"ZNF182",0.483558979688938
"NME8",0.483602616305562
"NPFF",0.483652138120095
"LGALSL",0.483661489631435
"GOLGA6A /// GOLGA6B /// GOLGA6C /// GOLGA6D",0.483669916954475
"SEP15",0.483672601156592
"PCSK4",0.483780784234943
"TAS2R1",0.48378701627943
"KAT2A",0.483846888704261
"MSL3",0.483859654620097
"RPS17",0.4838743608513
"LOC101927820",0.484004914770041
"TLR9",0.484021678619173
"DAD1",0.484069198846311
"RRM2B",0.484136545837602
"RP13-270P17.3",0.484226775940948
"UBE2F",0.484306614650909
"RP11-953B20.1",0.484379402367204
"SPATA21",0.484476057084981
"MED6",0.484505793438743
"RP11-285J16.1",0.484508479292438
"SLC38A1",0.484540612085471
"LARGE-AS1",0.484581999342034
"HOXB9",0.484587047344169
"LOC283485",0.484715468375502
"APOBEC3F /// APOBEC3G",0.484819325036731
"MSANTD1",0.484893820580367
"RP11-334J6.6",0.484914348630468
"TAS2R13",0.484928823209565
"GINM1",0.485001224467214
"RTN4RL1",0.485029064204248
"CASC18",0.485103511013537
"GID4",0.485139969042405
"RP11-495K9.3",0.485223141138871
"IFNL1",0.48522527268856
"HRG",0.485248870067818
"CTNND1 /// TMX2-CTNND1",0.485338944778927
"MLN",0.485455500745092
"ANKS1B",0.485481500637242
"KIAA1614-AS1",0.485529344693308
"SEC14L1",0.485557293772017
"RBP5",0.485592278999028
"APOO",0.485675178369647
"ZNF571",0.485696601952255
"TMEM254-AS1",0.485740845536691
"PPP3CB-AS1",0.485784141517508
"AGXT",0.485878688599092
"EMILIN2",0.485992776720562
"RP5-1061H20.3",0.486087791744701
"LOC102724905",0.486119129829426
"FGF8",0.486130894154755
"ELK1",0.486225507093266
"SLC6A8",0.486256562770402
"UBE4A",0.486271414128196
"ZNF618",0.486300182359572
"CD53",0.48630039943241
"ZNF44",0.486316831437597
"SOX12",0.486413249116521
"RP11-109D24.1",0.486462010073127
"LOC652993",0.486553063749957
"RP11-846E15.2",0.486582411117026
"FLJ10038",0.486623398338071
"CCR8",0.486641593028031
"PATZ1",0.486744335185051
"DPEP3",0.486825741834434
"C3orf22",0.486834954277243
"MKRN2",0.486982789286712
"AP006222.2",0.487013063156168
"IGHA1 /// IGHA2 /// IGHD /// IGHG1 /// IGHG3 /// IGHM /// IGHV4-31",0.487040069325849
"AGA",0.487116649756385
"HNRNPH1",0.487139387535825
"LRRC52",0.487139717882211
"MAGEC1",0.487161334198963
"SCN7A",0.487195977524317
"MCTS1",0.487200507903594
"RALA",0.487291604027558
"PMS2P1 /// PMS2P5",0.487461560543044
"GYPA",0.487477939348171
"MYO3B",0.487510561934726
"NOC3L",0.487605078177188
"TMEM196",0.487610247149055
"MTMR10",0.487648065587424
"SRP19",0.487724619924309
"SMYD4",0.487840537196307
"MTHFD1L",0.487907895601267
"SNX24",0.48801400754821
"CST9L",0.488108208509903
"LDB1",0.488110882483782
"RP11-45M22.3",0.488182669829752
"KBTBD4",0.488192517548643
"GUSBP4 /// LOC100996497",0.48825277583254
"STX5",0.488272318321586
"CLEC1B",0.488358670771512
"KRT17P5",0.488377327128406
"ZNF429",0.488385903181786
"MLLT10",0.488393828305107
"POU6F2-AS2",0.488406780212824
"EIF3C",0.48851388269616
"RP11-339A11.2",0.488647165269704
"AMMECR1L",0.488652899382753
"HMGA1",0.488699337156006
"LOC100507513",0.488715428594039
"LOC400568",0.488722819244717
"CCL17",0.488888354372411
"SLC35F5",0.48888935186656
"MIR4500HG",0.488925876156297
"CD226",0.488958646989561
"LINC00616",0.488985272250869
"DPT",0.489008148271754
"CUBN",0.489020255331493
"RAP2B",0.489066628953955
"MYO1F",0.489089656706625
"SCD",0.489162177842266
"HRASLS5",0.489163221058727
"RHBDD1",0.489228189074297
"C1orf145",0.489261915882274
"ZNF251",0.489343164741157
"LOC102724788 /// PRODH",0.489443897870428
"LY6G5C",0.48950978282036
"LOC285638",0.489545772155586
"ANXA2R",0.489558243932742
"TSPAN1",0.48965282031114
"TNS4",0.489721268249585
"RPE65",0.489733462919986
"ATF1",0.489779250891485
"LOC101928476",0.489897026112087
"DUXAP10",0.489910984471037
"LOC100134445 /// LOC100288778 /// LOC100653296 /// WASH1 /// WASH2P /// WASH3P /// WASH5P /// WASH7P",0.489911262900272
"CH25H",0.489936453900589
"HOXD9",0.489960899077993
"MGC34800",0.490012202972977
"TMEM163",0.490057308970667
"KIAA1328",0.490066547074863
"PSORS1C3",0.490114029440615
"HERC4",0.490156044899141
"EHD4",0.490190967569211
"CCBL2",0.4901973724993
"CSNK2A1",0.490242159342996
"CYP27B1",0.490313141446126
"EMC3-AS1",0.490369485453032
"CSNK1E /// CSNK1E /// LOC400927",0.490379660100447
"IGH /// IGHA1 /// IGHA2 /// IGHD /// IGHG1 /// IGHG2 /// IGHG3 /// IGHM /// IGHV4-31",0.490539915191278
"VAMP3",0.490565969869634
"TM2D2",0.490573038863836
"DNASE2B",0.490662832287405
"RP11-672L10.6",0.490674914863732
"CCDC106",0.490747952920178
"CXorf65",0.490793729222292
"LOC100130548",0.490855898813703
"RAB40A",0.490875136199004
"PNP",0.490876499679209
"MAVS",0.49087907674455
"SPNS1",0.490892086073368
"SIAH2",0.490900480724258
"FAM154A",0.490937755887971
"CASP14",0.490944843353721
"TMCC2",0.49099376657441
"ABI3",0.491156309418758
"EPM2A",0.491225461361172
"KCNMA1",0.491232449670151
"ZER1",0.49127949866942
"ATP6AP1",0.491322438844415
"OLFM1",0.491400643940152
"GRPR",0.491415592355836
"CMKLR1",0.491512008628712
"CASP12",0.49157223060357
"FICD",0.491575310542913
"TSPY26P",0.491629675176003
"ZNF654",0.491658360887563
"LOC200830",0.491686614555685
"CD72",0.491809686287328
"LINC00415 /// LINC00415",0.491819216429808
"TSC22D1",0.491819985319916
"KCNK9",0.491848218386558
"SLC22A11",0.491865771783344
"ATP6V1B2",0.491908687802256
"CBX7",0.491924019778938
"TAMM41",0.49208253476475
"NDUFB1",0.492174431700137
"TMCO6",0.492204862505543
"HDAC2",0.492215075130162
"RP11-753A21.2",0.492225851456374
"NFRKB",0.49227385270552
"GLIPR1",0.492295859498034
"RTEL1 /// RTEL1-TNFRSF6B",0.492366845242526
"TRMT1L",0.492367349241843
"RP11-63K6.7",0.492389255928318
"DMTF1",0.492447872024545
"MUC17",0.492500230722638
"HEATR5B",0.492536973369995
"EIF4A1 /// LOC101928634 /// SENP3-EIF4A1 /// SNORA48 /// SNORA67 /// SNORD10",0.492558515369189
"RMND1",0.492605490884385
"MED29",0.492688381412874
"TACR3",0.492699756402529
"TMEM126A",0.492725667406717
"AFF2",0.492772235360169
"ARFGAP3",0.492811034560275
"DLG5",0.492906473655895
"LOC101927066",0.492929221120045
"UBE2D3",0.493051401909272
"ABCC11",0.493149587003855
"LOC100293211",0.49318959747872
"ICA1",0.493198680887451
"LOC101927651",0.493280537941238
"MTPAP",0.493317039622304
"TRIM13",0.493384722117975
"SCG3",0.493418417509039
"GUCY2D",0.493418940162162
"DPF1",0.49347283267812
"LOC101929143",0.493474183714647
"ANKRD10-IT1",0.493572668630566
"FAM111A",0.493575133272575
"DLK1",0.493763603359283
"LOC101929284",0.493785094728054
"CDK19",0.493789242218899
"NAA50",0.493844044458107
"COL15A1",0.493851678038521
"AMPD1",0.493860243206652
"CSN1S2AP",0.49389849348593
"ARHGEF10",0.49403573828859
"LINC00577",0.49408126515962
"SNX17",0.494088160049463
"UCHL3",0.494098859091668
"IPO11 /// IPO11-LRRC70",0.494105581080746
"DNAJC5G",0.494118861616548
"VPS28",0.494137567293949
"ZNF684",0.494152546827371
"PON1",0.494228052436645
"FAM20C",0.494245029173981
"COPRS",0.494264342042865
"SUMO1",0.494447625092194
"LINC01049",0.494512652355158
"ZNF14",0.494538016900359
"RP11-862L9.3",0.494580688044725
"LYPD8",0.494769173962629
"LOC101929538",0.494858870461813
"RNF181",0.494860326233722
"N4BP2L1",0.494881564296996
"KCNA7",0.494910772492466
"PRUNE2",0.494932381500144
"P2RX1",0.494962338695192
"CCDC172",0.495010873154099
"PKP1",0.495142674322814
"LOC100505534",0.495258056295245
"FAM103A1",0.495293947921422
"FLJ42351 /// LOC101930279",0.495343064293683
"LOC100130285",0.495349673288813
"TXNRD1",0.49539308542557
"LOC100128185",0.495443677671456
"KCNC1",0.495639799127725
"PRCP",0.495654249272167
"VAMP7",0.495737869322232
"CST5",0.495810607633609
"ATG4B",0.495828964987217
"METTL15",0.495839470575769
"CR1 /// CR1L",0.495972809406406
"AX747517 /// CST6",0.495985775033967
"ENY2",0.496032111889917
"CTD-2035E11.5",0.496049722431803
"RP11-3L8.3",0.496057968721087
"PYGO1",0.496115493591074
"FAR1",0.496130632347356
"IFNGR2",0.496163473853535
"ARVCF",0.49619308192853
"ATP1A4",0.496209157515232
"SPRY2",0.496323082755885
"SAMD10",0.496329618549459
"C11orf74",0.49634275749765
"DNTTIP1",0.496417973266406
"LSM10",0.496442081769486
"LOC101928198 /// MFAP3L",0.496455324850081
"MOV10L1",0.49669025520001
"NTMT1",0.496793418892995
"SAP18",0.497000926215571
"TRG-AS1",0.497036080722109
"BC035096 /// RP11-433J8.1",0.497102571885401
"C21orf2",0.497110939152706
"TOMM40L",0.497203883721653
"POLQ",0.497233171200474
"RNF13",0.497262271696678
"RPL13A /// RPL13AP5 /// SNORD32A /// SNORD33 /// SNORD34 /// SNORD35A",0.497265425542469
"TRIM62",0.497267229977368
"LOC100130987 /// RAD9A",0.49728969977206
"LMBR1L",0.497362078071057
"TMIGD2",0.497385746488329
"LOC285740",0.497390057891238
"ZNF280A",0.497463235086423
"HYPK /// MIR1282 /// SERF2",0.497543301789621
"OSGEP",0.497580322296491
"B3GALTL",0.497621900430279
"ALDH18A1",0.497715433343201
"RBM27",0.497725207223747
"LINC00921 /// ZNF263",0.497737542012214
"TMEM192 /// ZNF320",0.49777682037403
"TCF7L1",0.497808068247428
"SDR39U1",0.497811685971772
"KIRREL3-AS3",0.497836955425994
"LOC101928399",0.49784632410984
"KRT8P12",0.497945854232017
"LOC221122",0.497973057388376
"BC044596",0.497975572600286
"AX746968",0.49800612217101
"RTN4",0.498030276696104
"CLDN16",0.498064989737359
"KIAA1407",0.498130328170723
"CHRNA6",0.498170352542156
"MLLT6",0.498269905421374
"MOSPD3",0.498290963179834
"UBE2T",0.498305206399924
"ENO1",0.498323607452447
"USP8",0.498342548818739
"LOC100506459",0.4984723819727
"KCNF1",0.498493904301418
"CDKL3",0.498520745633834
"ST3GAL4-AS1",0.498529543193639
"GP5",0.498535438365792
"DAGLB",0.498594724425443
"RFX6",0.498603715532613
"CCDC109B",0.49864000525503
"LOC102724165",0.498753749741385
"PGBD1",0.498756885403339
"MTSS1",0.498802129007833
"FAM120A",0.498825871219202
"DEC1",0.498862537739225
"C19orf26",0.498934891557643
"RP11-467D6.1",0.49909849153295
"UBE2M",0.499152129186598
"HERC2P5 /// HERC2P5 /// HERC2P8 /// HERC2P8",0.499283044814498
"CASC4",0.499292589451467
"HMGCLL1",0.499367796733875
"ANKLE1",0.499373140606131
"IL4",0.499417709859455
"C1orf122",0.49945074712221
"FBXL2",0.49945560463443
"FXYD2",0.499493020014185
"DLGAP2-AS1",0.499501531180204
"OR8D2",0.499588992265352
"DNASE1",0.4996317970624
"LOC100131655",0.499656074439603
"RP11-495P10.9",0.499701747202716
"LRCH4",0.499733715327387
"BHLHE41",0.499755240773742
"LINC00086",0.499766237892504
"TRNT1",0.499850377589135
"MKRN4P /// MKRN4P",0.499902297332905
"ANPEP",0.499960843879377
"TTN",0.499973667223775
"MLANA",0.500067012274715
"IL13",0.50014199347411
"ELK2AP",0.500218824361839
"KIAA1161",0.500234857665531
"LINC00462",0.500237118207213
"LOC101927479",0.500278042679371
"PHEX",0.500321216621165
"RIT2",0.500359617806045
"APH1A",0.500360872255203
"LHFPL4",0.500386349527229
"IDI2",0.500403494779123
"TENM2",0.50049267008864
"LOC101927089",0.500509112909995
"RP11-634B7.4",0.500512841044414
"LINC01003",0.500552665164668
"IL23A",0.500667369745046
"LOC647070",0.500676525576206
"C4orf45",0.500804424467184
"ZIC2",0.500909623407476
"PNPT1",0.501013909334851
"BC069739",0.501038304270235
"PCSK7",0.501240498612979
"PRR16",0.501316087566557
"B3GNT4",0.501349577282895
"PRPS2",0.501397797240338
"RP11-65D24.2",0.501457027783684
"OPTN",0.501548581202469
"MFSD6L",0.501761734404516
"RPL27AP /// RPL27AP",0.501778673724802
"GMPS",0.501802317641294
"MIR3917 /// STMN1",0.501845646476007
"CTA-29F11.1",0.501934990772197
"STMN2",0.501941623301409
"USP3-AS1",0.502044090821444
"UPP2",0.502064813628819
"POMZP3",0.502140597251369
"LOC100128288",0.502226147702923
"MITD1",0.502480314298405
"HERPUD2",0.502489871514398
"CTC-425F1.4",0.50251511055126
"HDGF",0.502532190891215
"SRPX2",0.502538389780195
"C21orf49",0.502565107727789
"NOXA1",0.502747825354344
"LOC101928716",0.502773804678694
"RGS9",0.502833152237763
"ZNF510",0.502841787314472
"SBSPON",0.502877654817086
"KRT36",0.502877935863658
"PFN1",0.502883962298983
"C5orf63",0.502955203235868
"ZNF208 /// ZNF595 /// ZNF718",0.502996067347364
"ABI1",0.503058779789014
"CMTR2",0.503072386771552
"CTD-2033C11.1",0.503130283484643
"CFLAR /// LOC102724614",0.503135287860545
"ASXL1",0.503151402278511
"FOXE3",0.503218813446375
"NUDCD3",0.503365062746866
"KCTD3",0.503457748316988
"CD163L1",0.503500153431304
"FCF1 /// MAPK1IP1L",0.50371944295738
"NUP43",0.503754880647502
"IL19",0.503945856187529
"HLA-DPA1",0.504008805857665
"DBH",0.504087284915135
"DUSP3",0.504151908838107
"LINC00595",0.50416724901834
"TENM3",0.504276533758116
"TASP1",0.504301345795078
"ACP5",0.504335922380285
"NXPE3",0.504376138684646
"BRD7P3",0.504414499954425
"NT5C1B-RDH14 /// RDH14",0.504554660982665
"PRM3",0.5045816131434
"ZBTB22",0.504593270605345
"IGHV1-69",0.504601457283698
"LINC00382",0.504620146257303
"LOC100506302",0.50462469788439
"CMTR1",0.504631275412987
"NXF5",0.504650857984222
"IQUB",0.504676578986403
"DEFB103A /// DEFB103B",0.504773043055083
"PRR30",0.504787094515014
"ZBTB12",0.504796161140831
"GDAP2",0.504866132767033
"SLC7A6OS",0.504911373813152
"BARX1-AS1",0.505018428091998
"C7orf50",0.505182141092658
"SLC20A2",0.505238300410099
"AK311120 /// LSAMP",0.505326916106346
"KB-1836B5.1",0.50533515857887
"ZMIZ1",0.50550344074898
"MMP24",0.505572293745118
"MIR3934 /// UQCC2",0.505632113755235
"ADRB1",0.505641367897477
"STK4-AS1",0.505824462879312
"STAU2",0.505843825788759
"SLC6A1",0.505847339714389
"CCDC182",0.505910510208996
"CBX2",0.505923453473986
"PLEK",0.505992337156244
"ONECUT1",0.506031930603411
"SLFNL1",0.506059643913991
"LOC101928751",0.506195273325949
"LOC100294341 /// LOC101929774",0.506222619151396
"BTN2A1",0.506364208690628
"LINC00494",0.506368482183343
"KRT74",0.506450414126642
"HECTD3",0.506457060213234
"AK9",0.50651465641708
"FLJ38668",0.506646284472782
"LOC101927210",0.506670000067463
"GIGYF1",0.506706412285147
"RING1",0.506715479538699
"KCNC4",0.506720299236785
"IFI44L",0.506752260518593
"IFT74",0.506797633885523
"C1orf21",0.506851038889822
"FUT9",0.506873172221669
"KNSTRN",0.506876636855248
"XRCC3",0.506927685411315
"UBB",0.507033707760909
"ARRDC1",0.507050254721628
"LOC101928865",0.507051690450992
"SLC29A3",0.507084492364177
"CORO6",0.507095949265075
"RP1-6P5.2",0.507115203728275
"CCDC146",0.507181617544088
"IGLL5",0.507235365218748
"C10orf85",0.507277984116677
"THRA",0.507366498619066
"AANAT",0.507368428711092
"CYP2B7P",0.507507343651212
"LOC101928537",0.507516694623126
"NAF1",0.507525833435304
"CCDC37",0.507539340150007
"PTGR2",0.507541303932387
"RP11-329B9.3",0.507590427176736
"RP4-581F12.1",0.507653197239057
"CCDC93",0.507654295784045
"IKBKB",0.507675949521233
"GMEB2",0.507749815691646
"KLKB1",0.507837492155674
"C2orf61",0.507851484625401
"PPBP",0.507943617610456
"ATP11A-AS1",0.50798638331082
"LINC00608",0.508094434258907
"ZMYND12",0.50811649113293
"ARNT",0.508150968843534
"TEPP",0.508153749291671
"POLI",0.508162518221947
"CPT1A",0.508251301476344
"HUWE1",0.50829800936759
"PPIL1",0.508369484591577
"CXCL14",0.508377706987189
"KHDRBS3",0.508472329484349
"MAGEA11",0.50848375095113
"SLC6A16",0.508564430052261
"RFPL1S /// RFPL3S",0.508568230277577
"AMZ1",0.508635749344584
"LOC401220",0.50872391298222
"STEAP1B",0.508725617114283
"LCK",0.508744159490053
"DCD",0.508813868484495
"MYH15",0.508830169535574
"UCHL1",0.508845408638482
"TMEM257",0.5089597775839
"MRPS11P1 /// MRPS11P1",0.508968640474842
"HLA-DQA1 /// LOC100509457",0.508981176362868
"AC124997.1",0.508982924908446
"ZNF566",0.509002771125156
"OR51B2",0.50905347562259
"SLC22A9",0.509061313145607
"DET1",0.509105572037755
"TIMM23B",0.509149485438217
"WIF1",0.509225800481844
"PHKA1",0.509277009595241
"CREB3L3",0.50939954310592
"FW339973",0.509417114717843
"FAM3B",0.509493234951692
"POU6F2",0.509501853287146
"FGF13-AS1",0.509572737172327
"LOC153811 /// RNF130",0.509659004927942
"CSPG4P5",0.509702705757424
"TBC1D15",0.509718260796815
"TMED9",0.509739753127549
"BAALCOS",0.50987574821063
"CCDC88B",0.509928970307148
"LOC100133920 /// LOC100996643 /// LOC101928195 /// LOC101929583 /// LOC286297",0.509946222682749
"LINC00221",0.510006644708958
"POLH",0.510110573115005
"RPL30",0.510146636197379
"MUC7",0.510225108604476
"C2orf88",0.510238091521621
"LOC100130654",0.51025425883967
"DNASE1L2",0.510327484563139
"LINC00687",0.51043276286189
"LINC00202-1",0.510519294942511
"TMEM106B",0.51053426109521
"TMEM71",0.510537373521671
"UNC119B",0.510563149068294
"RP11-932O9.4",0.510631673523038
"CNEP1R1",0.510679177717647
"C9orf142",0.510694394490767
"HSDL1",0.510697215184797
"SOX1",0.510857536811776
"AZIN1",0.510863994472903
"WDTC1",0.510871212235852
"C3orf27",0.510938750264393
"PFDN5",0.5109393264406
"MGC39545",0.510940235787174
"LRRC56",0.51098923570764
"CSF2",0.510992148893982
"MPZ",0.511016522980369
"TRPM7",0.511322723796071
"ACAD11 /// NPHP3 /// NPHP3-ACAD11",0.511380211903251
"PCP4",0.511405618783348
"KSR1",0.511414319900852
"TBC1D20",0.511415782423168
"NOD1",0.511418623435195
"LOC102724356",0.511440419867853
"ANXA8 /// ANXA8L1 /// LOC100996760 /// LOC102725207",0.51145744490378
"GOLGA4",0.511553822096242
"VEGFB",0.5116073473931
"PRPF40A",0.511822990472734
"C5orf34",0.511858027572647
"GRIP1",0.511900593077215
"KLHL29",0.511914258969151
"SPEF1",0.511963212586995
"COL25A1",0.51196765349945
"DSG4",0.512093888337429
"C2orf50",0.512108168867515
"IFITM1",0.512131558719932
"FMO6P",0.512161080552346
"BC089413 /// IGLVI-70 /// IGLVI-70",0.512225254075361
"OTOP2",0.512268632744895
"RAMP2-AS1",0.512282879593178
"SIAH3",0.512295363906222
"C15orf65",0.512366405952909
"LOC100505784",0.512456287044784
"STAG2",0.512470102814502
"PDCD2",0.512567242075657
"MTM1",0.512598952874776
"AF067845.1",0.512719447693222
"C19orf53",0.512813016167263
"MAB21L1 /// MIR548F5",0.512932007076102
"LOC400620",0.51298201785052
"CARS-AS1",0.51299054433939
"ZNF71",0.513025673722189
"RMDN3",0.513150067940336
"FAM217A",0.513187943360396
"LOC285902 /// ZNF273 /// ZNF479 /// ZNF733P",0.513325353426544
"RNF113A",0.513334268358637
"ASIC1",0.513341133815642
"LRRC8D",0.513367643613449
"PDE6G",0.513430037269643
"BC019672 /// USP32P2",0.513506369209279
"TMEM99",0.513539741224858
"LINC00205 /// LOC102723489 /// LOC102725097",0.513574476350984
"LOC100287221",0.513582394956575
"GBA /// GBAP1",0.513583543068105
"ADM5",0.513588730683197
"TPSG1",0.513715235617368
"POLA1",0.513862489615788
"EPC2",0.51393862780738
"CER1",0.513964518108024
"PAAF1",0.513968402690776
"PPIAP21 /// PPIAP21",0.513970761481504
"MREG",0.514037587996332
"ZNF561 /// ZNF562",0.514047583885461
"KCNQ4",0.514172653761814
"LINC00673",0.514272898336894
"KLRC4-KLRK1 /// KLRK1",0.514285416586899
"LRRN3",0.514309477767447
"H1FX",0.514316213024416
"LOC100507540",0.514376390034068
"IGF2BP2",0.514404574648524
"TIGD4",0.514489845219299
"RAD54L",0.514546672911522
"OPN1SW",0.514554066688338
"EHD3",0.51456235157478
"RP11-548M13.1",0.51465612034143
"OR2H2",0.514695298235004
"SLC30A5",0.514819994314515
"TCEANC",0.514822699481792
"PTPN6",0.514907280936246
"SOD1",0.51507246763011
"TXNL1",0.515118052833515
"DGKQ",0.515209945262453
"CHMP2B",0.515334136650248
"ASTE1",0.515417374319022
"HNRNPUL2 /// HNRNPUL2-BSCL2",0.515467029295856
"C1S",0.515485196392664
"ERV3-2",0.515525479458452
"UBALD1",0.515534748226324
"RARA-AS1",0.515619912724641
"C9orf43",0.515684783492075
"COPG2IT1",0.515780167227373
"LMAN2L",0.515829583635617
"BCL2L10",0.515860824160304
"GFI1",0.515866087066952
"ATAD2",0.515889176355716
"LOC100505635",0.516067296417891
"SNRPD2",0.516083402659643
"DGAT2",0.516084928875648
"FAM179B",0.516104235130395
"INTS5",0.516151236126193
"F11",0.516154390669663
"VPS13C",0.516215495639462
"LOC729164",0.516228253353748
"RP11-395N3.1",0.516238598073261
"RNF122",0.516357198783872
"LOC145694",0.516492498061344
"YIPF3",0.516535417027854
"ADCY7",0.516541119730785
"WDR60",0.516669498576201
"FAM173A",0.5167725115245
"ASGR2",0.516782406286143
"PGLYRP3",0.516844496926036
"GRIN3B",0.516907907570843
"SEPT6",0.517016759561424
"FAM187B",0.517021148520051
"C2CD4C",0.517134936720441
"A2M-AS1",0.517152649665096
"GPR183",0.51719693998938
"SPOP",0.51721546529618
"MKX",0.517229950366831
"BC047942 /// RP11-122K13.14",0.517260224362666
"CXCR1",0.517267470530205
"ICMT",0.517268413457974
"SSU72P8 /// SSU72P8",0.517284875790022
"BC033241",0.51737701315785
"CASC3 /// MIR6866",0.517433578526462
"CCDC171",0.517503377837037
"LOC100996758 /// NPY4R",0.517653346989039
"C1orf61",0.517688947222509
"CCDC78",0.517802439396596
"CYP4F2 /// CYP4F3",0.517828917575359
"SNORA71B",0.517884663144025
"BC113958",0.517969749050499
"SERPIND1",0.518000572520529
"CSNK1G3",0.518012629620303
"LOC400940",0.518022152157225
"EFCAB13",0.518060446845818
"LOC102724162",0.518080912888485
"ATF7IP2",0.518086670617009
"C3orf14",0.518101883298281
"GPT",0.518112991563602
"RP5-1074L1.4",0.518142611331589
"LOC100293704 /// MIR8072",0.51816550180821
"LOC100507419",0.518199466328176
"LINC00593",0.518267585360535
"LOC100268168",0.518297605544327
"SPCS3",0.518421551716111
"WSB2",0.518523803378765
"TTLL7",0.518532858038479
"CTC-462L7.1",0.51867300610106
"DUSP23",0.51869581521359
"AC099850.1 /// BC017255",0.518813426771797
"DNALI1",0.518815777438926
"LOC102723620",0.518855667481019
"AC018766.6",0.518903342972061
"LOC101929517",0.519067365269265
"RP11-58O3.2",0.519118927644156
"TBL3",0.519189274105168
"WNT10B",0.51928824055517
"UGGT2",0.51939143611445
"NLRP2",0.519476389595791
"LAMC3",0.519497500406201
"C5orf27",0.519537655335843
"GBAP1 /// LOC100510710",0.51961862450094
"EPM2AIP1",0.519721541227532
"AC025442.3",0.519738979191568
"TCF21",0.519800991434068
"LOC646736",0.519823915267148
"CLRN1-AS1",0.519861818722962
"MTMR3",0.519995029458628
"RPL23 /// SNORA21",0.520068944118791
"LRMP",0.52006963686434
"RP11-389C8.3",0.520082215860382
"FARP1",0.520082945202195
"GLT8D2",0.520123914514662
"GATAD1",0.520135936000912
"DDX21",0.520223566327308
"TRIM16",0.520389308210107
"GZMH",0.520432492525395
"HLA-DQB1 /// HLA-DRB1 /// HLA-DRB3 /// HLA-DRB4 /// HLA-DRB5 /// HLA-DRB6 /// LOC100996809 /// LOC101060835",0.520457084770968
"RNF17",0.520469333609461
"ORF1",0.520524992735123
"ZSWIM3",0.520546053068302
"GCGR",0.520633617505557
"TMEM187",0.520677622864923
"LOC101928173",0.520725995695342
"LOC100130078",0.520787399821198
"LOC101926918",0.520897926527312
"PABPC1 /// RLIM",0.520900311823158
"CAMK2B",0.520929649104764
"WDR52",0.521039894466808
"ZFP42",0.521065485548892
"SNHG9 /// SNORA78",0.521079344241072
"NTSR2",0.521144779449905
"FAM81A",0.521177939625941
"FLVCR1",0.521179986084049
"NLRP11",0.521281638912922
"FAM169A",0.521327900972693
"LOC101927494",0.521361014852065
"NUP153 /// RP11-500C11.3",0.521367888289068
"ARHGAP39",0.521390650130833
"LINC01242",0.52140318293407
"FAM162B",0.521421745041207
"HIST1H1D",0.521496369264183
"LINC00877",0.521523183806045
"ZG16B",0.521562821180478
"LOC101928583",0.521565361353491
"MMP25",0.521579086902331
"ACTL9",0.521599243068499
"LOC729224",0.521705496258739
"WTAP",0.521755554831735
"LOC100287497",0.521846139290395
"PRKXP1",0.521880243857282
"TSHB",0.52195682229368
"TPM3P4 /// TPM3P4",0.522004889659185
"ZNF274",0.522045727282155
"USP38",0.52204772780906
"LINC00705",0.522125076237914
"NOVA2",0.522142053075491
"ARHGAP31",0.52214240743058
"SULT1B1",0.522190067073328
"SP110",0.522215282268789
"TMEM69",0.522266748835261
"SYNGR4",0.522274067184253
"LAMTOR5-AS1",0.522340546250248
"ZNF670",0.522358791010507
"RBM28",0.52237202296576
"DDAH2",0.522425672158124
"USO1",0.52247240010676
"LHFPL2",0.522474858932348
"IDNK",0.522529572428047
"ACTR3",0.522557699427625
"MAU2",0.522594387828447
"UPB1",0.5226305985017
"PHYHD1",0.522639765212248
"KAT8",0.52279418595331
"IKBKAP",0.522795171873817
"TAB3",0.522877459943468
"RHOU",0.522900466781669
"SLC2A12",0.523014621868018
"TRA2A",0.523055634120119
"SBDS /// SBDSP1",0.523057075988122
"OR51J1 /// OR51J1",0.523093261322909
"SETDB1",0.523132314859962
"PPP1R3D",0.523188768724132
"PAFAH1B2",0.523211197539264
"ATXN10",0.52328710248714
"FRMPD2 /// FRMPD2P1 /// LOC101930006",0.523293302615688
"CDCA4",0.523314639728192
"TFPI2",0.523415296566483
"PYCRL",0.523492556634815
"KLHL22",0.523554653096011
"COX2",0.523557064227931
"PCDP1",0.523572182449429
"HYI",0.523605071134706
"PYDC1",0.523681934018703
"RP11-360A18.2",0.523701406155357
"DMPK",0.523752983238835
"TSEN15",0.523767400254861
"HIPK1",0.523793847818401
"CROCC",0.523852406673429
"ZNF713",0.523934229434678
"PROM2",0.523978189537278
"LOC101928278",0.523980048813304
"ZNF518B",0.523998965863705
"BC150507 /// SCAMP5",0.524250757347574
"ZDHHC21",0.524267649763269
"SMEK3P",0.524308189708255
"LCMT2",0.524384149537752
"RP13-436F16.1",0.524510586886009
"LOC101928255",0.524551804327057
"MT2A",0.52458761495574
"SLCO1B1",0.524722677576079
"ZNF616",0.524729333001528
"GSN-AS1",0.524947098798079
"LOC100507388",0.525004383060022
"TCTE3",0.525013750805812
"TSLP",0.52501504398862
"CCR4",0.525159333131037
"NIPSNAP1",0.525166937979477
"TP53I13",0.525256027727375
"PHF10",0.52529312331758
"RFESD",0.525338707330124
"LOC102723809",0.525352119578236
"PRDM15",0.525359938904474
"MAN1A2",0.525395836386036
"VIPR2",0.525408728606671
"FREM1",0.525444204819855
"TAPT1-AS1",0.525445430309265
"LINC01312",0.525495064600939
"UROC1",0.525564260108454
"RPE /// RPEL1",0.525570756418407
"TWF2",0.525607143952582
"MAP9",0.525672063191775
"CNTN3",0.525674506199982
"MIPEPP3",0.525700491634223
"PDE6B",0.525766109493103
"LINC01365",0.525804078072485
"TLDC2",0.525836731275074
"ABCB4",0.525846445095861
"ANKFY1",0.525865399615199
"ARHGAP6",0.525944678557107
"TAS2R45",0.525967641097699
"FEZ1",0.52600753535463
"RAP2A /// RAP2B",0.526012939363624
"SHH",0.526037265732795
"C8orf17",0.526047026383226
"CRP",0.526071206799353
"RHBDL2",0.526110594090755
"AF131215.4",0.526168183823574
"NOX3",0.52624850198077
"RP4-595K12.1",0.526252623771623
"ABCB8 /// ASIC3",0.526254442526876
"PPME1",0.526302256954775
"HLA-DQA1 /// HLA-DQA2 /// LOC100509457",0.526384121612951
"PPP1R32",0.526481638545053
"XPOT",0.526557005951198
"GABPB1-AS1",0.526720484278357
"Dbpht2",0.526743953874065
"LINC00895",0.526782100663724
"SGCA",0.526813300727347
"MPV17L",0.526870657584907
"PPIP5K1",0.526917118943389
"RASGRP3",0.526917553407966
"LOC574538",0.526999830318188
"EDN2",0.527013062081852
"ARHGEF12",0.527013290473238
"DYNC1LI2",0.527039998672996
"PCDHGC3 /// PCDHGC5",0.527085999513512
"PIGB",0.527121242734885
"TNK2-AS1",0.527258635943572
"GALNTL6",0.527320267751068
"LPAR1",0.527331077912292
"PTGR1",0.527354495198816
"C10orf107",0.527439918008088
"CYP2A13",0.527505894449266
"ANKMY1",0.527568355364091
"METTL5",0.527634394920865
"SLC16A1-AS1",0.527672548729657
"PTPLB",0.527832323947497
"RP11-66N11.8",0.527843546748549
"LYRM7",0.527871214380084
"RP11-439E19.10",0.527926392147662
"RP11-1081M5.2",0.528065747237604
"NR0B1",0.528067108547877
"RP3-406P24.1",0.528087474187444
"HMBOX1",0.528155565884998
"LOC101927348",0.528167591597512
"ERN2",0.528195635593567
"TP73-AS1",0.528218579836805
"GCSAML",0.528474329064229
"MARCH3",0.528480841233153
"ANKRD54",0.528528599279318
"FGA",0.52856819442336
"RPS8",0.528583543178941
"LOC101928333",0.528627691367102
"ISCA1",0.528665385384322
"AP001189.4",0.528684663772349
"JAG1",0.528704582948284
"TIGD5",0.528781456700894
"ARAP3",0.528936132623202
"ARFGAP1",0.52894733519906
"TMEM170B",0.528961502631503
"FIBCD1",0.528978005684276
"ZMIZ2",0.52905224177374
"KLHL42",0.52911486276262
"NEURL4",0.529127697768131
"RP4-742J24.2",0.529211890902662
"ZNF506",0.529368266521908
"C6orf211",0.529368334893933
"HOXA6",0.529394678797629
"LOC100133130",0.529433745740529
"PDZK1",0.529605535978356
"HSD11B1",0.529626316496242
"C16orf72",0.529659592695126
"SERPINB1",0.529676509110343
"DEFB108B",0.529723539165607
"NMRK2",0.529788174352785
"LL0XNC01-116E7.2",0.529952376303395
"LRP2",0.530012696411757
"CWF19L1",0.530062894650578
"TTC23L",0.530113114972469
"FAM73A",0.530121698955971
"CYP11B1",0.530312157136712
"DUSP6",0.530322449373703
"NUBP2",0.530461569697667
"XRN2",0.53048789453938
"HOXA-AS3",0.530511119342283
"DLGAP4",0.530519809226466
"IKZF3",0.530522349887542
"HIST1H2BL",0.530530466083655
"SLC23A2",0.53053561462012
"SLC25A32",0.530675304389123
"HMGXB4",0.530810328506052
"LCE1B",0.530872388486201
"LIPT1",0.530961776858996
"AC144652.1",0.531062173576364
"SLC10A3",0.531121825502344
"PABPC1L",0.531166191351354
"PREPL",0.53119489572633
"RPL7AP71 /// RPL7AP71",0.531200797939122
"LINC00520",0.531209039162481
"NFKB2",0.531268878963031
"LOC727820",0.531439086885556
"OR2J2",0.531493349704665
"MRPL15",0.531518113415692
"ZNF233",0.53154751999707
"CCNT1",0.531573922525173
"TMEM234",0.531597501778727
"BTBD1",0.531714939816049
"COX6B1P3 /// COX6B1P3",0.531758319485557
"APH1B",0.531864656237545
"VENTXP1",0.531870327146358
"PIK3CG",0.53192702709257
"CYP4F3",0.53195005388911
"EBAG9",0.532029273175718
"TMF1",0.532042299176454
"CYSRT1",0.532093713934804
"ODF3L1",0.532158626556439
"AGBL2",0.532230264365632
"NAALADL1",0.532284304044432
"BC069776",0.532296008252378
"C1QTNF2",0.532355407180921
"MOS",0.532358055293581
"OLAH",0.532364979846318
"XPC",0.532430072788232
"FAM71E1",0.532526647050608
"DQX1",0.532555760639777
"LOC403323 /// RP11-791G15.1",0.53257658719225
"LOC100133131",0.532592932402247
"HLA-B",0.532608635315949
"LINC00996",0.532626921489686
"PRPH",0.532630670351911
"GABPB2",0.532632767471616
"RNF148",0.532636862654653
"DHX29",0.532750540750686
"CCRN4L",0.532811084607979
"MIER1",0.532823305432372
"TTC17",0.532837582761984
"LOC100507535",0.532847154718212
"LOC101927701",0.53286296567502
"ITPKB-IT1",0.532928793944626
"TMEM151B",0.533073590672258
"GRAMD4",0.533137903452734
"MFSD1",0.5331520756397
"GMEB1",0.533195177134144
"LOC728353",0.533198525849412
"LINC00330",0.533339525905001
"VPS52",0.5333636316895
"SLC4A2",0.533375219693316
"LOC148413",0.533390023789321
"CTA-331P3.1",0.533392232094245
"LRP8",0.533432231912761
"ZNF235",0.533440255799044
"LOC644794",0.533605349525386
"XYLT1",0.533826849225657
"WBP2",0.533967716025393
"NINL",0.533999107956886
"TEX9",0.534007033685694
"IFNA5 /// IFNA6",0.534032589277163
"LOC283194",0.534056500515692
"ZNF408",0.534076451823651
"MYF6",0.534092928306412
"LINC00535",0.534108972141629
"CTB-31O20.9",0.534252390866487
"LOC728868",0.534269256750434
"CTB-43E15.1",0.534315556387949
"STAR",0.534439748121988
"CPVL",0.534458718758755
"MYBL1",0.534527439763305
"FLJ36840",0.534532927362566
"VASH2",0.534544752681846
"AP2A1",0.534561959725334
"RABIF",0.534735873219068
"PDE3A",0.534846456809116
"CNTRL",0.534854565356305
"CELSR1",0.534903179564392
"MNAT1",0.534904716506628
"RBM26-AS1",0.53515084175037
"ZNF394",0.535178679310814
"TNNI1",0.535280958167873
"KCNAB2",0.535312887268585
"ZIC3",0.535322318571459
"LOC339666",0.535360139567424
"SOWAHC",0.535418570107785
"LINC01448",0.53542618288152
"CNIH1",0.535452636409459
"ZC3H15",0.535558952844122
"STX4",0.535559516982738
"ABHD12",0.535728453445121
"EMR1",0.535754064589998
"CNOT4",0.535781642376054
"ANKRD44-IT1",0.535839083275438
"TGIF2",0.535893956227269
"LINC00282",0.535958385974548
"CYB561A3",0.535992754084878
"LINC00967",0.536044704305527
"NEB",0.53606026910519
"C7orf61",0.536148867310377
"RP11-305K5.1",0.536249238645926
"RAP1B",0.536331652055726
"KCNC2",0.536333081372927
"GML",0.536394629320909
"AP000266.7 /// BC034802 /// LOC100128198",0.536414197261825
"ZBTB21",0.536433168378978
"CTC-459F4.3",0.536488148084574
"SH3GL3",0.536549787213397
"LOC100130744",0.53655266545445
"AF186192.1",0.536561440250613
"RP11-692P14.1",0.536640389347775
"SENP1",0.53665436084912
"ST6GALNAC6",0.536831380658418
"ITPRIPL1",0.537019392202579
"HLA-DRB1 /// HLA-DRB4 /// LOC100996809",0.537092345840631
"RAB4B",0.537114684718915
"SAMD9",0.53711830103907
"GPR111",0.537128419034939
"CCDC150",0.537194724646718
"ITGA2B",0.537269572913317
"NHSL2",0.537338110077763
"TPRA1",0.537341988216416
"CRYGB",0.537346210893861
"OTUD6B",0.5373851592411
"CTD-2194D22.4",0.53745458045153
"LPP-AS2",0.537498248927287
"LOC101928661",0.537507404793641
"STARD6",0.537518725132187
"LRRN4CL",0.537555305822723
"BBS2",0.537582357483323
"SLC22A25",0.537624855459067
"CHMP3 /// RNF103-CHMP3",0.537677322234752
"FKBP1A-SDCBP2 /// SDCBP2",0.537701487485442
"TMEM63A",0.53777166391
"INSR",0.537809551900819
"VAMP8",0.537816785828765
"RP11-118G23.2",0.537881610653677
"LOC102724387",0.537911127188003
"CLEC4G",0.537965218481212
"SLC25A21-AS1",0.537973747380977
"ANXA11",0.538048047546596
"SYT8",0.538050275235972
"C9orf78",0.538096301923573
"PNO1",0.538101169019989
"TMEM206",0.538147569721342
"VPS4A",0.538152532550671
"MAP3K13",0.538156957901611
"CNFN",0.538180896147119
"SYCE3",0.53828409551332
"BC041451 /// RP1-206D15.3",0.538313810219026
"ANP32B",0.538364032885763
"PCBP1",0.53839995820915
"ZNF26",0.538473396362505
"ST7-AS2",0.538498956293093
"CUEDC2",0.538551557363212
"NKX6-2",0.538574217738913
"ENTPD2",0.538587765521922
"CLEC7A",0.538649585088869
"CDC14B",0.538683676850374
"REXO2",0.538818950004117
"LOC285423",0.538863507354768
"FBXW4",0.538876136289732
"HIST1H3E",0.538913791341554
"NRSN1",0.538942662533297
"LOC101929373 /// SLC9B1",0.539038236476771
"RP11-1072C15.4",0.539115656337959
"CFL1",0.5391684623245
"ALDH1B1",0.539184911768121
"CFI",0.539253045321471
"NEURL2",0.539271689792036
"LINC01004",0.539279606430854
"GLRX",0.539301584764546
"XPR1",0.539303306326681
"PIM2",0.539332136667463
"LINC00410",0.539334947210602
"GGNBP2",0.539373944389018
"RFWD2",0.539391658442605
"ZFP64",0.539564725110338
"LA16c-380H5.4",0.539588269170205
"TBL1Y",0.539607356173493
"FOXQ1",0.539632455807326
"CTDSPL2",0.539673579824897
"CEACAMP3 /// CEACAMP3",0.53968054363217
"LOC340178",0.539693384351109
"NAA20",0.539764715253123
"ROS1",0.539803652326542
"PP7080",0.539847438823251
"COL14A1",0.539904859989969
"RP11-84D1.2",0.539951024492726
"HSPD1",0.540024077795754
"PP13439",0.540027438856447
"SCCPDH",0.540161302346782
"S1PR5",0.540229233858747
"CHKB",0.540407149719262
"DSCC1",0.54051263451018
"TEAD4",0.540516896200649
"C17orf104",0.540546689978042
"CBX8",0.540572540214266
"GAGE12B /// GAGE12F /// GAGE12G /// GAGE12I /// GAGE4 /// GAGE5 /// GAGE6 /// GAGE7",0.54060258569977
"MIR4313",0.540608122467255
"SMIM1",0.540641036383947
"C1orf200",0.540658019659575
"KNDC1",0.540803755120979
"GPR78",0.540807480243567
"LOC101927254",0.540938435069576
"SYNJ1",0.54107093633324
"CABP2",0.541164226109946
"ASPHD1",0.54120990505077
"FFAR1",0.541261615986016
"ATG12",0.541300155526519
"EAF1",0.541355330462227
"TP63",0.541392199246518
"KCNMB3",0.541451313438714
"TMEM110",0.541546208182949
"AV8S2A1N1T /// hADV36S1 /// TCR-alpha /// TCR-alpha /// TCRA /// TRAC /// TRAJ20 /// TRAJ20 /// TRAV36DV7 /// TRAV36DV7 /// YME1L1",0.541550759389849
"SMAD3",0.54155411007637
"GLYCTK-AS1",0.541566553392618
"LOC101928927 /// SNHG15 /// SNORA9",0.541573203928047
"ZSCAN16-AS1",0.541587025099383
"ZMAT2",0.541603536663159
"HOXD12",0.541620661986915
"RC3H1",0.541719851259408
"TOMM34",0.541869121547092
"ZADH2",0.541871066187978
"SVIP",0.541926495555114
"LINC01000",0.54193397031492
"FAM231D /// LOC388692",0.541974609219757
"ZNF793",0.541987905940631
"VSTM1",0.542197450042503
"TOP2A",0.542267555907192
"CD101",0.542366991947871
"PRSS16",0.542382907535799
"ANO5",0.542407691414528
"DPM1",0.54242858237786
"ESX1",0.542493260187704
"ACSBG1",0.542568979370633
"PRR19",0.542644075252899
"TTTY1 /// TTTY1B",0.542657967314869
"GLRA3",0.542699867172465
"ENOPH1",0.542729897424772
"PRLH",0.542806830736305
"ARHGEF7-AS2",0.542906281120261
"CCDC154",0.542907105303224
"ARAP1",0.542971560823948
"BC039686",0.542977452806145
"RP11-227D13.1",0.543030592059653
"AC005498.3",0.543167746433434
"BBOX1",0.543231679556775
"LRRCC1",0.543440100801052
"LINC00163",0.543469061529907
"TAF12",0.5434948374919
"ZNF862",0.543510018796593
"LOC101929114",0.54356393442019
"ZNF425",0.543564427974673
"GAREM",0.54366972058708
"AC013463.2",0.543682266669177
"ARHGAP35",0.543706640029834
"LOC102724880",0.543718982829556
"ITGA2",0.543722024568795
"SCN4B",0.543728599705372
"IQSEC3",0.54373616245386
"IRX2",0.543801967327646
"LOC102723678 /// LOC102723709",0.543826308762559
"USF2",0.54382905709398
"FUT8-AS1",0.543866375349212
"SORL1",0.543871501921691
"SUPT6H",0.543920080944014
"MORC2",0.543922802158253
"ZNF77",0.543935877060445
"LIN28B",0.544126862627882
"ASPA",0.544135056600577
"EIF3E",0.544138910473714
"DRAP1",0.544226419664399
"MGST3",0.544272027802797
"RP11-97C16.1",0.544294790692135
"MGA",0.544382616610096
"BUD13",0.544490911257601
"LOC149351",0.5445297165586
"PAPSS1",0.54454664942475
"ALKBH1",0.544577131457887
"LOC100506870 /// LOC283140",0.544581401009397
"RP11-388M20.6",0.544594697452017
"TFAP2C",0.54461202561418
"DCP1A",0.544642691636958
"MEA1",0.544644720331787
"DEFB119",0.544708163776763
"LOC644656",0.54474367042405
"FAM217B",0.544843202887076
"SPTLC2",0.54485744255919
"GHET1",0.544906075553926
"LOC100507403",0.544907479862878
"DKFZP761C1711",0.544992297751406
"C1orf228",0.545236729555237
"TPD52L3",0.54532739903596
"NUMA1",0.545434176528829
"CPNE3",0.545445581107086
"TMEM27",0.545707760325195
"LOC101928968",0.545758379168565
"PPM1L",0.545769553097874
"IDO2",0.545820032750695
"CSNK1A1",0.545866975344682
"MARCKS",0.545890479065809
"RPS4XP9 /// RPS4XP9",0.545936001783489
"LINC00536",0.545986385562371
"DRC1",0.545987610256301
"SDS",0.545991350028733
"ERG",0.54602855593956
"LOC101928817",0.546042376118509
"AQP2",0.546170569897707
"TAF5",0.546374809563124
"TRAPPC10",0.546399687247492
"CHRNB3",0.546438042121952
"GALR1",0.546443837099782
"FBXL16",0.546581589420645
"FEM1C",0.546636648706351
"SNORA76C /// SNORD104",0.546714832335286
"UBFD1",0.547088483621691
"AC004951.6 /// AX747182",0.547189435940545
"PVRL3",0.547228281537138
"RBM39",0.547245313774368
"PRKAG2",0.547279185230901
"RPGRIP1L",0.547290726099398
"FDX1L",0.547325670317969
"ZNF287",0.547349659492216
"LOC101927286",0.547413938348545
"SRD5A2",0.547444136505442
"FRMD4A",0.547546768128957
"RGS10",0.547600217874328
"KMO",0.547720992274654
"C5orf51",0.547785802367901
"GMPR",0.547916656694466
"GIMAP4",0.547936341666368
"LOC284788",0.548012052147139
"CTDNEP1",0.548049835157064
"PCNP",0.548142078057333
"SLC52A1",0.548175858180723
"PPIP5K2",0.548269199073741
"HIST1H2AJ",0.548295499751835
"DNAJB13",0.54831579483248
"BC043540",0.548321219207999
"PINK1",0.548322983089011
"LINC00086 /// LINC00087",0.54841016951137
"CECR2",0.548429095239821
"ZNF232",0.548465222307496
"TFAP2B",0.548466367355526
"FLJ13773",0.548468129409708
"SPTBN2",0.548470535987725
"IGHV5-78",0.548479571001782
"LOC150051",0.548485256841819
"OVGP1",0.548643114661581
"ERCC6 /// ERCC6-PGBD3 /// PGBD3",0.548666666597077
"OR1C1",0.548781461885955
"RP11-329B9.5",0.548880911266395
"BC070363 /// RP11-108M9.4",0.548905031885966
"RPS6",0.548910568558363
"ATP6V0E1",0.549005536331274
"ATG13",0.54912471456023
"KCNQ2",0.549211886192304
"RBFADN",0.549260931088731
"BCL2L1",0.549291695123708
"MYL6",0.549302539249643
"LOC100506314",0.549401235759421
"PEX13",0.549430053735491
"TRIM46",0.549547385260688
"MIR4296",0.549581297990218
"LOC101929272",0.549611695632113
"OR7A17",0.549697881873162
"LOC100996756",0.549833554331184
"LRRN4",0.549891878637956
"OR5H1",0.549926346546475
"RP11-63A11.1",0.549939480699934
"CCT6A",0.549947365094902
"CD160",0.550021776327352
"DNASE2",0.550026268450584
"CLCN1",0.55005944768841
"RAB11B-AS1",0.550089025828525
"CHD1",0.550136553535749
"BPIFB1",0.550155046165507
"PHF20L1",0.550259864093529
"SOCS2-AS1",0.550343264804889
"A2ML1",0.550417117405514
"EPHA4",0.550472499052057
"CCDC28A",0.550492447772643
"PABPC1",0.550531651392804
"ATP2C1",0.550772570685043
"AF086288 /// RP11-768F21.1",0.550822309062108
"AC079305.10",0.551011750051739
"LOC644135",0.55104346515154
"CTB-92J24.2",0.551061420242351
"FRA10AC1",0.551144763298893
"GAREML",0.551273047570266
"RYR3",0.551306633675679
"LOC101929963 /// LOC101930299",0.551311880873321
"LOC729173",0.551326560094422
"LOC101928371",0.551339932538972
"TMSB4X",0.551480618396054
"PRC1",0.551524464805871
"ZSWIM2",0.551530174265186
"CDH20",0.551557343869666
"LOC401324",0.551562427400592
"ATF6B /// TNXB",0.551573415928579
"AHI1",0.551647333520344
"POLR1D",0.551681434550122
"NUP188",0.551681669415956
"LINC00656",0.551689551107099
"BAIAP2",0.551769166489102
"TMEM110 /// TMEM110-MUSTN1",0.551882556830419
"ITIH4",0.551887142219452
"TLCD2",0.55191884717193
"CRYBA2",0.551944329367965
"VPS9D1-AS1",0.551952243799111
"LINC00528",0.551957828152657
"GJA3",0.552109844503137
"LYRM4",0.552179956599024
"FOXR1",0.552333013359996
"WDR72",0.55243205048498
"MRGPRX2",0.552460543951602
"CSNK2A2",0.552482392873965
"HIST1H2AM",0.5526496312844
"AC005306.3",0.552749392216267
"SRPRB",0.552794616527602
"MICALL1",0.552878534528185
"NOP14-AS1",0.552885176732959
"NTAN1",0.552982265500522
"STOML3",0.552993376427116
"GRB7",0.553042437061596
"LL22NC03-N27C7.1 /// ZNF70",0.553060656131208
"LOC100507419 /// LOC101929668",0.553099307257309
"ACD",0.5531937841966
"ZNF542P",0.553261231835378
"RNF11B",0.553279655320085
"RELB",0.553302190189018
"CXCL8",0.55336041911508
"ORAI2",0.553419136840108
"GRIK1-AS2",0.553476489942314
"SRPR",0.553520127526515
"TMEM26",0.553588968494445
"ZNF668",0.553604395446885
"PTMS",0.553724059797486
"SFRP1",0.553801642896566
"CASP16",0.553873580073782
"ADAT1",0.553906652928844
"LOC654780",0.553977810162244
"RAB24",0.553992217404309
"TRIM54",0.553996998591902
"RAB6A /// WTH3DI",0.554044629919603
"HLA-DQB1 /// HLA-DRB1 /// HLA-DRB3 /// HLA-DRB4 /// LOC100996809 /// LOC101060835",0.554078663362521
"PEX14",0.55410297332969
"LINC00476 /// LOC101930476",0.554103346304412
"ZSWIM7",0.554162494505723
"FNDC8",0.554196179030578
"MID1IP1",0.55430544820499
"KRT18P44 /// KRT18P44",0.554442153247924
"SPX",0.554496626601027
"GUK1",0.554509543895632
"SBSN",0.554799414343389
"RPL4 /// SNORD16 /// SNORD18A /// SNORD18B /// SNORD18C",0.554915326423757
"WDR74",0.55492272241204
"CYAT1",0.554961520798929
"HHIPL1",0.554968361227634
"USP2",0.554973645955642
"TUBB1",0.554998838422354
"PDE4A",0.555038006053725
"GNMT",0.555044366161294
"SNORA72",0.555081191008714
"DIO3OS /// MIR1247",0.555092324508831
"GIP",0.55509233607032
"LOC101928844",0.555139448539432
"HBQ1",0.55514164600143
"TUBB",0.555186459009404
"SYT14",0.555196027637745
"LSMEM2",0.555288749923005
"ABCA4",0.555343004019991
"EYA2",0.555562137117825
"LOC100507616",0.555612979655461
"EHMT2",0.555627294821844
"DKFZp451B082",0.555657398791681
"ZYX",0.555676897700567
"RP11-359K18.3",0.555755757277057
"LOC101929529",0.555783918062444
"IGSF9B",0.555809393293708
"SLC39A6",0.555886830232383
"LOC101927673 /// OTUB1",0.555907397860887
"SEPT7P9",0.556000421869711
"MXD3",0.556024337276721
"GDPD2",0.556101374021555
"LCT",0.556207566748058
"RBM6",0.556366742537782
"GOPC",0.556405253342148
"ZNF563",0.556406003885855
"BOLA2 /// LOC101060386 /// SMG1",0.556436684790491
"ADAT2",0.556532087544717
"LOC644090",0.55656225186998
"LOC101928446",0.556672097692486
"CYP1B1-AS1",0.556673640468517
"SCGB3A1",0.556728949285027
"NUP153",0.556927764433907
"PQBP1",0.556944268643928
"SLC30A6",0.556959837673335
"GRAPL",0.556977479127828
"LOC147791",0.557001291125152
"UGT1A1 /// UGT1A10 /// UGT1A4 /// UGT1A6 /// UGT1A8 /// UGT1A9",0.557006937111709
"LINC00961",0.557027186401922
"ZNF511",0.557050552022059
"CAT",0.557071077542368
"LINC00948",0.557105864591973
"TRMT61A",0.557136855667944
"MIB1",0.557233471157146
"C18orf32 /// RPL17 /// RPL17-C18orf32 /// SNORD58A /// SNORD58B /// SNORD58C",0.557253401674046
"SLC7A7",0.557465899618295
"DAPP1",0.557534293244043
"CLIC5",0.557603457571706
"C15orf37",0.557606959202235
"ZNF436",0.557702987009545
"SMAD5",0.557743807734187
"SAMD4A",0.557862158504809
"SLAMF9",0.557919930362584
"ELL",0.558040023544541
"CYP4F62P",0.558079113225186
"SYNPR-AS1",0.558111000774164
"GALNS",0.558187026903197
"SMR3B",0.558192191831833
"SMG7-AS1",0.558242919899179
"GSC",0.558325654263488
"SRR",0.558357986622341
"DQ570096",0.558370179740992
"RP11-586K2.1",0.558448729500407
"LOC100130815",0.558508246050701
"NKAPL",0.558521591510977
"CAMP",0.558571740847027
"C18orf12",0.558666417259902
"RP11-219B4.3",0.55878885021167
"RABL2A /// RABL2B",0.558834961812024
"COL9A3",0.558903958796572
"FAM209A /// FAM209B",0.558910653401024
"THAP8",0.558946593472473
"ZSWIM4",0.558951870714175
"RNF183",0.55898690418732
"DZIP3",0.559033394357177
"DIAPH3",0.559090609989253
"CNN2P10 /// CNN2P10",0.559150000583952
"C19orf54",0.559234998158401
"MTUS2-AS1",0.559246381737573
"ABCB9",0.55925256835455
"NUDT3 /// RPS10-NUDT3",0.559351276051155
"FAM169B",0.559431838482715
"FERMT3",0.559526740651404
"HTATSF1P2",0.559544435016385
"RGPD3 /// RGPD4 /// RGPD5 /// RGPD6 /// RGPD8",0.559552309171605
"CCKBR",0.559571229055083
"LOC100506127",0.559592214732383
"LOC100499489",0.55966769586428
"CARHSP1",0.559685686565693
"C1orf192",0.559734170457708
"C1orf112",0.559787678289547
"CRYBB1",0.559788476182718
"EVX1",0.559843774437309
"TEX36-AS1",0.559950486161095
"CCDC144A",0.560025825434863
"STX8",0.560093850578908
"SLC35A5",0.56014060652119
"GCNT4",0.560149585527102
"C1orf198",0.560179019867323
"IL37",0.560190410519845
"LPA /// PLG",0.560269563997437
"LOC100101148 /// LOC541473",0.560271934665903
"DKFZp434E1119",0.560347969923963
"PPP1R26-AS1",0.560371130742232
"LOC100996694",0.560412700110736
"LOC147004",0.560573070792235
"ODF3L2",0.560702266729943
"ESR1",0.560728995243653
"CNBD2",0.560794063074186
"NKAPP1",0.560808054230417
"ZNF717",0.560816806573036
"ZNF250",0.560848944747557
"LOC283352",0.560873669759571
"LANCL3",0.561002318775364
"RP11-307P5.2",0.56105265926366
"MYO7B",0.561056752069906
"FOXO1",0.561103819643725
"ZFP36L2",0.561132295305611
"MEGF8",0.56119788330746
"LOC150005",0.561226816324079
"ZBTB37",0.561368045474469
"ACKR2",0.561399265087175
"CHURC1",0.561439739153519
"LINC00518",0.561509218050006
"KIAA1875",0.561707456042795
"VPS26B",0.561876361325544
"RND1",0.561889860853601
"MSI2",0.561916856885413
"CXorf56",0.561926389860371
"LOC142937",0.561981595340033
"RP6-149D17.1",0.562021338469377
"RAB32",0.562044769988294
"PKD1L2",0.562107192328798
"LOC100506082",0.562190352845907
"PDZD11",0.5621943421786
"TAGAP",0.562208347864704
"TBX2",0.56229251249292
"RP11-73M18.8",0.562341680979203
"C4orf17",0.562388113022559
"TOP3B",0.562397482158878
"RP11-209D14.2",0.562454109157652
"AKIP1",0.562484237638838
"C11orf16",0.562588930724374
"SPATA12",0.562801467553106
"SYPL2",0.562855539684123
"TTC36",0.562911751339464
"PTGES",0.563055950292833
"SYT7",0.563092986080858
"DUTP1 /// DUTP1",0.563122522014306
"CSPG4P1Y",0.563128317271519
"SLC25A29",0.563250447539205
"LOC101927814",0.563310707282609
"HERC2P2 /// HERC2P9",0.563317374263548
"DKFZp451A211 /// LOC101928841",0.563397531710138
"C11orf85",0.563420996792692
"AL022344.5",0.563423377199535
"MRPL55",0.563434614498189
"GPR1-AS",0.563456654318632
"GGN",0.563516655787627
"PCED1B-AS1",0.563536627004346
"JMY",0.563572331295703
"BNIP3L",0.563573211802175
"RPGR",0.563579941422462
"STAT5B",0.563983270227318
"OR2C3",0.564148244313759
"SLFN11",0.564148786736036
"LCTL",0.564230217870697
"SLC1A2",0.564325199688407
"ANAPC7",0.564345665865874
"C19orf81",0.564388390861524
"KLHL25",0.564478809896633
"MYOZ3",0.564493773438491
"LYSMD4",0.56455372420982
"CTB-181H17.1",0.564606010964903
"LOC100509646 /// PRY /// PRY2",0.56467292081768
"MRFAP1",0.564927857835324
"TMOD1 /// TSTD2",0.564938577944336
"KLHDC3",0.565068832524112
"LINC00893",0.565265706908661
"LDHAL6B",0.565282401925805
"CACNB3",0.565330566842271
"SERPINA5",0.565359428817404
"LOC100289097 /// LOC642236",0.565495515074694
"MAPT-AS1",0.565560298073777
"CCDC6",0.565625545563236
"ZNF467",0.565682349743248
"GAGE12B /// GAGE12C /// GAGE12D /// GAGE12E /// GAGE12F /// GAGE12G /// GAGE12H /// GAGE12I /// GAGE2A /// GAGE2C /// GAGE4 /// GAGE5 /// GAGE6 /// GAGE7",0.565691601604681
"CRIPAK",0.565713880804819
"RPRD1A",0.565716847494608
"GRTP1-AS1",0.56579381567756
"FRMD8",0.565847164316525
"CEND1",0.565878455854793
"LOC100505912",0.565954801432488
"DEFB132",0.565975094133059
"EIF3M",0.565984242964597
"UTS2",0.565989317332311
"FAF1",0.56602617358102
"ZSCAN23",0.566051863417117
"ANXA2 /// NHP2L1",0.566081604673331
"CT83",0.566155757150654
"ATP8A1",0.566216227157501
"FLJ45513",0.566237498255812
"KCNJ2",0.566321492432734
"POLR2A",0.566341550378244
"PHC3",0.566397049643606
"LOC283038",0.566460297927881
"PLAC8L1",0.566509817543399
"RP11-95D17.1",0.56651238624459
"KCND3",0.566569289447431
"DNMBP /// LOC101927371",0.566594777932413
"LINC01231",0.566604885505574
"LINC00544",0.566649784044305
"HTRA4",0.566918274047225
"CALML6",0.566972541654392
"MSTN",0.567055670982215
"COL28A1",0.56713779924648
"HIST1H3I",0.567147800524898
"SNHG7 /// SNORA17 /// SNORA43",0.567313369084125
"CMYA5",0.56733565612694
"ESYT2",0.567431924790097
"MAGEB2",0.567434329448019
"TMEM184A",0.567444712214973
"TNPO2",0.567521878786087
"LOC283692",0.567681375628308
"FBXO21",0.567705379288281
"AF086219 /// CTD-2647L4.1",0.567734785374495
"MRVI1-AS1",0.567796295177711
"CLTA",0.567808856254496
"HIBADH",0.567855973281082
"LOC100506319",0.567897105125552
"LRRK2",0.567929282830924
"IGHMBP2",0.567957668361911
"LOC101928702",0.567961649534748
"LOC100134040",0.567991481321485
"LOC400548",0.568072217482893
"TMX4",0.568114990695822
"ZNF589",0.568131171882623
"RGS13",0.568209062382992
"FBXW11",0.568245488239444
"CLEC12A",0.568296222891996
"COBLL1",0.56832861005225
"LOC200772",0.568358316533308
"PPY2",0.568447213362161
"SLC6A12",0.568449536156252
"TRAK2",0.568456687572099
"TMEM132B",0.568508996415644
"UGT1A1 /// UGT1A10 /// UGT1A3 /// UGT1A4 /// UGT1A5 /// UGT1A6 /// UGT1A7 /// UGT1A8 /// UGT1A9",0.568629221869287
"NOX5",0.568676360793474
"GPR158",0.568788693748569
"TSC22D1-AS1",0.568840366603911
"RP11-38P22.2",0.568906687863289
"BOLA3-AS1",0.568960758365256
"PMFBP1",0.568996962949742
"TMEM9B",0.569048740058301
"IMMP1L",0.569124363758455
"CYP2A6",0.569128023030751
"RPS8 /// SNORD38B /// SNORD55",0.569176972193224
"C8orf46",0.569241711776787
"HYAL4",0.569265259550457
"RMND5A",0.569335994660155
"DDX43",0.569615995505297
"COMMD6",0.569654252063465
"ASB14",0.569810490633057
"TRIM11",0.569812898832816
"NRN1",0.569827581650861
"TRADD",0.569887662388437
"FUNDC1",0.569977599103274
"DDX18",0.569981166040771
"ZPLD1",0.570090883874721
"C9orf91",0.570121316633218
"LIPJ",0.570178898725206
"LOC101060609",0.570193442646911
"ST13",0.570322048067598
"SRD5A3",0.570457999698197
"BRK1",0.570480063780465
"COG5",0.570500052194053
"TMEM50A",0.570687644182034
"CYSTM1",0.570748778109417
"IL17A",0.570804753043641
"SYTL1",0.570905938805256
"CATR1",0.570910213475989
"CLIP2",0.570915097246648
"AADAC",0.570988205011224
"CEMIP",0.571015239552149
"ADCK1",0.57113988921453
"MOP-1",0.571174376994306
"DPH3",0.57118663912347
"PURB",0.571258248432104
"DAB2 /// LOC101926921",0.571268961518604
"C12orf80",0.571276648869272
"NAPG",0.571371527130522
"PERP",0.571451623611346
"SPPL2C",0.57148728020963
"COMMD2",0.57150130610315
"METTL18",0.571584161250069
"SEZ6L2",0.571636535701893
"SCAMP3",0.571730872842565
"TCRDV2 /// TRDC /// TRDC /// YME1L1",0.57174601877458
"DDA1",0.571761837313132
"LINC00486",0.571774514055136
"SUSD1",0.571819051468013
"ANAPC1 /// LOC101930107 /// LOC285074 /// LOC730268",0.571820387727086
"LOC100506379",0.571904100005733
"LINC00689",0.571962245824806
"SCFD1",0.572046009679266
"PAXIP1OS",0.572124072179722
"PRO1483",0.572160053963888
"DGCR11",0.57218179032071
"ITGB4",0.572201078977253
"C5orf24",0.572238306012136
"ZNF473",0.572320460372468
"LRTM2",0.572325239719562
"NOS3",0.57234997441555
"FAM83D",0.572428449911091
"TPK1",0.572440238302155
"SPIC",0.572491147840084
"RP3-391O22.2 /// RPL7P25",0.572564660008676
"FAM110C",0.572621920043126
"MDK",0.572623653874664
"RIPPLY3",0.572658487135281
"AGPAT6",0.572673295395616
"CTD-2002J20.1",0.572712124774784
"RPS4XP3 /// RPS4XP3",0.572778657934339
"CSTF3-AS1",0.57284813229246
"CRCP",0.57295527601131
"EIF4B",0.573022966131598
"ZKSCAN1",0.573040592336872
"LOC101929609",0.573040656519143
"LOC101928961",0.573050214455984
"RND2",0.57306827170053
"DPYS",0.573105100284806
"LOC100129447",0.573129415460005
"LOC101929210",0.573198719392941
"FAM21EP /// FAM21FP",0.57329172857479
"HIST1H2BN",0.573292834201026
"CEP57L1",0.573354278530073
"SPATA13",0.573377002497697
"LOC440602",0.573394391014877
"LOC101928700",0.573478192884048
"ANKRD23",0.57351943392535
"TOB1",0.573531244989131
"F5",0.573556033359715
"LOC100507577 /// LONP2 /// SIAH1",0.573588644136868
"G6PD",0.573697689148286
"GNPAT",0.57370061779693
"NPBWR1",0.573776630227921
"KRT76",0.573942604143558
"GPR68",0.574065537769498
"KRT86 /// LOC100509764",0.574125013475114
"PCDH18",0.574198037866065
"LINC01395",0.574264267209024
"CTPS1",0.574271034426398
"GSN",0.5743331020292
"ERLIN1",0.574386541256357
"AL833181",0.574405689975932
"FANCL",0.574414576261283
"UPK3A",0.574443325548105
"CD300LB",0.574521190825014
"LOC101928940",0.574532213584511
"DGKE",0.574591967699981
"ANKRD49",0.57462807157516
"GEMIN8",0.574688925488764
"INTS6-AS1",0.574745646978347
"SYCP1",0.574841771808038
"LOC100133445 /// LOC115110",0.57493330828265
"SHISA2",0.574938194018617
"IRG1",0.575025500546002
"PEX2",0.575093355732546
"SLC27A4",0.575178098674045
"ADAD2",0.575192820847479
"PPP4R1",0.575206286943535
"CLDN2",0.575280737594182
"TMEM170A",0.575287132009102
"UNC93A",0.575288709840912
"NLGN3",0.575300432805904
"RBFOX2",0.575385666036907
"ELOVL1 /// MIR6734",0.57539471506061
"KIAA1656",0.575454811504203
"RPL24",0.575515787680197
"CSN3",0.57551647210157
"RTDR1",0.575535835849764
"FBXO38",0.575623262756139
"COG3",0.575647522939688
"KRT15",0.575664251268286
"BANP",0.575960246567619
"LOC100129917",0.576071897846723
"FLG",0.576153748148802
"MS4A3",0.576173839188678
"ELAVL4",0.576176544312537
"TSPAN3",0.576264688868474
"TNIP1",0.576316050533678
"NDUFAF1",0.576381614326199
"LOC339298",0.57643232693424
"RCCD1",0.576457849543526
"C8B",0.576476548577212
"CD302 /// LY75 /// LY75-CD302",0.576509629010198
"CBX4",0.576569618665225
"SLC22A16",0.576598041208162
"PDZD9",0.576600280879333
"LRRN2",0.576601375687162
"C14orf119",0.576607597940807
"ARL3",0.576614830931529
"COX20",0.576668918794871
"ANKRD44",0.576669799778326
"LINC00856",0.576698606252922
"MLX",0.576704472604642
"ZNF624",0.576723304021837
"DKKL1",0.576761022943646
"FMNL1",0.576793817597219
"MIER2",0.576805476217335
"GIMAP2",0.576918113242683
"LOC100506557",0.576927243461037
"LOC101927722",0.576945572391597
"TVP23B",0.576969150717257
"RNF208",0.57718891532582
"WFDC8",0.577225696058466
"ZNF28",0.577272085639989
"LOC101927079 /// LOC102723532 /// LOC727924 /// OR4N4",0.577297735827506
"TBX18",0.577332471744403
"XPO7",0.577367782067716
"RNF123",0.577475606443536
"LOC101927450",0.57748854394275
"C19orf80",0.577672305906676
"CTD-3080P12.3",0.577722027787223
"THAP9-AS1",0.577737626185844
"LOC101928020",0.57776156925928
"RBMX2",0.577828740377609
"PAPD5",0.578010043086531
"FEM1A",0.57814239642672
"ESCO1",0.578276408216834
"HLA-J",0.578434092213794
"SLC2A5",0.578518751886998
"LOC101930149 /// LOC101930286",0.578553400103267
"FRZB",0.578760358312724
"SPATA41",0.57879426588056
"MON2",0.578850745582056
"POLR2J4",0.578912560511263
"CTDSP1",0.578934649094117
"LA16c-395F10.2",0.578947106607644
"CCDC96",0.578948459754199
"PMS1",0.578957546552954
"RP11-61L19.3",0.578980983441059
"ARMC10",0.579006549357332
"SH3GL1",0.579126159697591
"GMPR2",0.579160903917808
"ANAPC11",0.579176661228244
"AK055981 /// RP11-617F23.1",0.579305615116698
"RP11-932O9.10",0.579377728587754
"LOC101929628",0.579384688583983
"AJ420595 /// GOPC",0.579403930235849
"SLC9A3R2",0.579500288875074
"KCNE1L",0.579512629412558
"MLK7-AS1",0.579522676219997
"DENND6A",0.579580716522403
"NAP1L4",0.579581319279122
"FLJ31945",0.579607915984027
"MPP5",0.579647986189199
"SQSTM1",0.579713749898633
"ATCAY",0.579835161236429
"C10orf67",0.580002886178617
"LOC100507250",0.58000546818857
"RP11-259G18.1",0.58001050084548
"CSGALNACT1",0.580013574151544
"LOC101928443",0.580071639812637
"C17orf74",0.580143830664876
"C3orf20",0.580147928636411
"NKAIN1",0.580209721204875
"ADORA2A-AS1",0.580273736357016
"GPRC5D",0.580294654327643
"MGC45922",0.5803035823649
"LOC101926934",0.580325298724672
"ZBTB7A",0.580331022760998
"LOC101928386",0.58035152446234
"USP48",0.580402095332575
"RP11-5N11.2",0.580411951684775
"RP5-890E16.2",0.580438078724478
"CLCA2",0.580461784772883
"ZNF488",0.580505787226704
"RP11-120K24.5",0.580570378117921
"BC030116 /// RP11-716O23.1",0.580638559283551
"CTB-174D11.1",0.580667464117875
"ARL8B",0.580835879021711
"RHOXF1",0.580965967498452
"TRAF3IP2-AS1",0.581022831144751
"RPL18",0.581041956239049
"AC018755.17",0.58108116496212
"LINC00963",0.581082508799926
"LOC100507501",0.581086465110202
"MAPK8IP3",0.581121955133674
"LOC101928694",0.581187996527439
"TMEM190",0.581201598850046
"FAM155A-IT1",0.581240209834533
"RNF165",0.58126287045438
"PCDHGC5",0.581271888212384
"LOC102546226",0.581293043539123
"C22orf46",0.581327467272015
"MGC50722",0.581363902356421
"ENPP4",0.581399971776607
"NEURL1B",0.581416752664601
"ELP2",0.581443648844114
"TGM5",0.581452970798443
"PTCRA",0.581511515283989
"TNNT2",0.581577657170428
"LOC101928288",0.581583835140253
"CABLES1",0.581602996090233
"CCR5",0.58177132014889
"TMBIM4",0.581782742854273
"MRPS14",0.581893874350546
"GUCY1A3",0.581895304072565
"CDC40",0.581903235050631
"AP1B1",0.581961625435876
"ZNF157",0.581992495449161
"CYP2C19",0.581994383401651
"ASCL3",0.582136552647326
"LINC00354",0.582260909344531
"BAP1",0.582284720305272
"MAL2",0.582301856217559
"ZNF721",0.582397208996341
"LHX3",0.582473852665172
"ARL17A /// ARL17B /// LOC100294341",0.582495873139295
"GABPA",0.582501200805637
"DMTN",0.582517291237054
"LOC101930541",0.582563216224753
"LOC101930608 /// LOC102723581",0.582637819281538
"LOC100288911",0.582677507196759
"ZBBX",0.582706707018349
"CNPY3",0.58270789311301
"LOC101929229",0.582715416953974
"C3orf55",0.582779730911246
"IDE",0.582821701119894
"PITRM1",0.58285365784137
"AC092667.2",0.582860009368859
"ZNF765",0.58291421559146
"CCDC169",0.582915426796291
"NIM1K",0.582978617441634
"ELFN1-AS1",0.583001266149091
"RP4-539M6.21",0.583011917490175
"RP11-876N24.5",0.583022610544901
"C9orf135-AS1",0.583038481007627
"POMT2",0.583279330760771
"PABPN1",0.583293651499833
"SPATA8",0.583299036215627
"RP11-749H17.2",0.583365925149233
"LOC101929328",0.583485745392753
"IRAK1",0.583488059075749
"GRK1",0.583490060239322
"C1orf35",0.583542174087157
"PIRT",0.583706448143271
"TALDO1",0.583940527912345
"ABCD1",0.584063597467762
"DKFZp434L192",0.58411213282876
"LOC729658",0.584112437965286
"POM121L1P /// POM121L8P /// POM121L9P",0.584125598358144
"LOC101929341",0.584141223232316
"TEF",0.584270267832586
"MTF2",0.584537651524653
"TMEM68",0.58459073685901
"LMOD2",0.584617629406284
"ZNF460",0.584666042238908
"LOC101928335",0.584693964415694
"PRDM10",0.584782598708928
"CCDC177",0.584788281699408
"RP11-445H22.4",0.584791248977672
"TCL1A",0.585156282748883
"SHMT2",0.58528900715435
"OLFM3",0.585296019955636
"ZBTB10",0.58531420363708
"PCDHB15",0.585323175030194
"LOC101059948",0.585327386396726
"LOC101060604 /// LOC101929910 /// LOC102725125 /// LOC613037 /// NPIPA5 /// NPIPB3 /// NPIPB4 /// NPIPB5 /// SLC7A5P1 /// SMG1P1 /// SMG1P3",0.585339916976501
"LOC101929488",0.585369901255764
"NPIPA1",0.58543133945403
"SLC19A3",0.585472535565247
"AC012499.1",0.58547493209729
"PPP4C",0.585480435120673
"CEBPA-AS1",0.585520760977803
"PIK3R4",0.585545709469203
"LLNLR-246C6.1",0.585667056053681
"LOC155060 /// ZNF783",0.585668367080102
"LINC00471",0.585688381118164
"CD9",0.585759369016197
"HSPA4L",0.585759840348041
"COL4A3BP",0.585790788589638
"NGF",0.58582176524239
"KLF9",0.58585620073287
"TMEM207",0.585955838420955
"RP11-498C9.17",0.58597607264279
"FOXN4",0.585977773710869
"FAM183CP",0.586082885473496
"HMGN4",0.586105226544873
"SEC14L1P1",0.586251647751873
"LOC100505718",0.586345858354215
"IL12A-AS1",0.586358291954286
"LOC101928555",0.586371449768721
"BIK",0.586395844877509
"TBCCD1",0.586424300686606
"CTD-2124B8.2",0.586474474965612
"USP40",0.586475104953335
"GALC",0.58651631038015
"SLC10A7",0.586516352597461
"NUP54",0.586590828265265
"TET2",0.586600933845651
"HS1BP3",0.586613833230832
"BIRC2",0.586640270628545
"IGHA1 /// IGHG1 /// IGHG3 /// IGHM /// IGHV4-31 /// LOC100293211",0.586656220303463
"POLR2J /// POLR2J2 /// POLR2J3 /// UPK3BL",0.586669583765346
"NCL",0.586744426698066
"FKBP1B",0.586751079933262
"FCGR2A /// FCGR2C",0.586763176894571
"PLIN1",0.586793171030998
"SGK223",0.586813565549744
"SUZ12",0.586823801856509
"NPPB",0.586830165807853
"PHTF1",0.586844878632319
"LAMP2",0.586887780291347
"MMS19",0.586906274415578
"PAGE5",0.586993557888881
"MAGEA1",0.587005518400535
"LOC101929027",0.587025880616631
"ADAM32",0.587051219651063
"LGALS8",0.58710114490877
"MTBP",0.587184905333928
"FAM175B",0.587209943359069
"RPL23A",0.587255048979273
"KDM5A",0.587357314306066
"LOC101929657",0.587451489059554
"TECRL",0.587511450671989
"GUSBP4 /// LOC100653061",0.58769389597293
"GAFA3",0.587695493622178
"PGLS",0.587782512473795
"RCAN2",0.587819539556682
"OLIG1",0.587863892596319
"TMTC2",0.587922708325631
"TRIM65",0.588008285654088
"TET3",0.588021944679454
"ZNF497",0.588097365200601
"NLRP8",0.588113506350463
"CCR2",0.588114301753267
"FOSL2",0.588118403248953
"SUMO1P2 /// SUMO1P2",0.588125539135534
"PLAC1",0.588269885891953
"ANKRD20A1 /// ANKRD20A11P /// ANKRD20A2 /// ANKRD20A3 /// ANKRD20A4 /// ANKRD20A5P /// ANKRD20A9P /// LOC102723891 /// LOC102725051",0.588278454858564
"LAG3",0.588313221288389
"ZFYVE26",0.588405710304696
"ANKHD1 /// ANKHD1-EIF4EBP3",0.588432621853887
"DNAI1",0.588525191009287
"PLA2G15",0.588566541190842
"GCNT2",0.588573123811994
"HNRNPR",0.588680266333277
"GPR52",0.58870520205026
"RP11-190A12.8",0.588750816275296
"RP11-1275H24.2",0.58875869874881
"TULP3",0.588775451590808
"SYMPK",0.588794857206783
"SYT4",0.588834028649721
"TRIM27",0.588883140806551
"PEX19",0.588959411925719
"LINC00862",0.589037804896359
"LPL",0.589041104952402
"MYH13",0.589087795367447
"PKD2L1",0.589089600094483
"AKTIP",0.589184109371375
"KLF12",0.589203437067495
"VIT",0.589231271456455
"BC038731 /// CTD-2284J15.1",0.589297136705391
"MPV17",0.589329594146386
"C17orf96",0.589397089094827
"DAP3",0.58942985196096
"EIF3B",0.589595306556954
"SLC47A2",0.589613908167756
"GLRX2",0.589647439228657
"LRRC37A3",0.589666868712685
"FNIP2",0.589714978118955
"TMEM156",0.589753841589353
"TSTD1",0.589781159866339
"GBX2",0.589806032050473
"MAGEA10-MAGEA5 /// MAGEA5",0.589809142529669
"TEAD2",0.589838485697229
"MBD3L1",0.589853667220748
"ITPK1-AS1",0.58992398091272
"RP11-295M18.6",0.589959901718149
"UXS1",0.590180880529616
"NRAP",0.590182319458018
"CST11",0.590226375010536
"TTC7A",0.590249470057041
"XAGE1B /// XAGE1E",0.590253298266441
"LINC00661",0.590267007668373
"ADGB",0.590389896524446
"LOC100128644",0.590501353400363
"LOC100126784",0.590580357379742
"HES7",0.590648123737456
"ALDH4A1",0.590670035531998
"IFIT5",0.590738611227671
"LOC157503 /// XKR4",0.590801318406583
"DLEC1",0.590831427612598
"TBKBP1",0.590836240478774
"RFPL3S",0.590842041730981
"LOC101929760",0.59087608605522
"ABCC8",0.590876611661777
"RP11-454K7.3",0.590893756587837
"MFI2-AS1",0.590901319952176
"LOC101928612",0.590920067770804
"FCF1",0.590945004225181
"SEBOX /// VTN",0.590958719473652
"REG1P",0.591066584955313
"LURAP1L",0.591070775490466
"LINC00461 /// MIR9-2",0.591097557994164
"LILRB1",0.591103541903071
"SERPINA1",0.591162989682494
"NUCKS1",0.591248072598107
"LOC101929164",0.591259645903916
"KRT37",0.591277866411548
"ZNF112",0.591340153391733
"S100A4",0.591344614228599
"ZDHHC9",0.59148253433982
"MFAP4",0.591491324612049
"MMD",0.591498829119906
"TSSK6",0.591513618354859
"LOC102725454",0.591570312581537
"KBTBD2",0.591595860834732
"CRYAA",0.591680152188173
"ATAD3B",0.591714251501412
"CD58",0.59175304551666
"RP11-102C16.3",0.591795040622289
"CLTC-IT1",0.591920795067541
"LOC100631377 /// LOC101928673",0.591956106195725
"BIN3-IT1",0.591968956252201
"SRSF4",0.591992208938925
"MAGOH /// MAGOHB",0.591993707804
"MCTP1",0.592045223220073
"PLD4",0.592169187749722
"ZGPAT",0.592181508342661
"TTK",0.592263403016302
"CDKL1",0.59226860900699
"MVB12B",0.592359431418965
"HOXB7",0.592420237645009
"ATF6",0.592438118898613
"GLIS1",0.592492589198155
"TMEM237",0.592516344123572
"ID2B",0.592585503415704
"MBTPS2 /// YY2",0.592651374537579
"LPXN",0.592652828009754
"TMEM248",0.592716576224586
"SS18",0.59279020620139
"BC034636 /// CTB-113P19.4",0.592825888095334
"NAPRT",0.59282974448586
"RRP7A /// RRP7B",0.592876924899085
"LOC101927121",0.592899791272305
"GET4",0.592955117430696
"RP13-30A9.2",0.592999035235376
"EIF3J",0.593013668236279
"PRKG2",0.593070683265536
"PPWD1",0.593203281693235
"PROX1-AS1",0.593223020513246
"SENP3",0.593283701509854
"KIAA0586",0.593284123854256
"SLC36A4",0.593293028786704
"PRKAA2",0.593297031707317
"TMEM116",0.593364631811901
"RELA",0.593400641949509
"MOBP",0.593401602349299
"CDH16",0.593421793388557
"LOC101927839",0.593512294183515
"DGKB",0.593559448514609
"CAPRIN1",0.593671659557219
"NACC2",0.593699627470519
"PI15",0.59371873746045
"CXCL5",0.59379598836757
"DCDC2",0.593813054151392
"NOL12 /// TRIOBP",0.593828303769346
"VPS33B",0.593829683695691
"RHOBTB3",0.593845070635921
"ADAM20",0.593925235721381
"SEC24B",0.594021578045411
"SUFU",0.594100743721716
"VPS37C",0.594212242015675
"LINC00630",0.594308752077439
"KCNK13",0.594339510837252
"OPRK1",0.594355144993959
"DRG2",0.594378069719613
"LINC00685",0.594383048754113
"SLC6A14",0.594543107038623
"HESX1",0.594569741126578
"TBC1D9B",0.594721383546955
"RPS15A",0.594940130639802
"MIR6845 /// NRBP2",0.594961379003411
"DLX6-AS1",0.595075228925149
"FAM160B1",0.59509932776432
"CDH4",0.595166668393538
"SIGMAR1",0.595169798386447
"FZR1",0.595176001108807
"BRD9",0.595176121546833
"NKAIN3",0.595178831779217
"MED23",0.595183881533605
"FSD1",0.595281422137814
"EDC3",0.595329554752574
"USP44",0.595359340731801
"BTN3A3",0.595361395813528
"BCAM",0.595420985059443
"YIPF6",0.595540739387302
"FTX",0.595571604539532
"MRPL57",0.595581041333079
"SAMD4B",0.595662213616145
"TLR1",0.595665730245626
"ELF1",0.595700395464938
"TLX1",0.595807954939137
"CD79B",0.59590428565435
"LOC81691",0.59593441990304
"OBSCN",0.595949094571925
"BHLHE23",0.595954393558429
"HAPLN4",0.595978424575523
"ELF4",0.596032487827071
"TMEM133",0.596044999347252
"OR14J1",0.596131008955538
"SIGLEC11",0.596249388127558
"VTA1",0.596253838889284
"CSH1 /// CSHL1 /// GH1",0.596260986424583
"DDX3X",0.596291512818596
"CRHR1",0.596367674063214
"CCDC60",0.596369352051517
"OTOS",0.59637622783753
"AXIN2",0.596464508947605
"KDM5C",0.596489952754547
"GRID2",0.596547927976109
"GABRA6",0.596572522464175
"SNHG17",0.596601034015363
"LOC284661",0.596611880500102
"CTA-445C9.15",0.596742857777723
"TMEM165",0.596752681450946
"GDPD5",0.596756870175153
"CASR",0.596818366968356
"AC010980.2 /// LOC440934 /// LOC440934",0.59682057072411
"DPPA2",0.596833661821842
"SAYSD1",0.596838526664868
"BHMT",0.5969987412715
"MTA1",0.597011480306344
"SLC10A1",0.597024317683088
"ZNF200",0.597064556111522
"LOC285902 /// ZNF273",0.597066195249375
"RPLP0P1 /// RPLP0P1",0.597159244097783
"CENPBD1 /// RP11-566K11.5",0.59722265594696
"RP11-629O1.2",0.597250374748085
"USP20",0.597306531336108
"CECR6",0.597327552986213
"MICU1",0.597351006719185
"NEXN-AS1",0.597590429062749
"IFNA17",0.597668980547879
"CTD-2639E6.4",0.597685315341192
"MAGI1-IT1",0.597711884325238
"LOC101927579 /// LOC101928042",0.597716029548194
"HP1BP3",0.59780515570055
"GEN1",0.597818514075869
"LMF1",0.597836296034388
"LOC285768",0.59786577072144
"RP11-480D4.6",0.59790085167965
"IL5RA",0.597916119543837
"C11orf95",0.597964405092222
"LINC00936",0.597975659898456
"ANP32A-IT1",0.598038241510362
"PDZD2",0.598068239158081
"LINC00545",0.598231622958492
"ANKRD12",0.598442833219273
"TEFM",0.598545291400641
"LYZL1 /// LYZL2",0.598586318409189
"LOC101927709",0.598596813455525
"LRRC15",0.598650643361998
"CSF2RA",0.598720305783087
"HCN2",0.598780133621131
"C4orf46 /// TOMM7",0.598826862752159
"EFCAB5",0.59883188310993
"KLHL7",0.59884030328212
"RP11-166P13.4",0.598886296849392
"RP11-665C16.8",0.598937528479693
"PROCA1",0.599011382060418
"ZNF100",0.599014100314761
"HIPK4",0.599028683214648
"LOC101927256",0.599132611267708
"C12orf73",0.5994748715547
"OSBPL5",0.599482310887007
"UBE2I",0.599490118593113
"RP11-140I16.3",0.599541373600719
"CTSO",0.599544483116222
"MFN1",0.599585112967045
"CTB-78F1.1",0.599748089792266
"FOXP2",0.599762875684635
"KRBOX1-AS1",0.599802461329939
"SYDE2",0.599844450801308
"ANKRD18A",0.599872605405291
"KCTD21",0.599893134828697
"ONECUT2",0.599906141307872
"NSDHL",0.600021128585167
"H1FNT",0.600136306670612
"RP11-664D1.1",0.600165955434927
"PDE8B",0.600174703541762
"CHODL",0.600233319697023
"FLJ32955",0.60028198998257
"SLC39A14",0.600361891067004
"UQCC2",0.60039799762905
"ITCH",0.600448371291075
"ITIH3",0.600527623669522
"CPNE4",0.600608753623981
"RREB1",0.600608907791785
"SMYD2",0.600700302726272
"EIF1AD",0.600701574829245
"TRAPPC8",0.600745971791116
"RP11-420K14.2",0.600788052522385
"C10orf88",0.600807902163081
"RP11-587D21.4",0.600841680475232
"SLMO1",0.600867188009263
"LOC102725263 /// LOC389906",0.60090244892678
"RP4-633H17.2",0.600913482059995
"PLEKHB1",0.600982173092517
"LOC101930026",0.601070107641781
"SRCAP",0.601077603854239
"MYO15A",0.601109942477375
"PARD6B",0.601126309724485
"RP11-521D12.1",0.601152083516763
"PCYOX1",0.60115726190684
"LINC00396 /// RP11-472K17.1",0.601298138068546
"RP11-96K19.4",0.601437876246907
"PRKCI",0.601485046149983
"LOC101928284",0.601583607889622
"PARP8",0.601605636367856
"ARHGDIG",0.60164071454976
"OXCT1",0.601668582964139
"KLHL13",0.601698983938302
"GTF2B",0.601709921616047
"PLCG1",0.601777668872265
"BC047651",0.601816538910568
"ISL2",0.601860005829898
"DNAJA1",0.601865736521964
"AK093301 /// RP11-862G15.1",0.601973979272829
"SOX2-OT",0.602062045415699
"CKAP2 /// IGLC1 /// IGLV1-40 /// IGLV1-40 /// IGLV1-50 /// IGLV1-50",0.602191526160751
"BLOC1S5-TXNDC5 /// TXNDC5",0.602250417880727
"BC038194 /// RP11-550P17.5",0.6022919416543
"RASGRP4",0.602294568309044
"ZC2HC1A",0.602331918411526
"GHDC",0.602343497986202
"PRRX2-AS1",0.602368357088376
"RPL36A /// RPL36A-HNRNPH2",0.602412677268501
"AL110181 /// RP11-390E23.6",0.602466146806493
"TCR- alpha V 33.1 /// TRAV40 /// TRAV40",0.602468364414544
"PSMD5",0.602668344960223
"SCGB1A1",0.602680179242357
"SERPINA10",0.602699187580733
"DDX4",0.602705281235999
"LOC283516",0.602794281627218
"ALDH3B2",0.602809293327317
"ANKRD20A1 /// ANKRD20A12P /// ANKRD20A2 /// ANKRD20A3 /// ANKRD20A4 /// ANKRD20A5P /// ANKRD20A8P",0.602812294856378
"TCN1",0.602860461981984
"GANAB",0.602923309219023
"ATRAID",0.602949351102061
"KRT12",0.603195202329868
"SEPT7P2",0.603207202593163
"ASPG",0.603343405117645
"LOC100289092",0.603403483144729
"CCDC11",0.603541428898872
"LIN37",0.603546392063162
"TRIM7",0.603587856143488
"FAM83C-AS1",0.603606890730475
"ERCC2",0.603629980810348
"METTL21B",0.603641211482738
"LOC100288798",0.603705081690411
"LOC730202",0.603729710194714
"BC017988 /// RP11-308N19.1",0.603740581008397
"GNRHR2",0.603802688146679
"WNT9A",0.603836799603169
"LOC100996732 /// LOC100996735 /// LOC645166 /// LOC654342",0.604037034897747
"CHST8",0.604190466808447
"OFD1",0.604213128652183
"ARMC1",0.604240340007222
"FCER1A",0.604245294927175
"ADRA1D",0.604252876161749
"VAMP2",0.604309054831409
"LOC101928614",0.604469420794637
"LINC00960",0.604538502529153
"SFMBT2",0.604591502934306
"GEMIN2",0.604722981475153
"EMD",0.604805738775158
"RP3-406C18.2",0.604844111700543
"DLEU2L",0.604847916271683
"LOC731157",0.604959820741515
"CRCT1",0.605003835638032
"MIR6805 /// RPL28",0.605008566718285
"CLTB",0.605165302570056
"LOC100506725",0.605207961900703
"LOC100506882 /// USP32",0.605276177686419
"AC007967.3 /// RBMY2TP /// RBMY2TP",0.605425505559158
"CHRDL2",0.60544707269201
"WIPI2",0.605524101454714
"TEX13B",0.605596174378493
"LOC101929406",0.605609359332455
"TSSK1B",0.605708659260233
"LOC101929459",0.605732677661272
"PCDHB12",0.605732802540859
"LOC100134368",0.60579226331214
"TDRD12",0.605962982002281
"TRIM59",0.606042243157293
"UQCRC2",0.606067504544193
"LOC101929181",0.606076171044154
"ENGASE",0.606165139596915
"KIAA1456 /// LOC101927137",0.606228598859292
"TMC2",0.606241977795142
"TCP11L2",0.606254781519152
"RAB5A",0.606301522613041
"TMEM176A",0.606316831216832
"XAGE2",0.606340367795069
"AX747750 /// RP11-532F6.3",0.606378196437726
"TMEM169",0.606406098014389
"AMBN",0.606410692926125
"RP11-378A13.1",0.606432419022181
"BCL7A",0.606465482958252
"CLIP1",0.606539722887281
"KRT72",0.606540768972431
"LOC285181",0.606550841250346
"LOC100506844",0.60658716646679
"OR12D3 /// OR5V1",0.606645446940926
"CYP3A7 /// CYP3A7-CYP3AP1",0.606653986014681
"LOC101928061 /// SERP1",0.606730309185169
"MYH1",0.60677619659764
"AL109706",0.60682413347153
"PAIP1",0.606848385759909
"MT1G",0.6069067987511
"RP11-1137G4.3",0.606923850117204
"C3orf49",0.606990218680023
"RP11-480A16.1",0.606991977730952
"CYB5B",0.607048978061001
"UNC5CL",0.607076707794907
"SLPI",0.60709333409573
"SI",0.607130319435897
"LOC101926996",0.607258198202376
"LINC01111",0.607286258720406
"SHOX2",0.607288555051092
"FAM101A /// ZNF664-FAM101A",0.607441446974644
"PACSIN3",0.607449276926268
"LINC00909",0.607522654518045
"CERS4",0.607577340026304
"DRAM1",0.607705764562719
"PTS",0.607791746675584
"RAD21L1",0.607814772659921
"PIEZO1",0.607854072741944
"CEP89",0.607869640361758
"LOC101928668",0.607917684790471
"CCDC42",0.607936791246969
"MROH1",0.608028227950484
"ATF7IP",0.60805661384315
"ARSB",0.608188103728588
"RP11-29H23.4",0.608210427417461
"IARS2",0.608237569352393
"DNAJB14",0.608283087059595
"RAB9A",0.608337791818862
"TUBGCP4",0.608343969910633
"SART1",0.608349664434922
"ZNF813",0.608350832788281
"TMEM213",0.608419722758368
"FAM69B",0.608450923835611
"TRBV5-2 /// TRBV5-2",0.608499995750444
"AACSP1",0.608518648115508
"FLJ16779",0.608601476687851
"TMEM87A",0.608752107264765
"AP000230.1",0.608773889212999
"RP11-279O17.1",0.608807550488583
"CBX3",0.608810598663447
"DCAF7",0.608821279583414
"LOC100507221",0.608929229918809
"STRN4",0.608939436990068
"SPTAN1",0.608958853777914
"LOC100506172",0.609036273032588
"UNC5A",0.60912149667471
"SNX13",0.609200623479701
"RP11-212P7.2",0.60921504961243
"NAGK",0.609326790621441
"NARFL",0.609332490135831
"SNCG",0.609370893218019
"UBAC2",0.609383945358178
"MEF2B /// MEF2BNB /// MEF2BNB-MEF2B",0.609472293331324
"TNNC1",0.609486876892178
"SEMA4D",0.609598085808557
"BBS1",0.609659339542381
"OR1D5",0.609726683287716
"GBE1",0.609818767743268
"FRMD4B",0.609869735310411
"CCDC169-SOHLH2 /// SOHLH2",0.609922494282727
"SZRD1",0.609925663793486
"FAM13B",0.60994871892668
"ZNF343",0.609983880751808
"HMX1",0.609986320976049
"CRIM1 /// LOC101929500",0.60998809044068
"FAM47B",0.609988351577622
"HSF5",0.610016707938217
"ZFY-AS1 /// ZFY-AS1",0.61004475590929
"CLDN17",0.610070538987564
"SAA1 /// SAA2",0.610371269919368
"CCDC174",0.610411447364226
"LOC349160 /// MIR490",0.610595678539233
"OGFOD1",0.61079982710548
"OR10A3",0.6108287119485
"C22orf29 /// GNB1L",0.6108468772528
"HPSE",0.610880948823808
"REM1",0.610897637365487
"RIN1",0.610998252671929
"TMED5",0.611071387202716
"FSIP2",0.611154856890882
"AFP",0.611342315803634
"PIK3AP1",0.611362307653893
"CBFB",0.611387195581002
"DSC3",0.611432280445136
"KIR2DL5A",0.611479486979085
"PIK3R3",0.611651501534774
"BCL2L13",0.611731183858496
"LOC101927093",0.611873039137093
"FXYD2 /// FXYD6-FXYD2",0.611896487405371
"N6AMT1",0.611926926203585
"TDRD10",0.612044500586423
"ZBTB26",0.612117736610766
"IFNG",0.612125514172078
"LINC00970",0.612157443651921
"CCL19",0.612250886626875
"AMDHD2 /// CEMP1",0.612251184817581
"KIAA0930",0.612327067913554
"BC031952 /// RP11-540O11.1",0.612341648083453
"CSAD",0.612380208277707
"LHCGR",0.612388330705263
"LOC102724809",0.61242222688294
"SNX25",0.612469009300426
"SLC7A5",0.612525261267128
"FAM182A /// FAM182B",0.612532866071487
"HCRT",0.612640402016616
"REC8",0.612686002002289
"DDR1 /// MIR4640",0.612686576467704
"C8orf48",0.612706265560245
"AQP3",0.612762353811949
"LOC100507670",0.612772629137556
"MAP3K11",0.612818068522025
"CORO1A",0.612833136362333
"AJAP1",0.612840700913636
"RP11-414H17.5",0.612877651167997
"HEATR6",0.61290757154577
"C18orf32 /// RPL17 /// RPL17-C18orf32",0.613056528831393
"RP11-379F4.6",0.613108029431874
"AC005838.2",0.613135115264383
"KRT33A",0.613138721757473
"DYRK1B",0.613141817661345
"EOMES",0.613146499932354
"SMURF1",0.613224730879431
"MYOT",0.613231844858797
"SBF2-AS1",0.613241390112828
"LOC440354 /// SMG1P5",0.613371631982836
"CTAGE5 /// MIA2",0.613401748979921
"RP11-173B14.4",0.613529535920426
"TUBB3",0.613621869495846
"ASB17",0.613637223632503
"KANSL1",0.613746630731567
"OR1G1",0.613854745328939
"POLR2D",0.613907936947128
"EEA1",0.613948818303472
"BLVRA",0.613956205635588
"C12orf65",0.613988915872086
"ATG4C",0.614002491617727
"SLC25A51",0.614045418142223
"RP11-61L19.2",0.614091308600094
"LOC101928222",0.614111141320625
"CLPTM1",0.614150949012527
"LOC102725188 /// LOC727820",0.614238167731222
"RP4-612B18.3",0.614259002215112
"ZNF700",0.614265477320534
"RCSD1",0.614268999932246
"CD1D",0.614274051292966
"MTMR11",0.614305160404784
"EIF4A1 /// SNORA48 /// SNORA67 /// SNORD10",0.614326013314728
"C15orf49",0.614351895927121
"CELA1",0.614370288018382
"LOC101928457",0.614387874050685
"ZNF526",0.61446484253547
"ISLR2",0.614485241849849
"LINC00158",0.614489929134453
"WNT11",0.614517871398329
"HLF",0.614566613091271
"ZNF106",0.614581844415578
"CECR3",0.614587098393713
"TNFSF18",0.614604422641798
"MYT1",0.614671794010596
"LOC101928012",0.614722216731116
"PIGF",0.614722237914453
"MCM9",0.614734599889633
"UTS2R",0.614799078993409
"LOC286087",0.614871602332938
"TMCO5B",0.614878823111938
"PLA2R1",0.614972866285272
"ZNF646",0.615159691379649
"BAG6",0.615252220959134
"RHOT1",0.615260006489289
"EIF3LP3 /// EIF3LP3",0.615342073422639
"FGF5",0.615452059289821
"OTOR",0.615463581449377
"TRPT1",0.615589189772007
"DCSTAMP",0.615615261947656
"LOC101927079 /// LOC727924 /// OR4N4",0.615621338245812
"AK126278 /// CUL4A",0.615650966411285
"TPPP",0.615693156373299
"CELA2B",0.615701487472931
"LOC254028",0.61570301482572
"ASGR1",0.615718205029692
"C4A /// C4B /// C4B_2",0.615747095691281
"OGN",0.615767208119756
"LAGE3",0.615804206132692
"IL17F",0.615886948318663
"MROH7",0.615910306514065
"PSD",0.615931026160912
"PCSK1N",0.616031032160283
"LOC220729 /// SDHA /// SDHAP1 /// SDHAP2",0.616033591743199
"SRM",0.616068945332652
"PSMD2",0.616113697059854
"RP11-318A15.2",0.616179612466961
"CIZ1",0.61619655035561
"CTNNA3",0.61621283371151
"HRAS",0.616310657689555
"LRRTM2",0.616319614256218
"ZC3H3",0.616497213152857
"DDX58",0.61666144761746
"TSPY1",0.616700824750953
"PLK5",0.616709735748207
"LINC00265 /// LOC101929038",0.616718419284644
"GJA8",0.616768055643868
"AK130486",0.616801350109112
"LOC728705 /// TMEM263",0.616849405796235
"CLEC2L",0.616948918277261
"LOC100507630",0.617023327423754
"PNPLA5",0.617048214141246
"C11orf57",0.61715124732668
"TPPP2",0.617414434810146
"HIST3H3",0.617420147543363
"SHOX",0.617430977356184
"FAM47C",0.617495819804262
"ARV1",0.617557419927589
"FOXD3",0.617566812820435
"CACFD1",0.617691536623663
"FGF18",0.617788001160206
"KLHDC8A",0.617891072582855
"TFG",0.617898256029649
"CNIH2",0.617953428459274
"MYOC",0.617997950554534
"LINC00844",0.618101349596243
"LRP1",0.618115300333323
"RP9P",0.618130176606406
"RGS11",0.618144300829558
"QPCTL",0.618192287291622
"KIAA0319",0.618219060001814
"CRYZL1",0.618230433478733
"ITGB2",0.618236911894448
"ASIC4",0.618251166509401
"RP11-109G23.3",0.618254064372909
"DPYSL4",0.618315490452559
"STMN4",0.618343977681821
"CACNG3",0.618383712533509
"RSAD2",0.618406978459901
"TAZ",0.618450108001561
"EU250746",0.618451753601482
"NLRP5",0.618491397823949
"WDYHV1",0.618603454509247
"RP11-332H18.4",0.618645850114478
"CTSE",0.618767914489337
"PTN",0.618790446191593
"TBRG4",0.618830299124802
"SSBP3",0.618843310910666
"ELOVL3",0.619012464713298
"CDC14A",0.619015826961545
"TFEB",0.619028786377128
"EXOSC8",0.619032400287968
"APEX1",0.619168122622315
"CCNDBP1",0.619175754891419
"RP11-250B2.3",0.61922305535849
"MAST2",0.619300997151118
"RP11-1007O24.2",0.619335666265731
"LOC728613",0.619479041755689
"HEMGN",0.619565801318788
"LOC101060464 /// LOC101929858 /// LOC101930165 /// LOC101930171 /// TCEB3C /// TCEB3CL /// TCEB3CL2",0.619726132189994
"SFN",0.619755500068224
"PTPN21",0.619839172529894
"C21orf59",0.619907543816957
"RGPD4-AS1",0.619938457972882
"PTH2",0.61995074136055
"C20orf166",0.620005563044526
"ALDH1A1",0.620083381040773
"DIS3L2",0.620143345582266
"FLJ35816",0.620174230138319
"OPRM1",0.620178747886561
"IL10RA",0.620299837439833
"MAGEA10",0.620352149255538
"C5AR2",0.620355242447042
"PSME4",0.620386329235788
"SMU1",0.620396042585764
"LINC01330",0.620402280199413
"SERPINB9",0.62044773490122
"C21orf119",0.620480056670083
"GS1-279B7.1",0.620620773325978
"B4GALT1",0.62063083109494
"C9orf38",0.620677470306092
"OTUD6B-AS1",0.620866340164423
"CXorf51A /// CXorf51B",0.620925930611866
"SLC35F6",0.620962657198088
"GPRC6A",0.621053411424153
"TBC1D22B",0.62109649435635
"ZNF395",0.621100050616558
"JPX",0.621125699445706
"LOC102724250 /// NBPF1 /// NBPF10 /// NBPF11 /// NBPF12 /// NBPF14 /// NBPF15 /// NBPF26 /// NBPF8 /// NBPF9",0.621131190574202
"GPR45",0.621233266167965
"RP11-305E6.4",0.621236245003588
"LOC100996902",0.62123885421756
"PCDHB11",0.621284370765243
"GGA2",0.621378463876552
"SRRM4",0.621391566718832
"AP1AR",0.621416209503578
"SDE2",0.621449122202378
"RP11-457K10.1",0.621450017407804
"SDCBP2-AS1",0.621486637961408
"NBPF8",0.621546061264782
"TCTE1",0.621572471816982
"SLC41A2",0.621601760634423
"TMEM246",0.621655881212071
"LINC00884",0.621674972990317
"FLJ30679",0.621741022748951
"SH2D4B",0.621765496119905
"HYMAI",0.621922712300339
"TMEM189 /// TMEM189-UBE2V1 /// UBE2V1",0.621961824526015
"LOC101927138",0.622004494694782
"RP11-498E2.7",0.622059276640285
"DNAJC16",0.622063972434878
"STRIP1",0.622069506707477
"LOC100131053",0.622151442089141
"RHEBL1",0.622183408720385
"MED25",0.622209056084595
"NAIP",0.622263514850061
"LOC102723742",0.622306834764349
"OVCH1-AS1",0.622420060653726
"ALPK2",0.622658332947208
"LOC100507053",0.622936641636189
"ZKSCAN5",0.623005839855661
"DGKK",0.623021468344092
"COTL1",0.62302196773858
"TMEM100",0.623033225423213
"LOC100505878",0.6231048032519
"GNG3",0.623128019649064
"IZUMO1",0.623133582046094
"GLO1",0.623163629513336
"BMPR1A",0.623185117945456
"DPF2",0.623188525046522
"TTTY12",0.62321326965015
"ARGLU1",0.623239203721699
"TNFRSF21",0.623378496731493
"AP006216.10",0.623417289045419
"CREB3L4",0.623441358727756
"ARSK",0.623521038742362
"CRISP1",0.623624457195879
"ITGA4",0.623660838227513
"TSC1",0.623715809421294
"SOX15",0.623737308989245
"C12orf4",0.623853148443944
"ZNF626",0.623973299946654
"NAV2-AS4",0.624068576813676
"ATP9B",0.624236836788281
"ZNF503",0.624333605876365
"SIK3",0.624405946220733
"NDE1",0.624416742455988
"RP5-991O23.1",0.624448105157285
"LOC101927761",0.624501233030355
"SEC14L2",0.624580190307093
"NFE2L2",0.624616663562229
"CD200R1",0.624692838954946
"NLRP12",0.624706477939518
"MIR3682",0.624864510980482
"NIFK-AS1",0.624884568288218
"SLC12A3",0.624893329979749
"ITGAX",0.624893450025007
"CASQ1",0.62491306683052
"EMC4",0.62508686230726
"HINFP",0.625105331473931
"GAB1",0.625135487834511
"LILRB5",0.62514714569647
"BTLA",0.625214377443384
"INTS10",0.625254917344188
"ZNF570",0.625278038318605
"MIR29A /// MIR29B1",0.625351565043832
"FHL2",0.625446500282615
"LOC101927098",0.625483321052058
"CCDC181",0.625521999539026
"VAMP1",0.62555838603203
"AKAP11",0.625597397951875
"DIO3",0.625680518545072
"RGS1",0.625685558899474
"CELF3",0.625715932015163
"MAGED1",0.625768949259506
"DQ583756",0.625879197982952
"LOC101928729",0.625893670225801
"SGPP1",0.625902179485175
"DNAI2",0.625924415711974
"PSPN",0.625966173242387
"MIR1-2 /// MIR133A1 /// MIR133A1HG",0.625998698499644
"RHOF",0.626192768424336
"GHRLOS",0.626275206169194
"TCF24",0.626337112411399
"UNC119",0.626368696227138
"MTHFD2",0.626374079142644
"DPM3",0.626511494070318
"LOC101928144",0.626560267616225
"ANGPTL7",0.62657505547756
"LRRC20",0.626575619520293
"NMNAT2",0.626673575043321
"UBAP2L",0.626799514994943
"EIF4EBP1",0.62685718931975
"BSG",0.626905608606159
"ATAD3C",0.626916566908338
"RP11-395B7.7",0.627012831443409
"AL022341.3",0.62702894477798
"RAB6A",0.62705228339302
"SOGA1",0.627066531014504
"NUF2",0.627093154359641
"MYO6",0.627099488953348
"PCP2",0.627119987902053
"SUMF2",0.627172086241218
"GHRHR",0.627196597475132
"TAGLN2",0.627205691148193
"PRRG3",0.627208725736905
"SMIM14",0.627230656246095
"HAUS7 /// TREX2",0.627232733401129
"TRIM71",0.627262143180748
"LOC100507384",0.627331247010444
"NTRK3-AS1",0.627369517094162
"DEPDC7",0.627411136916863
"OR2B2",0.627524583516929
"DCN",0.627581141161761
"TMEM57",0.627631573955497
"LOC102725198 /// RASA4 /// RASA4B /// RASA4CP",0.627641690106831
"RFC3",0.627694608214615
"PRRC2B",0.627770409092934
"DSTN",0.627795960555839
"GFRA2",0.627888174011067
"FAM212A",0.627895770095731
"PIANP",0.62800226728808
"EIF2AK2",0.628182235684707
"NANOS1",0.628242177043463
"LOC101930306 /// RRN3 /// RRN3P1 /// RRN3P2",0.628392438965785
"PLCXD3",0.628442949617894
"CARNS1",0.62845416906337
"NQO2",0.628467689115398
"RP11-809F4.3",0.628468784460407
"MFAP1",0.6284820372989
"SH2D1A",0.628540971090859
"RPL23AP22 /// RPL23AP22",0.628573319766049
"COL26A1",0.628595833123643
"KIF20B",0.628633223984279
"TCRA /// TRAV8-6 /// TRAV8-6",0.628657844332594
"FLJ25917",0.628664328017038
"ZNF876P",0.62876222092836
"TCN2",0.628795132678801
"NDST4",0.628799120664316
"BC017209",0.628812606820021
"SH3GL2",0.628831245037123
"FAM208A",0.628939631255548
"ECT2",0.628969103451516
"ZNF256",0.629117542903539
"AK096159",0.62914192418517
"LUZP6 /// MTPN",0.629161490930945
"MXRA5",0.629204540154786
"LOC285095",0.62923573927036
"PHF2P1",0.629258749065414
"F11-AS1",0.629277944601758
"NACA",0.629284573953602
"ARL5C",0.629288797109539
"SMIM11",0.629327982834585
"DKK4",0.629351607613733
"CTD-2012K14.6",0.629393428639233
"GTPBP1",0.629455103555347
"EBLN2",0.629517538647213
"LOC645188",0.629537029373327
"USP47",0.629569011229425
"HOXD3 /// HOXD4 /// LOC401021",0.629578660351596
"HOXD4",0.629759410119817
"CTRB2",0.62987026641355
"AC002310.12 /// AK056973",0.62989201589544
"LOC100506470",0.629980292162973
"C1GALT1",0.629999616749153
"E4F1",0.630032765922293
"TTLL4",0.630216124525488
"C5orf47",0.630235974958646
"ROR1-AS1",0.630242151518249
"SERP1",0.630469971987874
"LOC101060400",0.630694989660661
"AGRP",0.630850013423595
"HS6ST3",0.63099645604814
"LINC01122",0.631033794742955
"CDC42",0.63114262499294
"LOC101927690",0.63115689710763
"AC073321.4",0.631279452818231
"CLYBL-AS2",0.63138959182067
"DNAAF1",0.631536565469911
"RYR1",0.631607602871285
"NDST2 /// ZSWIM8-AS1",0.631657593695601
"LCAT",0.631751835091676
"OR1A2",0.63176810218531
"RPS10L",0.631802662541896
"ZNRF2P1",0.631898331810938
"LOC101927124",0.631950021864242
"LOC692247",0.631964734531741
"MOB3A",0.632011299012765
"LOC100631378",0.63203415611872
"RP11-783K16.13",0.632092613360676
"WDR86-AS1",0.632226856329659
"KAT5",0.632231784936899
"ACTN4",0.632289653053466
"RPAP3",0.632331918494735
"UBA2",0.632346547571791
"SH3BP2",0.63238199891999
"BAZ2A",0.632408441825569
"SRRM2-AS1",0.632425695095513
"DEFB106A /// DEFB106B",0.632502701685877
"PTPRF",0.632530849610259
"ASIP",0.632533961990055
"ICAM4",0.632534542151433
"SET",0.632574145447031
"ZFHX2",0.632653505423794
"ABCA5",0.632691252312847
"KIAA0825",0.632759566252378
"CCND3",0.63279150014429
"C5orf66-AS1",0.632823443024131
"NSUN6",0.632912723449107
"LOC645321",0.632996961135685
"AX746690 /// RP4-564F22.5",0.633051926936909
"MAN1A1",0.633189827504401
"TCF19",0.633193819448635
"CARD11",0.633267485826855
"CHKB-CPT1B /// CPT1B",0.633309569307451
"ASMTL-AS1",0.633345060991095
"LANCL1",0.63336560639202
"GLOD5",0.633371601920319
"RP11-305L7.3",0.633391065737241
"BC042590",0.63344278035659
"HPR",0.633478408619006
"SFR1",0.633481021140816
"INTS7",0.633574718527101
"RNF19A",0.633665483654624
"LOC101927582",0.633676946802345
"TAS2R38",0.633694034872647
"INADL",0.633738020148157
"ABHD10",0.633803648193435
"ARNT2",0.633819087965424
"NAPSA",0.633842450775499
"BC047364",0.633869715642059
"LOC100506236",0.633889679363931
"LINC01020",0.633959824388114
"UBA1",0.633964719923225
"KRT77",0.633995338624085
"MYOM1",0.634009621394194
"LRTM1",0.63402732133633
"TIGD7",0.634031311720814
"SREK1IP1",0.634199213476277
"LOC399491",0.634373514443386
"MYO1C",0.634429726429711
"TCTEX1D2",0.634440370181966
"AOX1",0.634449169084967
"TRIP6",0.634453402021161
"TTC26",0.634567864496232
"LOC101927268 /// LOC102724851",0.63468141442032
"ZNF493",0.634686202258023
"ZSWIM5",0.634689841673884
"BC036055 /// PREX2",0.63470696583452
"CYP51A1-AS1",0.634791380641445
"AC005523.3",0.634793839956988
"CNTNAP5",0.634896286831742
"TRIQK",0.634928979737697
"FSHB",0.634980497314914
"CDK13",0.63499302243105
"KAT7",0.635104394817754
"DCUN1D1",0.635159504259826
"MIR3656 /// TRAPPC4",0.635215468434333
"DFNB31",0.635223832092434
"KLHL1",0.635229473440439
"KRTAP2-1",0.635235785382211
"GTPBP6",0.635365326664286
"RTF1",0.63543782955684
"MOAP1",0.635437972493666
"AOC4P",0.635489825067428
"SLC35G3 /// SLC35G4P /// SLC35G5",0.635520413261307
"ZNF674-AS1",0.635546150074769
"HSP90B1",0.635589734250548
"HSD11B1L",0.635634986823356
"CHFR /// LOC100128843",0.635649503915765
"LOC102724587",0.635849991518263
"FAM170B",0.635942251438151
"PUF60",0.636042894540145
"ZMIZ1-AS1",0.636119493476437
"LOC285696",0.636151400035183
"DDHD2",0.636203014807809
"HIF1A",0.636405318493265
"LOC101928580",0.636422641675237
"GNAI3",0.636474292918437
"PYGO2",0.636499654631574
"PSD3",0.636509037765235
"NINJ2",0.636615305231838
"F11R",0.636670139818706
"PRR5L",0.636695763311787
"CELF5",0.636698130293069
"TMEM198B",0.636699288382136
"PSMB7",0.636731700786027
"ANKRD27",0.636737049305832
"STH",0.636744545181922
"ZFAS1",0.636771416971572
"LRCH4 /// SAP25",0.63680426452578
"LOC643549",0.636976482047572
"DNAJC25 /// DNAJC25-GNG10",0.637058483888203
"GIPC1",0.637086420878817
"MRGBP",0.637098594761352
"SETD1A",0.637126409186741
"LOC101927620",0.637127076625765
"ZNF417 /// ZNF587",0.63717813007404
"LOC101928429",0.637189945140304
"CTD-3028N15.1",0.637195487915837
"FBF1",0.637196375192113
"MGC10814",0.637234009712019
"PBX4",0.637407410386776
"EXOC7",0.637419580926754
"KCNIP3",0.637424036370027
"VN1R3",0.63745206260073
"ASMTL",0.637499560959893
"ZNF614",0.637536501154113
"CAPN1",0.637540154035158
"KLK3",0.637604526900575
"LUC7L",0.637754785225024
"ELOVL2",0.637800116791993
"ABHD5",0.637841355016996
"LOC101928370",0.637945107775795
"PNLIPRP1",0.637947717183489
"CKAP2 /// IGLC1 /// IGLJ2 /// IGLJ2 /// IGLJ3 /// IGLJ3 /// IGLJ3 /// IGLV1-44 /// IGLV2-14 /// IGLV@",0.638017920578209
"IL10RB-AS1",0.638071178638993
"U2SURP",0.638196280400666
"LSS",0.63821796478611
"KCNQ5",0.638223378911897
"RASGEF1A",0.638240695692977
"LOC283674",0.638297390154305
"TMEM86B",0.638405521550724
"KXD1",0.638484735838611
"NEDD4",0.638565395854089
"SPDEF",0.638593963131111
"BC031864 /// LOC100507330 /// RP11-588H23.3",0.638653412931159
"PHYHIPL",0.638676774213753
"FAM205B",0.638716894944246
"SECISBP2",0.638722363585654
"SYT2",0.638776130276634
"LINC01169",0.638844518908705
"TSR1",0.638883957871529
"ACN9",0.638921807124564
"ANO6",0.638937005962823
"AC083949.1",0.639024051464778
"AMDHD1",0.639196345180834
"PLEKHH2",0.639236833437656
"NAMPT",0.639310362184453
"NSD1",0.63945909130227
"ACTN3",0.639474817628365
"UBTD2",0.639554097010744
"NUCB2",0.639653596763283
"AC012531.25",0.639774521332204
"UNC5C",0.639792555563905
"RP11-536G4.2",0.63979785095497
"RP2",0.639862979651284
"ADPRM",0.639871941561638
"RP11-182J23.1",0.639932379165239
"DUSP12",0.639999021698622
"SCUBE1",0.640067517254922
"LOC101929741",0.640114781463222
"BCO2",0.640270432268462
"SRD5A3-AS1",0.640361658787275
"HOXD-AS2",0.640402365079423
"GDF10",0.640420592197536
"GVINP1",0.640444646623375
"HIST1H2AE",0.640478196212489
"LOC101927129",0.640560828939047
"CST9",0.640629934148382
"DNAH6",0.640716386108474
"MYNN /// RP11-362K14.5",0.64077283462723
"RP4-621B10.8",0.640820880015186
"ACY1",0.640832208473152
"MEPCE",0.640852888663977
"MYH7",0.640994470758587
"RGMB-AS1",0.64107782654641
"RP11-385F5.4",0.641149783789039
"ZNF625",0.641153103313653
"KREMEN1",0.641185666722899
"TSR2",0.641342371829486
"SLX4",0.641421682585973
"CD47",0.641447555526339
"OLFML3",0.641499381882297
"OTX1",0.641523616425595
"LINC00708",0.641551844134098
"EGFEM1P",0.641761090010321
"NAA11",0.641772992641887
"STK24-AS1",0.641810800284072
"KCNB2",0.641824782609796
"ZNF223",0.641833018309696
"LOC100128343",0.641840092834313
"LOC102725072 /// LOC102725315 /// LOC727983 /// POM121L10P /// POM121L1P /// POM121L4P /// POM121L8P /// POM121L9P",0.641905253822747
"PHF20",0.641936347756637
"KIAA1751",0.642056468278239
"TOMM5",0.642130894224995
"AX748273",0.642138543948447
"ZSWIM8",0.642146856024329
"RPL36",0.642228668727427
"GALNT2",0.642235634565175
"KRTAP5-2",0.642393576375328
"PLIN3",0.6424107913428
"HLA-DPA2 /// HLA-DPA2",0.642438085955623
"CHST9",0.642441925413844
"IP6K3",0.642502544710225
"ZNF415",0.642583250029785
"TRMT6",0.642607064087131
"TMEM135",0.64268275378976
"COMT",0.642829853090109
"CTC-428G20.6",0.642842356510646
"LOC101927865",0.642873598444496
"SLC35D3",0.642909290507552
"TRH",0.642913486352647
"AP4E1",0.642949405705329
"B2M",0.642964867082127
"PPP3R1",0.643002319719415
"EPHX1",0.643034219124356
"LOC389831",0.64306578306543
"ERVK13-1",0.643084353051639
"RBM38",0.643146472123956
"MARCH7",0.643172555468277
"DENND6B",0.64318819991682
"CYB5R4",0.643221568887185
"GRIPAP1",0.64326102805019
"KIAA1429",0.643304497928776
"GRINA",0.643353866457227
"HABP4",0.643393050956648
"DDX19A",0.643468073669653
"NCOA4",0.643686438192538
"LINC01241",0.643715196345456
"GAL3ST1",0.64376042178753
"C20orf203",0.643787936537701
"ATXN2",0.643811100194876
"FHOD1",0.643830592610277
"MKL1",0.64386746574732
"BEND7",0.643875004365202
"FOXL2",0.643886607089117
"CDH26",0.643905291460009
"BCL3 /// MIR8085",0.643909141338682
"C16orf93",0.6439137648813
"GALNT16",0.643943671864133
"AKR1C2 /// LOC101930400",0.64401700649718
"RP5-894D12.4",0.644059596641835
"SENP3 /// SENP3-EIF4A1",0.644073969045136
"C11orf58",0.644126271199381
"DMGDH",0.644131563544859
"FRMD5",0.644168895552814
"ZFP1",0.644176173405602
"MTND1P33 /// MTND1P33",0.64423788948746
"ZNF254",0.644276633110587
"FANCM",0.644321947131231
"WDR87",0.644333572983697
"RP3-329A5.8",0.644376112036063
"GPR1",0.644421722867108
"NPRL3",0.6444312948787
"PRMT3",0.644435599244304
"SELL",0.644556981192222
"MICAL2",0.644619509862253
"GNAL",0.644643675456486
"SFTA1P",0.644665040426632
"NICN1",0.644666138272932
"XRCC2",0.644773234738071
"TBC1D29",0.644796418557059
"SLC22A18AS",0.644882691094924
"TRPM2-AS",0.644889516920251
"SNHG8 /// SNORA24",0.644892621825859
"ANAPC10",0.645020854536695
"ARPIN",0.645142536447246
"SCGB1D2",0.645188986603001
"SIKE1",0.64521745342009
"VPREB1",0.645303008911759
"FSCB",0.64549900330031
"CTD-2541J13.1",0.645524625069146
"ELMOD3",0.645578044164286
"USP22",0.64559564302833
"CHRM3-AS2",0.645620219286406
"MIR4746 /// UBXN6",0.645632598060368
"BATF",0.64576014803644
"RSPH9",0.6457826542006
"RPL8",0.645806571280228
"TMEM51",0.645808117527401
"REPS1",0.645809250843201
"TTTY9A /// TTTY9B",0.645833925153629
"HGF",0.64588838877249
"CHL1-AS2 /// CHL1-AS2",0.645900348095021
"LCORL",0.645971516117413
"FAHD2A /// FAHD2B /// FAHD2CP",0.6460204663553
"C19orf44",0.64610787083639
"SPIN4",0.646188064471276
"AC100830.4",0.646296430073647
"KIAA1257",0.64630213537323
"LZTS1-AS1",0.646396510443065
"RSU1P2",0.646426944751949
"LOC101060604 /// SLC7A5P1 /// SMG1P1 /// SMG1P3",0.646577740089524
"GPR75",0.646580034941977
"GLT1D1",0.646699356445771
"SCART1",0.646774902217865
"CHRDL1",0.646783943030501
"LIME1 /// ZGPAT",0.646852393623733
"FBXO41 /// LOC101927826",0.646941304897994
"LINC00836",0.646970435599699
"FUT5",0.647059741213201
"LINC00664",0.64706648877302
"STX1B",0.647292586772076
"TES",0.647334573566694
"LINC00477",0.647361507076469
"TRPC5",0.647389268783145
"MEFV",0.647408581226001
"KMT2B /// KMT2B",0.647472285878825
"AC067956.1",0.647568047405382
"HAGLR",0.64760786037474
"KIR2DL3",0.647638104677122
"UBE2D1",0.647651481230034
"RBM15",0.647751139016429
"RP11-486G15.2",0.647794212370902
"SPACA1",0.647819265020527
"RP1-39G22.7",0.647945179115724
"HTN3",0.647950761054547
"CEMP1",0.648049563185553
"SLCO1B3",0.648052949477683
"SCN11A",0.648077256894601
"RP11-534L20.5",0.648077510174959
"LOC148696",0.648143151459954
"DDR1-AS1",0.648252165790452
"TMEM180",0.648253234819898
"GRIA4",0.64828705745203
"LOC101927503",0.648344681060471
"KLHL3",0.648448522172288
"EPB41L2",0.648679347310959
"GNA13",0.648699243267265
"BC043356",0.648710446623066
"PALB2",0.648757417593719
"TGOLN2",0.648765082434677
"LRRC3 /// LRRC3DN",0.648767736977693
"TCRBV12S3",0.648939164347478
"HEATR9",0.648956713516549
"CTD-2553C6.1",0.649098530517354
"CDH8",0.649104796280119
"LOC284889",0.64917061978343
"PARP14",0.649215139557825
"AX746903 /// PDE5A",0.649505740295371
"LTBR",0.649507890767528
"OR5L2",0.649580313460595
"LDHA",0.649635560104594
"PAPOLA",0.649706053953537
"DEXI",0.649764231069858
"BC034578 /// RP11-411B10.2",0.649777356541792
"FGGY",0.64978379754805
"ADRA2A",0.649798354341671
"PAX4",0.6498803334458
"DAPK3",0.649905792964902
"TPST2",0.649915224706961
"ADARB1",0.649916945594504
"ASCC3",0.649963498058412
"SLC30A9",0.649970164752581
"TRIM42",0.649990398276184
"SPATS2L",0.650021507545891
"ACVR2B-AS1",0.650023652122587
"TIGD6",0.650040494711805
"ZBTB5",0.650073142155833
"MAP3K12",0.650080949805952
"SUPT20H",0.650113817032311
"RP11-157P1.4",0.650114698417314
"KCNS1",0.650157429494516
"LOC101928739",0.650163354407803
"CMBL",0.650186900412886
"RPL11",0.650207769791585
"D21S2090E",0.650232331360357
"LOC149703",0.650281512683823
"KIAA1551",0.650344240049896
"FGF10",0.650451846714558
"AHSA1",0.650456312082629
"LOC100506548 /// RPL37",0.650551739343523
"BD495725",0.650730907461829
"PELI3",0.650731487958842
"CERS3",0.650918802162505
"LOC101928784",0.651074388364951
"FAM224A /// FAM224B",0.651086316734414
"ODF2L",0.651090642217285
"LINC01352",0.65113676102033
"LINC00703",0.651153857346489
"MBD6",0.651254420772573
"TXK",0.651273864184437
"LOC100127955 /// LOC100128374",0.651289646821115
"CACNG1",0.651314936120369
"C20orf181",0.651391599227605
"CSF3",0.651472523287583
"DNAJC6",0.651511397935948
"PRR35",0.651705983623872
"XAB2",0.651737228250716
"ANHX",0.651762523521243
"DBIL5P",0.651972374094331
"LOC101927599",0.651975279348588
"ALOX15",0.651981380241519
"LTB",0.652078128413448
"GYS2",0.652121677244103
"MADD",0.652129395539902
"TP53INP1",0.65214842519619
"BTBD11",0.652188980902932
"MSANTD4",0.652240994654082
"FANCD2OS",0.652284401058433
"ZNF225",0.652307117379978
"ACADM",0.652403078006641
"RP11-389G6.3",0.652519434545042
"TMEM87B",0.652533077988421
"CALR",0.652544903171733
"UPK1B",0.652572072686844
"SERPINB12",0.652773845566873
"RAB10",0.652910152849565
"LIFR-AS1 /// MIR3650",0.652953684773987
"KCTD10",0.653006793720995
"BTRC",0.653015878162479
"RAMP3",0.653024832354632
"WDR20",0.653118770664846
"RP11-365H22.2",0.653170294477164
"LOC100133039",0.653241249382251
"DOCK7",0.653262557714222
"MCMDC2",0.653273474952458
"DMD",0.653291321146911
"CUL4A",0.653291688123831
"SIGLEC10",0.653342872030992
"TMEM258",0.65337400412776
"ATG16L1",0.653425159605296
"LPCAT4",0.653433722694871
"XG",0.653471695180052
"AC005754.7 /// BC016751",0.653499506551341
"TYRO3P",0.653531115366056
"LINC00317",0.653544656803862
"ALG13",0.653587606277657
"PEG3 /// ZIM2",0.65359207700427
"FLJ46026",0.65359652328731
"SLC48A1",0.653638069402756
"GOLGA6L1 /// GOLGA6L22 /// GOLGA6L6",0.653659266835966
"GGT1 /// GGT2 /// GGT3P /// GGT8P /// GGTLC1 /// GGTLC2 /// LOC100132705 /// LOC102724197",0.653758990071014
"RASSF10",0.653776685071674
"LOC100653086",0.653912424163146
"IFNL2 /// IFNL3",0.654022465840046
"ZNF283",0.654054079925848
"ERVMER61-1",0.654273064430791
"HEATR5A",0.654274125354038
"ARHGAP12",0.654274877578109
"COL22A1",0.654326838849827
"NMRK1",0.654452081616235
"LINC00908 /// LINC00908",0.654603627560601
"LOC642620",0.654673411869738
"COQ10B",0.654845643361176
"GCOM1 /// POLR2M",0.65490396444552
"TPSD1",0.654913501254322
"LOC101926928",0.654991647648561
"SMPX",0.65499428139739
"LINC00299",0.655000426422658
"RP11-981G7.6",0.655013175267668
"SGMS1",0.655056139562186
"RP11-690I21.2",0.65509772360206
"FAHD2CP",0.655100351395524
"CPNE7",0.655239123388898
"LOC101928167",0.65525042923383
"LINC01305",0.655349085928301
"MANEAL",0.655352365165189
"CAND2",0.655382536484899
"SLC9A3",0.655422713535636
"RP11-400N9.1",0.655451837239027
"RPL36AL",0.655486947137822
"MIR4435-1HG",0.655569293370616
"BCORL1",0.655584318315864
"WDR17",0.655650557718994
"UTS2B",0.655659274568032
"RYBP",0.655761575629597
"THEMIS2",0.655822754765286
"DRAM2",0.655840859930648
"ZNF337",0.655845220907487
"PCID2",0.655846881004163
"DNAH3",0.655871156326195
"SLC2A6",0.655908189812788
"RGL4",0.655938911470912
"AGAP10 /// AGAP11 /// AGAP4 /// AGAP5 /// AGAP9 /// BMS1P5 /// CTGLF12P /// LOC101060581",0.655997324555629
"AK056982",0.656006658883059
"LRRC75A-AS1 /// SNORD49A /// SNORD49B /// SNORD65",0.656019867107875
"C10orf55",0.656020666262887
"FUT1",0.65610249154727
"EPPK1",0.656121209490676
"MUSTN1 /// TMEM110 /// TMEM110-MUSTN1",0.656156309272832
"NPM2",0.656160168477661
"CTD-3126B10.1",0.656227583750258
"PHEX-AS1",0.656327547830454
"ZNF581",0.65633286358687
"FEV",0.656375999787757
"KCTD12",0.656397610458529
"PROSER1",0.656563950335712
"KRTAP1-1",0.656573557057756
"C1orf50",0.656683901157158
"VPS45",0.656697796135547
"SPIN2A",0.656763541656119
"RPA4",0.656804818793138
"MACROD2",0.656848743701644
"CDK3 /// TEN1-CDK3",0.656863126516514
"PTGR2 /// ZNF410",0.656867000939914
"LINC00847",0.656873760331652
"IMPG1",0.656923505728134
"PNCK",0.656998295643697
"CCDC136",0.657016242739219
"LINC01134",0.65704287272568
"RIPK2",0.657078428855345
"KTI12 /// TXNDC12",0.657233324823874
"IGSF6",0.657308008084478
"SERPINA4",0.657318195170079
"CSNK1G2-AS1",0.657318329348468
"RP3-497J21.1",0.657357140665749
"CPSF1 /// MIR1234 /// MIR6849 /// MIR939",0.657381143297531
"NCF4",0.657399871684239
"CTA-268H5.14",0.657626613465237
"ALCAM",0.65765399859081
"LDB3",0.657702218647202
"SLC6A11",0.657789627763981
"KCNH1",0.657802848900676
"C10orf32",0.657806517974564
"SESN2",0.657822930880467
"TMEM260",0.657856516479793
"RFX2",0.657928204859785
"ERBB2IP",0.657930601219313
"MIOX",0.658140134693864
"LOC101928625 /// MED21",0.658188565307027
"TTLL5",0.658350442436818
"LINC00654 /// LOC643406",0.658472071909949
"RP11-7F17.4",0.658512334052812
"DHRSX",0.658539394306999
"CNP",0.658561061651686
"PCGEM1",0.658562173879588
"FAM212B-AS1",0.658702321208217
"ZC3H7A",0.658736900234694
"RNF121",0.658745232232316
"TMC7",0.658755890478804
"HOXC-AS3",0.658763314193551
"TMEM218",0.658961799221967
"PTAFR",0.659005428857751
"SMARCA5",0.659090231739763
"GPR97",0.659111569386297
"C5orf22",0.65914823878362
"HAO2",0.659203705266064
"LOC101928273",0.659271135708706
"NUP50",0.65930704667589
"COX4I2",0.659326212266233
"PRO1082",0.659342636199099
"RXFP3",0.659352187898982
"YY1AP1",0.659393126004563
"ZNF750",0.659406682012472
"CTAG1A /// CTAG1B",0.659487327147714
"CYP2B6",0.6594921219594
"TMEM59L",0.659504373360466
"AK7",0.659579907957562
"SEC61A1",0.659597373992508
"SLC16A10",0.659701033725038
"MBD1",0.659819608758546
"PI4KB",0.659832795712544
"NPFFR1",0.659836168358327
"ZNF704",0.659853559509342
"OTC",0.660158294238081
"FGF22",0.660318404924678
"COG6",0.660326200449934
"FRMD8P1",0.660361037198459
"HOXD1",0.660371762860765
"DYNC1LI1",0.660404390681883
"SRP19 /// ZRSR1",0.660438084832969
"TCF15",0.660467921914586
"GNB2L1 /// SNORD95 /// SNORD96A",0.660482473347766
"LOC101060521 /// POLR3E",0.660530485536289
"RAPGEF4-AS1",0.660561625034009
"HBS1L",0.660694820364143
"NOP58",0.660706878694752
"LOC339622",0.660768033147893
"RGP1",0.660797162165653
"CCL23",0.660802404918331
"TOX4",0.660811473133302
"TUBB4BP7 /// TUBB4BP7",0.660876582454407
"LOC439951",0.661017024592015
"MRRF",0.661049966057951
"WWC2",0.661080725331331
"RP11-303E16.7",0.661106933983231
"AF289551",0.661238392966486
"CNOT7",0.661255958619447
"MYRFL",0.661387851396849
"TFDP1",0.661484831027478
"BRD3",0.661611845176685
"SSX2B",0.661790702949225
"PNMT",0.661807300781641
"PITX3",0.661880157173448
"DLK2",0.66201976960086
"RP11-119F7.5",0.662020832554538
"CAPSL",0.662059730142569
"GTF2E1",0.662102156616612
"LOC100996246",0.662148006622176
"ALDH16A1",0.662193854894558
"DCP1B",0.662202831364638
"DNAJC3",0.662366632769234
"LOC101929072 /// LOC285835",0.662446875615595
"HMGB1",0.662529280294058
"C10orf71-AS1",0.662552604636219
"RP3-384D21.2",0.662593093367668
"LRRC57",0.662647760478955
"ZNF440",0.662691460031556
"GNAI2",0.662701522800298
"TRAM2",0.662722805613582
"KIAA1549",0.662724066651098
"CYP4F30P",0.662760034007398
"FREM3",0.662770169403104
"AREG",0.662775272132853
"C7orf26",0.662789557601871
"CKAP2L",0.662825869887571
"FAM120AOS",0.662864618205173
"ABHD16B",0.662874071470761
"RARRES2",0.66290320646406
"GABRB3",0.662989215842296
"CPA1",0.663037830215037
"LOC100131691",0.663058986171475
"PFKL",0.663070088765063
"CXCL12",0.663143833153029
"MGLL",0.663177642336791
"TEX30",0.663196830210403
"AP1G2 /// JPH4",0.663247695170316
"ZNF547",0.663294720109047
"PPP3R2",0.663447926387128
"STIM2",0.663448815955381
"RP4-781L3.1",0.663453661184493
"DFFA",0.66351906611623
"MRPL19",0.663522658893924
"CEBPZ",0.663525093285528
"RASD1",0.663537821421066
"HIST1H1T",0.663540894677757
"FAM53C",0.663581675588386
"LINC00659",0.663610484561445
"RPS12",0.66368255591545
"EMC2",0.663714044236835
"PRG3",0.663789105478148
"C3orf62 /// MIR4271 /// USP4",0.663825745503437
"WASF2",0.663840832166178
"USP24",0.66388338483603
"GOLGA6A",0.66389473594475
"PIK3IP1",0.663920859048369
"PRKACA",0.663952580075655
"ISY1",0.664006693491102
"TMEM242",0.664015745642935
"FAM3A",0.664080072848929
"LOC101928571",0.664080404305235
"FOXO3 /// FOXO3B",0.664148428679721
"SLC25A43",0.664151523875824
"TMEM261",0.664162308836068
"IPO9",0.664179624548067
"KIRREL3",0.664183175409945
"PGAM1",0.664284014575182
"DOCK6",0.66437112352493
"LOC441601",0.664408558180029
"RP11-109D9.4",0.664459810666473
"MIR631 /// NEIL1",0.664491293265897
"IFITM10",0.664494635045422
"ZNF839",0.664557088323108
"TMEM235",0.664585024566401
"M6PR",0.664640051948456
"DKFZP434F142",0.664888725230097
"RNA45S5",0.664903508089504
"CPSF2",0.665266932638458
"DLL3",0.665300108669671
"RP11-700J17.2",0.665409159060681
"LOC100507537",0.665415408221201
"RP1-202O8.3",0.665416996505618
"RAD21",0.665436032444646
"LOC101928304",0.665441734963754
"LOC101927588",0.665507475428665
"PSG9",0.665564394268879
"C12orf40",0.665621414964496
"ZNF692",0.665630746569612
"FZD2",0.665632423408288
"CCDC18",0.665674723253597
"LOC100505622",0.665687288014347
"TRMT10B",0.665865490109023
"ZNF818P",0.6659284543383
"PAIP2",0.665954855068966
"GTF2IRD2",0.666054037099417
"KCNJ13",0.666056879504312
"NIFK",0.666077235515517
"SNTB2",0.666140239997853
"GPR65",0.66622437248511
"ZAK",0.666260497364779
"RCOR1",0.666263382328892
"H1FX-AS1 /// H1FX-AS1",0.666271124691847
"PRDX4",0.666323143068673
"SLC22A13",0.666353407803258
"MED1",0.6663749036763
"RNF8",0.666419556754755
"LYZ",0.666429800069445
"LOC101928207",0.666452600740684
"ADAM10",0.666474744253218
"GPR132",0.66650278455363
"POLD4",0.666612832876634
"ABCF3",0.666650410406959
"AZIN2",0.666710209969161
"AC006129.2",0.666724749312537
"DYNLT1",0.666756011086539
"LOC143188 /// VTI1A",0.666772731570997
"CARD14",0.666777199261856
"LOC439994 /// LOC642361",0.666828091664305
"IL23A /// TCRBV6S2A1N1T",0.666846176759961
"METTL21A",0.667042653523469
"S100PBP",0.667056890847351
"PPP2R4",0.667095080986075
"TIMM17B",0.667107585934751
"RP11-330O11.3",0.667348164048574
"PTP4A3",0.667400088215734
"KIAA1324L",0.667432834616771
"IL23A /// TCRBV10S1P /// TRBV21-1 /// TRBV21-1",0.66743468218612
"FMNL3",0.667452671746708
"TAF4B",0.667463100536916
"FBXL18",0.667497211174204
"LOC101928135",0.667521920056087
"LINC00837",0.667571996537755
"CTD-2350J17.1",0.667579087463154
"PLD6",0.667594461417032
"DCTN6",0.667736592968603
"KPNA6",0.667785083248653
"PAQR9",0.667906052544275
"METTL14",0.667916068441131
"MBD2",0.667926979416137
"PDE7B",0.668045429638095
"LOC101929025",0.668049968275472
"LOC100131756",0.668077050205444
"LINC01234",0.668082273418853
"C15orf57",0.668148131444914
"LOC102723722 /// NDUFA6-AS1",0.668166973106384
"AQP12A /// AQP12B",0.668190412496928
"ZRANB1",0.668195145778144
"NAT8 /// NAT8B",0.668312456205165
"ULK1",0.668317745063441
"AC008088.4",0.668394174189235
"ZZZ3",0.668424095649654
"IL3RA",0.668430671414062
"LOC101927869",0.668532288173679
"CCDC149",0.668602756637757
"RP1-179N16.6",0.668672425331876
"CAPN6",0.668693398003011
"AQP1",0.668793399587251
"ZNF260",0.668801566023057
"ZBED5",0.669041962182668
"OR5G1P /// OR5G1P",0.669102397163191
"TLR4",0.669139801897681
"SLITRK2",0.669217291182534
"IL20RA",0.669256902796827
"S100A13",0.669257039406561
"SLC39A12",0.66929876075727
"PRR7",0.669348893223566
"DPP10-AS3",0.669360641059028
"CREB5 /// LOC401317",0.669666853976493
"RP11-251G23.5",0.669737333926919
"PDXDC1",0.669760272652159
"DGCR14",0.66977769434606
"ACOT4",0.669866150961199
"MIR155 /// MIR155HG",0.669906036629249
"LOC101928703 /// MGC45800",0.670001092373738
"DDX60L",0.670087578502147
"LOC642236",0.670147514977733
"GYPB",0.670168001645767
"CCNY",0.670302209476783
"SAMD15",0.67031497141911
"CDKN2B-AS1",0.670432965894296
"EXOC4",0.670496366169426
"LOC100289230",0.670602849666497
"STAM",0.670624911923718
"SLC32A1",0.670674957128244
"HOXC12",0.670681690040536
"SRRD",0.670682462632147
"MATN4",0.670759921959684
"RTEL1",0.670803860571731
"BARX2",0.670884569781443
"PVR",0.670906298434069
"C2orf57",0.67093977914007
"RP11-45M22.5",0.670945282516723
"BC040311",0.671007961193795
"RP11-408I18.9",0.671019785020364
"LOC286189",0.671096727420233
"FAM72A /// FAM72B /// FAM72C /// FAM72D",0.671117356308792
"SAG",0.671156406314354
"CD8B",0.671216749738229
"LINC01351",0.67127942053747
"AK023627 /// TCTE3",0.671293731302611
"LINC00184",0.671317633079353
"LOC100506472 /// TAB1",0.671371595397519
"DYDC1",0.671373211504688
"RASL11A",0.671397174732263
"RP11-155O18.6",0.671409358162188
"S100A5",0.67145265015015
"RP11-353N14.2",0.671532746397272
"TOP2B",0.671623643554173
"BEGAIN",0.671670149962249
"CKAP5",0.671716190981339
"LOC101927719",0.671805356878379
"CTSD",0.671838805979399
"POLE4",0.671846073087519
"TMEM179",0.671899958174297
"LINC00327",0.671943948919186
"PART1",0.67195860566657
"FAM181A-AS1",0.671978476684259
"AMBRA1",0.671983286449936
"LOC101930150 /// NF1",0.672023209324123
"LAIR2",0.672034357978934
"TRIM45",0.672087133267232
"TBCE",0.672110577372303
"SMEK1",0.672210465087096
"KCNJ10",0.672221888993892
"LOC100129550",0.672339713735471
"ZNF559",0.672340969386394
"YBX1",0.672360273641005
"TMEM132D",0.672390143971986
"RHOA",0.672423093477389
"RP1-68D18.4",0.672490014076491
"GPD2",0.672500401717402
"CHD7",0.67251719908601
"RP11-174G6.5",0.672738663449242
"LOC439933",0.672740187523588
"ORC2",0.672761490090229
"CDC7",0.672830207861997
"AQP7 /// LOC100509620 /// LOC101930168",0.67286198092695
"LOC100506790",0.672886114894414
"STK31",0.672904684889404
"LOC102723390",0.672908742373465
"CEP135",0.672960078807368
"IL4I1",0.673016361686862
"CRYGN",0.673123249181751
"PRKACG",0.673161686553574
"GMFB",0.673324486301211
"SLC2A4RG",0.673477665923846
"HP /// HPR",0.67350868565841
"IQCH",0.673682398874452
"TMEM79",0.673709500748082
"RGS20",0.673732967258591
"KIAA1456",0.673765342591969
"SKP1",0.673898728615514
"KIAA1715",0.673964350057314
"HEXA-AS1",0.673976513720301
"LOC101928631 /// ZNF77",0.673998244752771
"LOC101929315",0.674057915358114
"RP5-1189K21.2",0.674077399467722
"AMPD3",0.674096006142222
"MLF1",0.674157459919412
"RGS7",0.674237017814856
"ADCY8",0.674244802791344
"KIF5B",0.674297263377196
"SLC6A6",0.674320170953846
"C21orf91-OT1",0.674390845899442
"LOC285819",0.674397567629022
"POU1F1",0.674403427985915
"ZXDB",0.674442975656285
"DCTN1-AS1",0.674490509993844
"UBR3",0.674546139426177
"LOC101928921",0.674550651106471
"PANX3",0.674624544901816
"PRDM5",0.67468624739808
"RASSF3",0.674693915785112
"CYP46A1",0.674716600412898
"FAM134C",0.674758068407849
"GNG12",0.674822027223367
"RANBP17",0.674922170771288
"R3HDML",0.674928878680361
"CENPB",0.674945529154044
"SYT17",0.67497949684798
"PLA2G4A",0.675061827706524
"RP11-490G2.2",0.675086512524032
"FLJ32154",0.675099938308235
"CACNG8",0.67522546736124
"LOC101926987",0.675242293687604
"CNOT6",0.675288255411991
"PRX",0.675329425111166
"ZNF615",0.675626215953561
"PRMT5-AS1",0.675626923534346
"EXOSC2",0.675628552446155
"TRAPPC13",0.675677733032199
"LOC101928014",0.675684177208363
"DPY19L2P4",0.675695540348387
"CAPN14",0.675711292794589
"GAB3",0.675748490049268
"ATP6V0E2-AS1",0.675763607969457
"CEP104",0.675962548064628
"ACTR1B",0.675980332510593
"PWRN2",0.676073336969497
"FLG2",0.676141700012918
"DNMT1",0.676181208873729
"SCIMP",0.676188638558721
"HORMAD1",0.67621941689736
"FAM19A4",0.676267018284004
"LINC00298",0.676280487691087
"SCAF8",0.676300527779786
"EFCC1",0.676304099239485
"AKAP8L",0.676370041448063
"RP11-67L3.4",0.676414036514892
"CNOT2",0.676482712370691
"RPL6",0.676549965731269
"YWHAE",0.676698383369572
"LOC729291",0.676729470343413
"UNC45A",0.676768236180171
"INPP5F",0.676882259105087
"TBX1",0.676894552077787
"RPS11",0.676913845518097
"RAPH1",0.676929246300364
"SHISA7",0.676989736175437
"LOC102723886",0.677229608413866
"IGHV3-54",0.67743656124567
"VGF",0.677470130331052
"MTUS1",0.677574142434757
"INGX",0.677581433497439
"LINC00652",0.677652327374347
"PVRL3-AS1",0.677668480926865
"MGC15885",0.677679954606188
"ABCA8",0.677744913307585
"COL4A5",0.677812798004396
"UBXN1",0.677813363700706
"RP11-369C8.1",0.677966728391823
"SNX22",0.678249179002626
"MLH1",0.678332362906816
"SPTB",0.678388515112769
"GFRA1",0.678441796619582
"MAGT1",0.678444751578136
"ZFP14",0.678470358515604
"ARHGAP21",0.678481850966599
"NKX2-8",0.678513195884077
"PRKCB",0.678520736593229
"CALB1",0.678534957361837
"ATP1B2",0.678564345986409
"YY1",0.678669072670975
"AMHR2",0.67869230726959
"FLT3LG",0.678717846110469
"PPIEL",0.678760849330414
"TSPY1 /// TSPY10 /// TSPY3 /// TSPY4 /// TSPY8",0.679013199557512
"HIST1H2BH",0.679027323849935
"KCNK17",0.679069721959909
"CADM3-AS1",0.67909079522757
"EXOC2",0.679167683010267
"TBC1D2",0.679195064273542
"MEIS3P1",0.679338093568392
"BPNT1",0.67934573835217
"C8orf44 /// C8orf44-SGK3 /// SGK3",0.679521193880831
"ZNF334",0.679531677582566
"FAM182A /// FAM182B /// FAM27B /// FAM27C",0.679555349448226
"LOC100289061",0.679577649198993
"FAIM2",0.679610366017306
"SNAI1P1 /// SNAI1P1",0.679617718348785
"PITPNA-AS1",0.679620040607188
"LINC00102",0.679632297539695
"SULT1E1",0.679681079362344
"SERINC3",0.679704967169811
"RPL15",0.679733031639947
"ZMAT5",0.679769969919442
"GTF3C6",0.679816520228001
"UCN2",0.679832018757252
"PIK3R5",0.679887118447768
"KIAA1731",0.679922153954328
"APLNR",0.679941971427623
"NLRP10",0.679970232842987
"MAP4K1",0.679988398371137
"SRGAP1",0.68000856208272
"LOC389332",0.680008779525996
"LOC100507033",0.680030774295551
"MGC16142",0.680080297117577
"LOC102724612",0.680108119921039
"LTN1",0.680122851982682
"POU3F1",0.680192726339905
"C16orf87",0.680216437743779
"NAA16",0.680347142415344
"WDR19",0.680441556357861
"LINC01141",0.6808042997603
"HKR1",0.68084458860712
"XCR1",0.680877313063523
"LOC101927809",0.680894427118223
"CHST4",0.681115531033495
"TUSC8",0.68117077043834
"SRMS",0.681266666857915
"LIN9",0.681305641211446
"PBRM1",0.68135489677799
"ADSSL1",0.68141806929386
"KIAA0355",0.68147439746376
"ZFP30",0.681547449119734
"COL4A6",0.681586426182494
"LINC00923",0.681779823139562
"SLC2A9",0.681786352809929
"LOC101927907",0.681791180734482
"GIT2",0.681838525557016
"PACSIN1",0.681865935264052
"FOXG1",0.681878406820129
"USP53",0.681904883272257
"GABRA1",0.681908175548808
"SUCNR1",0.682020002250367
"LINC00173",0.682027369492193
"PTOV1",0.682062412545387
"MED17",0.682102467228812
"LOC646903",0.682120959469709
"TESPA1",0.682156953330438
"SHC3",0.682312221733147
"KIR2DL2",0.682391091047057
"TMED2",0.682649777066408
"C6orf10",0.682766599179094
"AMH /// MIR4321",0.682818185713622
"LOC653581",0.682861642628349
"BRD7",0.682865144845737
"HEATR1",0.682872401020848
"OR51B4",0.68305074962094
"EPOR",0.68312297145687
"ROBO3",0.683136610104942
"OCIAD2",0.683169222284748
"SCGB2A2",0.683170716262603
"CHKB-AS1",0.683212050437621
"LINC01300",0.683264835834401
"RP11-263K4.3",0.683268282934431
"NEU2",0.683396749997929
"SDHD",0.683581910170154
"ARPC5L",0.683632079207022
"APBB3 /// MIR6831",0.683639484869115
"KIR2DL1 /// KIR2DL2 /// KIR2DL3 /// KIR2DS1 /// KIR2DS2 /// KIR2DS4",0.683641348919621
"NR1I3",0.683652991528324
"ZNF428",0.683688624287406
"DPH3P1",0.683759686443086
"JAK3",0.683864080505169
"LOC102723493",0.683879782840262
"SURF4",0.683959906075482
"CES5A",0.683976987412574
"CADM4",0.684031227303066
"MAGEF1",0.68420565130765
"PLXDC1",0.684233419776797
"LOC100128176",0.684266609614115
"TCRA /// TCRVA13 /// TRAV22 /// TRAV22",0.684299916436496
"CYP4B1",0.684331297221046
"GABBR2",0.684376667956378
"SPATA24",0.684446212190172
"KIR2DL4",0.684569122020159
"CPA6",0.684636753839086
"PLEKHF2",0.684637319809253
"GTSF1",0.684706151895329
"AQR",0.684767050213068
"LOC101929144",0.684805079496978
"YARS",0.684840511302693
"CTAGE5",0.685011443016088
"LOC646268",0.685044512088742
"SNX32",0.685056646582383
"LOC286149 /// MIR3150A /// MIR3150B",0.685144974587387
"TTYH3",0.685178619292353
"LOC100134317 /// LOC284412",0.685258281205928
"ZC2HC1C",0.685343046402193
"NANOG",0.685346447714844
"TMEM232",0.6853570119498
"DIRAS3",0.685439121580984
"ARF6",0.68556832140738
"FPR3",0.68567450482004
"TRIM32",0.685782629415437
"LINC01107",0.685784409867305
"CSMD2-AS1",0.685823658538339
"RPN1",0.685887841632943
"DARS",0.685892111549965
"PIR",0.685926501164807
"SGTB",0.685990624672803
"NCOA6",0.68606592487403
"RP1-28C20.1",0.686099256468293
"ECHDC2",0.686153868120799
"TAF15",0.686208383508721
"LOC101927734",0.686302183935792
"PRDM9",0.68631346387886
"SCAMP1",0.686355934528178
"TEX37",0.686378375230816
"HEIH",0.686397336192119
"DYNC2LI1",0.686403933559827
"WFDC11",0.686439421962863
"CDH24",0.686471408924163
"LOC148709",0.686705885468433
"LHX4-AS1",0.686740103513814
"ATP13A4-AS1",0.686938979384984
"LOC100134937",0.686943001803873
"PIGQ",0.686979058183422
"TSPYL1",0.686998948811316
"DTD1",0.687027179031811
"PRKCH",0.687068559541393
"KLHL34",0.687172989037255
"MYBPC3",0.687311892869932
"SPO11",0.687404370840408
"LOC729683",0.687452870632888
"DTHD1",0.687464544326753
"SLC25A16",0.687516235132234
"RAB33A",0.687536084358839
"MATN1-AS1",0.687583246047284
"C14orf28",0.687591222557466
"GPR32",0.687666086129806
"MAPK6",0.687824017719329
"DSCAM",0.687996387823891
"TCAP",0.688029034132396
"IRAK2",0.688062377522401
"RP3-334F4.1",0.688070166812466
"ACTN2",0.688100520868475
"ROR2",0.688103114758721
"BTBD2",0.688104463731711
"TCEB1",0.68812112710609
"CKAP4",0.688158631344879
"AP2A2",0.688205432650644
"GTF2H4",0.688213864955016
"PRDM13",0.688352883122089
"RASSF7",0.688372090232848
"PRKAA1",0.688413870565351
"SLC27A3",0.68847790557189
"TEX26",0.688512853945064
"RTN4RL2",0.688524890897611
"WNT5A",0.688565027928212
"COL7A1",0.688616916249923
"PARN",0.688766157832487
"TEP1",0.688895358516672
"ACYP1",0.688996910990273
"GRM1",0.689048145693532
"SLCO2B1",0.689058745137946
"NCOR1",0.68909906412254
"XKR6",0.689149602615956
"TEX40",0.689194517532944
"PLCH2",0.689225366664473
"CD86",0.689228922452382
"KRTAP2-1 /// KRTAP2-2",0.68924498114604
"YTHDF3",0.689265068502568
"MED14",0.689351077885435
"LOC145678",0.689514794447106
"PRSS33",0.68951817435112
"PSEN2",0.689529564596637
"FAM8A1",0.689576040769125
"ARHGEF37",0.689653373937723
"ZNF826P",0.689815939116243
"GNRHR",0.68982958379362
"TUSC5",0.689906889613974
"KRBOX1",0.689975192401085
"LOC101927675",0.690101244810219
"TMEM194B",0.690125419611354
"LOC101928539",0.690198246378237
"CALY",0.690231190050268
"FAM95A",0.690318135040789
"RP11-774O3.1 /// RP11-774O3.2",0.690323135024753
"LOC100505978",0.690328737736787
"LOC146880",0.690353568364851
"ZNRF4",0.690437851231378
"PLAC9",0.690441998707827
"ST3GAL3",0.690487149336968
"OMA1",0.690488590507833
"ZNF16",0.690524161479909
"ZNF549",0.690532015449488
"SRGAP3",0.690577257778051
"RP11-650K20.3",0.690594591408916
"SPTA1",0.690822732043817
"LINC00682",0.690879759451672
"SRSF7",0.691027139200483
"FAM43A",0.691032205814312
"RP11-549J18.1",0.691035841299456
"EPHA5-AS1",0.691118732754053
"NPPA",0.691146308913412
"LOC494150",0.691167059243753
"LINC01069",0.691170017832103
"CD22",0.691174581244161
"TBC1D2B",0.69117838116474
"CACNB4",0.691215700430885
"LOC102723927",0.691281493527282
"PER4",0.69129470861383
"C7orf57",0.691347078040307
"TRIM52",0.691476214099139
"SPTLC1",0.691537800227328
"RP11-108P20.4",0.691822036540617
"ARMC12",0.691839303496828
"MED13",0.691873010116156
"GKN2",0.691973744342404
"NELL2",0.692037825302449
"DDX5",0.692096198722797
"TRIM67",0.692152520252684
"MTERF3",0.692159485000026
"CD207",0.692177031554348
"TYMP",0.69222070373103
"HIATL2",0.692296015172667
"FKBP9",0.692340241017254
"KLC4",0.692341158784718
"C5orf45",0.692368370782634
"LOC284950",0.692370475343779
"KLF13",0.692401745863727
"LOC102467079",0.692422595240117
"KRT9",0.692461306485514
"SPOCK3",0.692473042897254
"CRTAM",0.692480264202877
"LOC100996404",0.692543741208194
"HERC2",0.692544747955416
"RPL29P7 /// RPL29P7",0.692597486320137
"MSH3",0.692687909459551
"SCGB2B2",0.692694608469751
"PFKFB2",0.692831862762822
"FLJ38717",0.692866992299787
"BRD1 /// LOC90834",0.692869387221924
"LOC102724975",0.692882602330974
"LOC100289058",0.692889381440457
"CPSF1",0.692897224645372
"LTA",0.692920885728679
"ZNF346",0.693022020016258
"BC039122",0.693069913796808
"ETNPPL",0.693077342665279
"C8orf76",0.693120320430783
"KIAA0485",0.693141260406747
"BGLT3",0.693157772015407
"NXT2",0.693180828932503
"OR5P2",0.693219655570584
"CTSK",0.69326462923823
"PTPLA",0.693394769075355
"ARHGEF15",0.693416409207438
"DDX53",0.693510851487105
"FLII",0.69353946318334
"CD2AP",0.693617960301229
"PCDH1",0.693758763164336
"LINC00939",0.693818197823969
"LINC00845",0.693857493244679
"CPSF7",0.69391343117564
"C2orf83",0.693936973568792
"MCEE",0.693962868331689
"NPCDR1",0.693990087008564
"OR51I1",0.693998591862296
"UCN",0.694011613344803
"CHRM1",0.694041097920031
"EPHA1",0.694121040287914
"SLC2A1-AS1",0.694139548078345
"RP11-1151B14.3",0.694402096124
"C15orf61",0.69449652616611
"LOC100506076 /// LOC100506123",0.694544638095907
"DLX4",0.6945607538681
"GYPE",0.694569114062196
"RP11-1L12.3",0.6946707092202
"MURC",0.694754306051241
"SIRPD",0.694835644443551
"LINC00051",0.694947106107617
"LOC440028",0.695019651581805
"ARHGDIB",0.695030200460681
"LOC101928401",0.695069772871965
"FAM167A",0.69516522316419
"ZFC3H1",0.695198602256123
"BC038755 /// PRKRIRP5 /// PRKRIRP5",0.695204437418234
"MSL2",0.695222912959787
"FREM2",0.695319486665125
"RFPL2",0.695382028354176
"RAP1A",0.695431180621581
"MZT2B",0.695466346546771
"PYROXD2",0.695480570674144
"LOC101927668 /// MACC1",0.695561513523447
"HIST1H3G",0.695598222546325
"FAM221A",0.695611175255055
"PLXNA2",0.695619767465794
"ATN1",0.695635758691441
"ARMC4",0.695679785567397
"VANGL1",0.695689517080481
"WDR65",0.695769025398567
"TBC1D5",0.695809283968689
"MAL",0.695866599656704
"KIAA1958",0.695893161752522
"ARHGAP5-AS1",0.696002681355589
"IFI30 /// PIK3R2",0.69603935680678
"PHF21B",0.696043944136422
"AGAP2-AS1",0.696098972699924
"C22orf39",0.696110837172876
"GOLGA7B",0.696262897544979
"NR5A1",0.696350742737447
"ENO1-AS1",0.696491784177459
"TMCO2",0.696573782491401
"VEZT",0.6965925695008
"ICAM1",0.696597185043034
"ZNF175",0.696609352012982
"CTD-2130O13.1",0.69667215153562
"GALNT10",0.6966939180516
"KLHDC7A",0.696714600387265
"TRPM1",0.696755612956972
"NBPF4",0.696762151338524
"AC087501.1",0.696768823143051
"CALML3",0.696801775976597
"FAM209B",0.696842347248011
"RP11-753D20.4",0.696855578742137
"LOC101927592",0.696855875891504
"LRRC23 /// RPL13P5",0.696882606019935
"CD81-AS1",0.696891361415917
"AP000473.8",0.696895363154116
"CASC1",0.696958892254255
"SPSB4",0.696964708538411
"RNF141",0.697045714465369
"IBTK",0.697059596405634
"FAM107B",0.697138680007376
"LOC647323",0.697206345486968
"MGAT1",0.697277078947744
"LINC00930",0.697304775156797
"SSTR3",0.697320330990765
"LOC100132167",0.69734883314012
"CYP11A1",0.697436364976538
"ST3GAL4",0.697568726237051
"TMEM192",0.697568970632577
"TNFSF15",0.697632046146961
"CARD8",0.697676245107396
"GCFC2",0.697712193949891
"COMMD5 /// LOC101928879 /// ZNF250",0.69777259613477
"ZNF140",0.697783441458479
"GBP5",0.69786147210828
"COLCA2",0.697923903372969
"ATP13A5",0.69800144866485
"ICE2",0.698067456732332
"IFITM3",0.698069636202417
"ATXN1L",0.698099606645355
"PRR32",0.698111500344173
"AX747031",0.698132309930496
"NIPAL2",0.698142602962213
"TSPAN5",0.698173885276718
"RAP1GDS1",0.698315939079805
"YAF2",0.698450622605583
"LILRA5",0.698463487378236
"LOC100506083",0.698470534483334
"ANKRD11",0.698517883124047
"LINC00472",0.698588226395457
"CD44",0.698663539808121
"DLG4",0.698704491801157
"GABRG1",0.698708142095044
"FAM58A",0.698757874324402
"LPCAT1",0.698802175378594
"SLC52A3",0.698834553374273
"LOC285889",0.698861504879317
"ODF2",0.698895809556118
"SNX6",0.698949638718983
"CD38",0.698982830998255
"HSPA8 /// SNORD14C /// SNORD14D",0.699000871883646
"LOC100129129",0.699006752938134
"LOC284898",0.699033827493122
"ALKBH8",0.699035566284396
"LOC100131347",0.699062682718348
"LOC102723954 /// MESDC2",0.699068446961704
"CCDC159",0.699110439142542
"PSG1",0.699111546505461
"AZGP1P1 /// RP4-604G5.3",0.699118278491516
"FAM114A1",0.699195654840109
"PANX2",0.699229699800607
"LRRC14",0.699280520783252
"HRC",0.699316779957748
"PFN2",0.699328136360074
"DCAF12L1",0.699336427335152
"MVD",0.699345473997548
"FAM189A1",0.699385305634854
"CIPC",0.699411976802897
"CBLN4",0.699535466384948
"CRLF3",0.699573892757635
"AKT2",0.699581708731092
"LINC01260",0.699634994299732
"LOC100129069",0.699647936176815
"GRIN2D",0.699693321919879
"ZFAND5",0.699751581759963
"DAZ1 /// DAZ2 /// DAZ3 /// DAZ4",0.699876691527915
"RP11-399E6.1",0.699914908790224
"SERPINA12",0.699989054557009
"RP11-471M2.3",0.700020268794033
"CC2D2A",0.700128310491203
"STXBP5-AS1",0.700260969697388
"KIAA1652",0.700301434525914
"MED12",0.70034870111002
"KCNJ14",0.700354505530233
"LOC100506107",0.700366771573214
"IGSF1",0.700381199753534
"CCDC112",0.700441408439748
"HSD3B1",0.700475757589368
"UBE2G2",0.700492276375125
"LRRK1",0.700516143457836
"PARVB",0.700519583643281
"SYT15",0.700522221676498
"NLRX1",0.700531118124873
"DKC1 /// MIR664B /// SNORA56",0.700637519753206
"SMCR8",0.700788217385393
"SPATA6L",0.70083132726014
"MAGOHB",0.700837770858387
"AGPS",0.700862261149104
"TTLL1",0.700959703601611
"C12orf56",0.701001761778869
"FRMD3",0.701011335609829
"ITPKC",0.701042999468004
"LINC01225",0.701102160765352
"ZFP3",0.701173710566983
"KDM6A",0.701213840313492
"DEFB125",0.701275155115724
"LOC101929078",0.701365261037986
"IL10RB",0.701392334109075
"RP11-384L8.1",0.701414140470117
"KDELR3",0.701417897390369
"ADH4",0.701419733480074
"LINC00467",0.701443673667119
"IRF6",0.701475689676267
"NUP62CL",0.70162627457779
"JAKMIP1",0.701768201317718
"RP11-496I2.2",0.701814724553547
"MT1H",0.701881136467513
"IDH3G",0.701881573498692
"ERAP2",0.701942164830985
"PAK1IP1",0.701962367775961
"PRDM16",0.702164775098287
"NPY",0.702193191486481
"LOC100506530",0.702297627737193
"BC036261 /// GS1-18A18.2",0.702360692280167
"USP27X-AS1",0.702397164931213
"HSD17B2",0.70242378130833
"FLJ13224",0.702434016057597
"UROD",0.702585224874121
"RP11-5C23.1",0.702644096391438
"C10orf53",0.702663534970358
"UVRAG",0.702669437490811
"CCR9",0.702687923625
"XCL1 /// XCL2",0.702725148547618
"LOC101928185",0.702740274235024
"PUM1",0.702750371419119
"MFSD7",0.702793229640983
"ZNF75D",0.702958067958693
"ZNF280B",0.702959159070918
"BMP8A",0.702976217273277
"NAV2-AS2",0.702999435893383
"SRPK3",0.703002882670273
"ARPC4 /// ARPC4-TTLL3 /// TTLL3",0.703018105159627
"TRAPPC12",0.703121083746883
"FBXO36",0.703169106459496
"SLC24A3",0.703262035281719
"FER1L4",0.703262729801094
"RBM18",0.703277824067251
"TMEM173",0.703320002677634
"RP11-305O4.3",0.703345659561238
"UBXN2A",0.703353742333013
"PDE7A",0.703373953736646
"LOC101928496",0.703417455036869
"IGF2 /// INS-IGF2",0.703441999279488
"FAM65B",0.703470886227263
"RP11-663N22.1",0.703493648416239
"CCND2",0.703501692938568
"SUZ12 /// SUZ12P1",0.70352598599382
"PSG11",0.703537668291934
"HERC6",0.703554148306292
"CCDC27",0.70363981795462
"LOC441081",0.703676518244128
"OR5P3",0.703684541730933
"BDP1",0.703703767039036
"USP10",0.703764073448411
"TNNI3K",0.703767897343489
"LIMS1 /// LIMS3 /// LIMS3L",0.703865757308514
"C7orf69",0.703910146855423
"CSHL1",0.703931401660347
"HCN3",0.704071826750789
"NUDT15",0.704235321279308
"LIPA /// LOC101926887",0.704255622818475
"SRSF11",0.70430677637119
"LINC00911",0.704387455166509
"EPX",0.704437673327451
"RAD23B",0.704566731192168
"LA16c-381G6.1",0.704582966299628
"SLC12A4",0.704595379910888
"APELA",0.704622103782362
"SLC39A9",0.704637825658757
"CDK2AP2",0.704706410573857
"LOC375196",0.704716517363248
"TMEM212",0.704735245738924
"FNDC4",0.704791000290009
"GIPR",0.704803211349411
"LOC100288778 /// LOC101930154 /// LOC102723897 /// MIR6859-1 /// MIR6859-2 /// WASH1 /// WASH2P /// WASH3P /// WASH7P",0.704833214496997
"PPP1R3B",0.704878233221048
"OR1J4",0.704889860936179
"C3orf17",0.704914059874593
"LOC101928669 /// LOC101930100 /// LOC644450",0.704971809448245
"LINC00304",0.704984366503923
"GLB1L",0.704991399469498
"ERF",0.705198430941275
"CHD1L",0.705215945219458
"HAUS3",0.705225918304341
"GOLGA7",0.705298222375517
"GTPBP2",0.705335802123863
"RP11-846E15.4",0.705424283975957
"LRRC2",0.70563951928738
"BBS7",0.705710574689654
"CTD-2199O4.3 /// CTD-2199O4.7",0.705711933420326
"GFM1",0.705854236668084
"GOLGA8I /// GOLGA8M",0.705855943782198
"SPATA31E1",0.705856783985014
"CCDC19",0.705867440325604
"GTF3C2-AS1",0.705962244613121
"HMGB4",0.705979323063383
"C6orf48",0.706069462688341
"IQCF3",0.706085676379612
"PRKCSH",0.706087478395751
"F8A1 /// F8A2 /// F8A3",0.706119609303666
"ETV4",0.706158995363952
"RBM26",0.706173822969502
"ODF1",0.706179526707595
"USP49",0.70620049254224
"INTS4",0.706253565792742
"LINC00657",0.706263808980938
"RP11-114H24.6",0.706305165022803
"LOC100127940",0.706318166547714
"ZNF79",0.706358321728091
"IFNB1",0.70636191490391
"FOXJ3",0.706386518881967
"ACTA2-AS1",0.706395923494096
"LOC146795",0.706402910599014
"LOC101929269",0.706626143881216
"MAFK",0.706686249023188
"TLE3",0.706694681202075
"FBXW2",0.706741293072125
"PHF2",0.706780138200836
"CYP1A1",0.706897085953839
"YRDC",0.706939337492984
"TBC1D17",0.706997625316495
"CTAG2",0.706998855415801
"ZNF316",0.707038527533261
"IFT81",0.707181225899601
"SMG5",0.707301911213265
"LOC101929004",0.70730501371411
"KRT27",0.707325044894247
"DRP2",0.707362986903368
"HMHB1",0.707467720488932
"LOC100506699",0.707477519585613
"LOC101928524 /// PRPF18",0.70753099874471
"SSX1",0.707598779176651
"IGSF5",0.707680486677175
"NGEF",0.707686191878269
"FZD8 /// MIR4683",0.70773733031899
"ENPP7",0.707777347010799
"MMP21",0.707873955008229
"FAM90A1",0.707879281174937
"ALMS1P",0.707906798680774
"SPACA7",0.70802382998601
"HELQ",0.708049843455683
"PHF14",0.708063634859483
"FOXRED2",0.708086280745367
"C6orf141",0.708153710129369
"MELK",0.708162380071053
"RP11-355B11.2",0.70819241080097
"ENPP5",0.708268886083432
"CALCA",0.708304946615045
"RABL3",0.708330672558156
"CTA-246H3.12",0.708408320466066
"PTBP3",0.708455431608069
"RP11-258C19.7",0.7084666041796
"IRAK1BP1",0.708472192925987
"CCNT2",0.708472775250556
"THEG",0.708513734444252
"SCOC-AS1",0.70855417190502
"MED30",0.70857396009351
"GSTO2",0.708660980714395
"C12orf76",0.708673194445993
"ZDHHC13",0.708706139861936
"UBE2B",0.708714913252172
"LPIN2",0.708892030809525
"IQSEC2",0.708901188832472
"CCDC71L",0.708928654861011
"CBX1",0.708991139490905
"ARL2",0.709042561267769
"HCG27",0.709188387308321
"RBFOX1",0.709188727420035
"PAQR5",0.709209763633256
"MYH8",0.709284980403611
"RP11-320N7.2",0.709364438031154
"C10orf40",0.709381942964381
"GAFA1",0.709426269276056
"DSCR8",0.70943609849635
"ATP1B4",0.709461554217098
"SZT2",0.709492969147458
"RP5-855D21.1",0.709596512649047
"LOC101927133",0.709624304875442
"CA12",0.709639585957014
"GLP2R",0.709639842519406
"LOC102723918",0.709712570670353
"IPO4",0.709742130830893
"AC002059.10",0.709861213271177
"TCF12",0.709875465880869
"METTL20",0.709895377690024
"LOC101928290 /// LOC101928317",0.709945182466314
"MPHOSPH8",0.709966785121508
"RP11-44N11.3",0.710002193187668
"RP11-1191J2.5",0.710005018627893
"SLC12A1",0.710048721421344
"LYG2",0.710094783332392
"LOC286059",0.710108324543382
"NPIPA1 /// NPIPA5 /// NPIPB15 /// NPIPB3 /// NPIPB6 /// PDXDC2P",0.710126803390173
"HOTTIP",0.710193293495369
"GPR37",0.710211728763598
"SEPP1",0.710217409119761
"LOC283177",0.710283522727584
"LINC00523",0.7103010786843
"ATP13A2",0.710315798707893
"PDPR",0.710438829894472
"GATM",0.710458239044179
"LOC101929064",0.710649005251545
"CATSPERD",0.710658599430266
"RDH10",0.710662934102915
"RHPN1",0.710679175843099
"ACMSD",0.710769511637732
"SFRP5",0.710772573844021
"ZNF93",0.710972662542144
"CDCP1",0.711082862568757
"LINC00645",0.711084497430846
"RP11-354I10.1",0.711171695960769
"RAB1B",0.711268682276235
"RNF216",0.711279549824197
"RAB39B",0.71129024008553
"RPS14",0.711293888393205
"FLJ12120",0.7113687662698
"VAV1",0.711404661990019
"PSMD5-AS1",0.711469299846792
"IFT80",0.711589377935271
"FAM76B",0.711649929503141
"FNDC3B /// LOC101928615",0.711689917911984
"HTRA2",0.71175926525327
"CDKN1A",0.711792406344492
"CTD-2281E23.2",0.711839512927776
"LINGO3",0.711866960113718
"SMG9",0.71189697425625
"LRFN1",0.71197438480925
"ADAMTS20",0.711998769303125
"AHDC1",0.712122049793616
"RPH3A",0.712127586653558
"AC114730.11",0.712143773547998
"CCDC130",0.712167531265282
"TGM1",0.71217323259905
"PDGFRA",0.712192581307501
"EXOC3L1",0.712473312990984
"RFX1",0.712532877189672
"FAM47A",0.712550508567353
"ZNF681",0.7126080808291
"LOC101927044",0.712730868241415
"AC004692.5",0.712737240483942
"LOC643659",0.712751807330763
"MYO18B",0.712810543315613
"RIPPLY2",0.712948272809336
"GAS5-AS1",0.713018878025314
"ECD",0.713022734056303
"AF213884.2",0.713045479526427
"MMP7",0.713243285708046
"ERO1L",0.713391605086971
"LOC101928635",0.713451655359652
"PHOSPHO1",0.713476194936456
"OR2F2",0.71348943669889
"KIAA0020",0.713501637223464
"MEX3A",0.713546846048266
"MPRIP-AS1 /// MPRIP-AS1",0.713608512252887
"PPP4R1L /// PPP4R1L",0.713639661467515
"TSGA10",0.713854048467686
"SLITRK1",0.713872217803717
"FOXF2",0.714011654842525
"RABEP1",0.714033851945077
"SSTR5",0.714070743942311
"KLHL31",0.714085064992243
"RAG2",0.71409727745669
"KCNV2",0.714120179169696
"PLEKHN1",0.714132071080806
"MORC4",0.714134833603498
"LLGL1",0.714146004897535
"PCDHB18",0.714289244784153
"TNNT3",0.714296929268272
"KIAA1524",0.7143424718382
"DEFB1",0.714406585534921
"SCG5",0.714445686328361
"ASB11",0.714451888991428
"SPG20OS",0.71462357452933
"MIR3610 /// RAD21-AS1",0.714639161655419
"RPRM",0.714788468726711
"RHOXF2 /// RHOXF2B",0.714843275394703
"AX748157",0.714853067775192
"PIGM",0.714858470947242
"ANXA7",0.714872308669091
"MIR17 /// MIR17HG /// MIR18A /// MIR19A /// MIR19B1 /// MIR20A /// MIR92A1",0.714911063925816
"SEC16A",0.714938310532872
"NPTX2",0.715047471504107
"FAT1",0.715124197633212
"TNFSF14",0.715131681843375
"LOC101929690",0.715182627045742
"CCZ1B",0.715238352936632
"SH2D4A",0.715258560580042
"PPP1R36",0.715282788096742
"TET1",0.715388801001521
"LOC100506286",0.715398043868708
"NDNF",0.715444994422936
"BC070118",0.715584918416902
"AK131021",0.715666764026043
"DOCK10",0.715704803349942
"KLHL6",0.715774853393267
"LOC100190986",0.715788636712015
"PNLIPRP3",0.715801971484019
"RP11-753A21.1",0.715821765304252
"IFNA5",0.715825460074148
"SLC26A4",0.715844935402281
"RPAP1",0.715854585726382
"UBE2O",0.715994811676872
"RP11-517C16.2",0.716231072694159
"LOC100507006",0.716249078048883
"RP4-675G8.2",0.716291701595153
"LOC100996590",0.716326747680196
"NT5M",0.716430377308295
"LHFPL1",0.716474518887447
"BEND4",0.716508265616151
"MRI1",0.71670808984979
"AK057554 /// RP11-144L1.4",0.716744065413392
"RP11-819C21.1",0.716878787611705
"LOC285766",0.716915190517
"GGTLC1",0.71693866460022
"DUXAP10 /// LINC01296",0.717003449436609
"CKAP2 /// DKFZp667J0810 /// IGLC1 /// IGLJ2 /// IGLJ2 /// IGLJ3 /// IGLJ3 /// IGLJ3 /// IGLV1-36 /// IGLV1-36 /// IGLV1-44 /// IGLV1-50 /// IGLV1-50 /// IGLV@",0.717049704392375
"UTRN",0.717060245411348
"LRP1B",0.7171117760954
"CTD-3193O13.1",0.717124683398244
"LOC101929910 /// LOC613037 /// NPIPA5 /// NPIPB3 /// NPIPB4 /// NPIPB5",0.717185470710427
"GLTSCR1L",0.717218953658442
"CDKN2C",0.717246973710041
"TM7SF3",0.717299352555988
"SLC25A46",0.717351668489503
"LOC553103",0.717361521527113
"CCNB3",0.717364736617054
"IGHG1 /// LOC100293211",0.717494367508656
"XG /// XGY2",0.717512446357514
"LBX1-AS1",0.717661685205021
"PAM",0.71778888414352
"ABHD17A",0.717810747571493
"C1orf27",0.717812020652473
"FAM47E",0.717852875144037
"SDHC",0.717873613206767
"C4orf32",0.718030064242874
"MICA",0.718157997260371
"HDC",0.718200834474564
"AFG3L1P",0.718235037061851
"RP11-157B13.7",0.718285116630459
"DIAPH1",0.718354328916042
"C2orf43",0.718388986464252
"LOC441052",0.718394970415589
"DDX10",0.71843493901278
"RTTN",0.71852206004597
"PTRH1",0.718577859390618
"HCAR1",0.718611294053515
"VPS35",0.718654262983552
"CPNE8",0.71868227693423
"SPATA19",0.718688085176907
"LOC79999",0.718834554606504
"SYPL1",0.718837238614812
"PTGDS",0.718889995457354
"RIN3",0.718902462284688
"BMS1P6",0.718923097559118
"KCNH8",0.718934499735608
"LPO",0.718977909810753
"C9orf72",0.719085806441944
"SSSCA1-AS1",0.719092533991047
"DHRS2",0.71916758561222
"RANBP2 /// RGPD1 /// RGPD2 /// RGPD3 /// RGPD4 /// RGPD5 /// RGPD6 /// RGPD8",0.719169029250333
"SPATA3",0.719190991446935
"COL19A1",0.719232704798332
"RNF167",0.719306482790944
"TBP",0.719346043892447
"TNF",0.719368772893723
"OOEP",0.719405653665814
"NR1H2",0.719459290765695
"CTF1",0.719520490415747
"TAF10",0.719520906030427
"MBLAC2",0.71956921607804
"FAM189B",0.719610602995476
"ATP6V1G1",0.719774722007304
"LIPA",0.719795601428262
"LOC101929454",0.719926270805829
"PCDH15",0.719948787470468
"HCG9",0.720123812228565
"EDDM3A",0.720145000709967
"IMMP2L",0.720275651750883
"GH2",0.720395949973248
"ANKRD33",0.720440331584933
"PRL",0.720451182494262
"C14orf166",0.720466383731011
"AGAP9",0.720490331467824
"CYP11B2",0.720579529398347
"TM2D1",0.720582214157727
"GHR",0.720920065057488
"ANKRD28",0.72098878206315
"LINC01243",0.721064009428262
"CRYGS",0.721117358806567
"CHN1",0.721224378395956
"NSMCE1",0.72122491243982
"SNHG17 /// SNORA71B",0.721242491152262
"GPR19",0.721319804826631
"ZNF512B",0.721524340913934
"TCRA /// TRAV8-1 /// TRAV8-1",0.721625676877837
"KIAA0247",0.721708000987361
"SESN3",0.721780269596707
"STXBP4",0.721900021795693
"CLUAP1",0.721924709828856
"EDNRB-AS1",0.721927871054514
"LSAMP-AS1",0.722029320907791
"HAR1A",0.722056485153227
"ZNF335",0.722063864836245
"C2orf70",0.722093408867755
"ATP6V1D",0.722119343668088
"GP9",0.722210527418587
"RWDD3",0.72239985841619
"PACRG",0.722617228677384
"CSTB",0.722624394831068
"ORMDL1",0.722660336322837
"LINC00959",0.722800041895098
"WDR53",0.722822758539143
"ELSPBP1",0.722829845179449
"RBMXL1",0.722895904642777
"SCRIB",0.722915792381257
"IL2RG",0.722919094449954
"ZNF861P /// ZNF861P",0.722969677945783
"LOC439911",0.723009019758869
"NCR2",0.723188089342177
"LINC01405",0.723210222655534
"C16orf46",0.72328183417194
"WSCD2",0.723327621459262
"C12orf55",0.7234083903008
"LINC01125",0.72342727725644
"TMEM14A",0.723511028750115
"RNF111",0.723523740567809
"LOC101928955",0.723575198880216
"SUN1",0.723579316788675
"TBX5",0.723581768753302
"LOC100506713",0.723672133332023
"KLHL23 /// PHOSPHO2 /// PHOSPHO2-KLHL23",0.723688318646353
"PAN3",0.72370976174633
"DLX6",0.723840486226728
"PCDHB14",0.723878749997787
"CC2D2B",0.723937882792391
"VCP",0.724025988287238
"KLHL40",0.724028068204334
"RNF215",0.724123398712583
"GPC5",0.724155940964553
"RPS3A /// SNORD73A",0.724394183620291
"ANKRD17",0.724489066373024
"PRDM2",0.724536787692897
"HNRNPL",0.724658224957102
"ERVW-1",0.724660634789413
"FCRL4",0.724697828934544
"SNIP1",0.724713078747635
"LOC101928995",0.724733638467478
"ZUFSP",0.724744933823075
"LOC284630 /// TTC34",0.724770305760879
"ZMYM6 /// ZMYM6NB",0.724791060267107
"LOC101927723",0.724838795824969
"TTF1",0.724903584952722
"RNF6",0.724965235087636
"GOSR2",0.724974993752331
"CTD-3064M3.3",0.725002573649748
"CDIPT-AS1",0.725006373036835
"FLJ31713",0.725077939158401
"BPIFB9P /// BPIFB9P",0.725103839693025
"NYAP1",0.725306146126617
"ARHGAP25",0.725378503115442
"LOC152586",0.725393070201585
"ARHGEF34P /// OR2A4 /// OR2A7",0.725534350832761
"LRRC58",0.725539166294723
"RNF175",0.725664248955743
"LOC101927769",0.725729731026105
"MYL12B",0.725739207088836
"SHOC2",0.725798952193518
"CTXN2 /// SLC24A5",0.725966541900811
"LOC202025",0.726051913888412
"LOC101927495",0.726055100972751
"OR5E1P",0.726091846700288
"HTR7 /// HTR7P1",0.726091949128822
"CLASP2",0.726101081693256
"CACNA1G-AS1",0.726121370246288
"HOGA1",0.72619491601935
"DNMT3L",0.726228118856498
"DLEU2 /// MIR15A",0.726377023285055
"ZNF366",0.726476825994925
"LSAMP",0.726547708429622
"GLUD2",0.726786287300454
"SLC6A3",0.726814031643012
"HTATSF1",0.726944923456525
"IL1B",0.727008187742142
"PDE6D",0.727036028651693
"LRRC18",0.727045820401162
"RCL1",0.727063311283492
"GZMM",0.727073295225773
"STX12",0.727153250525894
"IAPP",0.727193210859552
"DDX50",0.727286388749432
"CLEC3A",0.727354971950367
"CLUHP3",0.727451683252057
"ERGIC2",0.727451977978356
"EIF5B",0.727525380838932
"ADPRHL2",0.727543402147085
"HM13",0.727620559490258
"SLCO4A1-AS1",0.727741470140026
"SH3GL1P2",0.727793588856935
"LOC101928907",0.727799496573621
"LGI1",0.727806691569273
"CBLB",0.727816768205221
"FAM184B",0.727854875897625
"HSFX1 /// HSFX2",0.727865745114043
"NSF",0.727941616410817
"CYB5R1",0.7279475221969
"JUN",0.727958635599724
"MT1M",0.728134284580432
"ZNF480",0.728249601411324
"TRIM52-AS1",0.728280898173584
"FAM224A",0.728359917521921
"USHBP1",0.728458751775071
"LOC284242",0.728499938206826
"MORC2-AS1",0.728538381486781
"CNDP1",0.728564155699574
"GK3P",0.728579586102448
"LINC00294",0.728706181756011
"CCDC69",0.728712634850123
"NPHP1",0.72871433978292
"ANKRD26",0.728732248466923
"BC040734",0.728771541656053
"LOC101928306",0.728781969370833
"MYEOV2",0.728793450011931
"DNAH9",0.728853294063385
"DDN",0.72891628082434
"ZNF792",0.728948705563977
"TIGD1",0.728980997839738
"LOC257152",0.729016521126117
"SLAMF6",0.729229856200721
"PDCL2",0.729236818485037
"ING1",0.729474217979013
"PSMD4",0.729581769789021
"KRT38",0.729585784446348
"C6orf203",0.729651049429679
"NRXN3",0.72966075300832
"LOC101928424",0.729699407293847
"SFT2D3 /// WDR33",0.729895789263965
"CLEC4A",0.730026884538146
"LOC400692",0.730044708750277
"LOC100132686",0.730062752527353
"RWDD1",0.730119391184885
"SOX9-AS1",0.730194975239419
"SLC25A30",0.730351960769095
"PRO2964",0.730357442758341
"GPX4",0.730407637942454
"HNRNPA2B1",0.730417598483308
"CHIAP2",0.730448132684764
"TEX28",0.730448345944988
"SRCRB4D",0.730453308291677
"USP45",0.730474057557126
"LOC101928460",0.730490341876503
"LOC100129518 /// SOD2",0.730700200849756
"ATF5",0.730714182021948
"PPP2R5D",0.730760207315476
"RP11-295P9.12",0.730800896248975
"C9orf173",0.730818394020417
"RANBP10",0.730818691119939
"BTC",0.730820300510522
"LOC101929475",0.730922090811465
"SNX10",0.730924732369012
"LOC101927359",0.7309263544024
"MIR205HG",0.730960919622196
"RP3-486D24.1",0.730975115815766
"CELA3B",0.730995003736716
"RP11-524D16__A.3",0.731005979848792
"CHAD",0.731023570731604
"NME4",0.731144718430911
"CTD-2287O16.5",0.731151363505287
"ACOT6",0.731191706500186
"GAGE1",0.731380391834431
"NR1H3",0.73143425138306
"FAM220A",0.731463915826929
"TP53TG3 /// TP53TG3B /// TP53TG3C /// TP53TG3D",0.731504919791265
"RBM14-RBM4 /// RBM4",0.731510757737242
"UBOX5",0.731515866080758
"UGT2B4",0.731526123399741
"DEF8",0.731570235128306
"RP11-285F7.2",0.731578775483201
"ZSCAN12",0.731601711278629
"ZBED1",0.731631821570713
"E2F5",0.731642506979131
"DGCR10",0.731798544420146
"COMMD3",0.73181767724773
"IMPAD1",0.731945733016226
"ZNF565",0.732083651260303
"PLP1",0.732087899196717
"LL22NC03-N14H11.1",0.732124026674152
"STX17",0.732209709492818
"UBASH3B",0.732290636441004
"GRPEL2",0.732346576830149
"GAPT",0.732356541106693
"BTBD3",0.732384641010748
"PSG4",0.732393273359196
"SSTR4",0.732416175786316
"CEP250",0.732509990448756
"C2CD3",0.732590997406486
"BET1L",0.732660770515353
"MPO",0.73266827383645
"ATP2A1",0.732670074396386
"RP11-673E11.2",0.732750115933475
"STRAP",0.732845088194698
"JRK",0.732857989609607
"MZB1",0.733085037166289
"LOC374890",0.733133149004317
"TNFSF13B",0.733157620460992
"LOC400768",0.733172117653601
"VSIG1",0.733325301830595
"DUSP19",0.733499323877076
"SNORD8",0.733522765166966
"MMP17",0.73352635578624
"LOC101928669 /// LOC644450",0.733532901551776
"KISS1R",0.733580683339757
"LRRC4B",0.733646848698875
"ZNF853",0.733655394579705
"N4BP2",0.733667342810796
"SPATA33",0.733691957832187
"SLC25A31",0.733708324261236
"HOXD10",0.733753451541856
"CNNM1",0.733778079989913
"CAMTA2",0.733787440726921
"ZNF687",0.733794238662824
"ERMARD",0.733844454511989
"LINC00958",0.733884778641347
"LRRIQ1",0.733923819305618
"B4GALT6",0.733964548737248
"MGAT4C",0.734056941382662
"GNAZ",0.73409142591212
"SCYL3",0.734109957658243
"PPP6R1",0.734163061084133
"DNAJC4",0.734218801263433
"ARL4A",0.734249081541769
"RP11-292D4.3",0.734292046659852
"CHRNA4",0.734362628688503
"LOC399884",0.734370044148445
"MGAT3",0.734401304358381
"CPAMD8",0.734414146571778
"SNUPN",0.734435946316196
"SLC35E1",0.734443175718559
"ZNF649",0.734485722282976
"RP11-421E14.2",0.734537570316182
"H1F0",0.734544844062131
"ATP6V0E2",0.734623032966083
"ROPN1",0.734742140772903
"PPP2R2A",0.73487555121643
"CTB-102L5.7",0.734891382089696
"NPIPA5 /// NPIPB3 /// NPIPB6 /// NPIPB8",0.734916786245191
"SLC29A4",0.73516968873402
"LOC101928433",0.735309513180239
"LOC101930602 /// SLC14A2",0.735335972787638
"KIAA0100",0.735429048368103
"C2orf81",0.735488570894722
"BC032415",0.735570566404046
"WFDC10A",0.735618050212683
"KIF23",0.735647420762324
"LSM14B",0.735698827685997
"ZNF169",0.735787035734089
"KYNU",0.735889429085991
"STIM1",0.735892236669345
"PCNT",0.736000722474215
"ALS2CR12",0.736003288375936
"RP11-613M5.1",0.736027860122252
"LOC283214",0.736095506184872
"ZSCAN2",0.736159391036316
"LOC403323",0.736188765469514
"LMBRD2",0.736235190066156
"LOC100506272",0.73629468297081
"ST8SIA5",0.736362946845048
"NAT8B",0.736384360503463
"MIR4800 /// MXD4",0.736419761184576
"UPRT",0.736443509025702
"NUMB",0.736458783907226
"SEC24C",0.736491765912535
"ABCB8",0.736517315645952
"ACO1",0.7365479411405
"LOC641515",0.736564746866049
"ZNF114",0.736580250766068
"PIP5KL1",0.736839697051592
"ZNF32-AS3",0.736858089274901
"ABCC12",0.736867844599827
"LOC102659288",0.73689168124225
"RSRC1",0.736982038073728
"KLHL17",0.737064934126157
"PTMAP1 /// PTMAP1",0.737073681775588
"ZNF221",0.737142351072909
"WDHD1",0.73717200661674
"LOC441178",0.737218483381305
"R3HCC1",0.737261191898109
"ALDOB",0.737365399438892
"GNE",0.7373717966788
"LINC00427",0.737500885736979
"SLC25A53",0.737583569686651
"UBE3A",0.737740649725795
"SNRNP48",0.737786463218028
"DGCR12",0.737866361900405
"KRTAP19-3",0.737911023870073
"C12orf74",0.737940121338821
"LOC101927060",0.737970743496307
"PLEKHH3",0.737973522952498
"FANCB",0.737981812506238
"MMP26",0.738020453932521
"OR3A3",0.738027160163472
"TTLL7-IT1",0.738100240200012
"ZCCHC12",0.738121860552801
"RP11-210K20.4",0.738203137728893
"SLC25A2",0.738231975218295
"ZNF462",0.738238308680066
"PEPD",0.73826440514959
"PRF1",0.738283722344971
"SF3B6",0.738337553118801
"KCNK7",0.738366492188486
"GM2A",0.738383167037285
"PLGLB1 /// PLGLB2",0.738474477577906
"C1orf86",0.738493300688748
"PGM3",0.738540195872677
"AP001605.4",0.738567198028541
"GJD4",0.738570615824534
"BZRAP1",0.738610257449235
"BOLA2 /// LOC101060386 /// LOC101060596 /// LOC101060604 /// LOC102723773 /// LOC613037 /// NPIPA5 /// NPIPB4 /// NPIPB5 /// SLC7A5P1 /// SMG1 /// SMG1P1 /// SMG1P2 /// SMG1P3 /// SMG1P5 /// SMG1P7",0.738621403750539
"ZPR1",0.738631224623117
"RDH8",0.738675939726593
"B3GALT4",0.738741812450545
"LRSAM1",0.738751513493306
"ANKZF1",0.738756233135285
"GALNT9",0.738762744300224
"DPP4",0.73880140357058
"REC114",0.738813111613531
"LOC340340",0.73884824604316
"FLRT3",0.738860120479584
"NAV2",0.738885416393686
"CATSPERG",0.738903547798571
"MXI1",0.738915729530284
"ZDHHC11 /// ZDHHC11B",0.738983365780598
"MRPL49P1 /// MRPL49P1",0.73900129675871
"OR7A5",0.739035379596078
"TM7SF2",0.739105487515768
"MBD4",0.73914549459825
"ENDOV",0.739211491289185
"FAM132A",0.739248947170949
"USP33",0.739251999874901
"PREX1",0.739286505855919
"KLHL18",0.739302036108407
"TTC12",0.739334369780515
"FHIT",0.739374616983656
"LOC643072",0.739378134732098
"RP3-525N10.2",0.739453500514355
"ZNF788 /// ZNF788",0.739664943944202
"CNST",0.739739236620015
"LOC100505985",0.739817662247187
"BC041947 /// RP4-630C24.3",0.73983490596638
"MARCH2",0.73983523408828
"IRF7",0.739842635056508
"IDI2-AS1",0.739844986864387
"EFTUD1",0.739961344771467
"LOC645984",0.73999837435349
"ARHGEF1 /// LOC100505585",0.740025425709365
"RP11-517B11.7",0.740164181896196
"STRN3",0.740228396960825
"PTP4A1",0.740312418282561
"EXD2",0.740317783578166
"MRPL17",0.740394132812877
"LOC100505835",0.740426126553047
"CRISP3",0.740453726432693
"KIR2DS3",0.740477545621427
"LOC101927553",0.740505166845606
"GTF2F2",0.740589634529547
"CELF2",0.740594188587356
"CPNE1",0.740621784943108
"FGF16",0.740622355918857
"LOC100506282",0.740651556959098
"SLC39A3",0.740667936527934
"SEC14L5",0.740685718059058
"VSTM2A",0.740699570021733
"CHMP1A",0.740701335905905
"KLK14",0.74075686036973
"PPP1R3F",0.740793769951617
"SLC7A10",0.740802393880485
"HTR1A",0.740819211106455
"PARD3-AS1",0.740824821630972
"MESDC2",0.740853108981801
"STK10",0.740866647534675
"CIRBP-AS1",0.740915483051759
"ENDOU",0.740947410807343
"GPIHBP1",0.740973704847838
"KIAA1661",0.740981702599121
"SPATS2",0.741002742468317
"FANK1",0.741042387412596
"CKLF",0.741046180067556
"TMEM243",0.74104870139767
"MGC15705",0.741084905533478
"FLJ38576",0.741116188359988
"RP1-151F17.2",0.741159850833448
"TDRD9",0.74116276261965
"SYTL5",0.741218304641052
"DUSP11",0.74125533767503
"PNPLA3",0.741328011315408
"EGFR",0.741404464169431
"RASL10A",0.741414322038669
"MS4A6E",0.741464150345785
"HNRNPA1",0.741562108843886
"CDADC1",0.741680150844181
"YBEY",0.741701357702517
"PCNXL3",0.741716945330215
"SSR3",0.741851549775037
"LOC100508631",0.741858104707203
"HBB",0.741923155451226
"SHCBP1",0.741997273570569
"RSPH6A",0.742212365924058
"DSP",0.742252560108266
"BMS1P17 /// BMS1P18",0.742339247960363
"CLIC1P1 /// CLIC1P1",0.742369353421476
"NFIA",0.742371224783842
"TAF3",0.742409361115706
"LOC645166 /// LOC654342",0.742467528454144
"FOXO3",0.742588745191123
"REV1",0.742640299046417
"NAT16",0.742696234556622
"RP11-631N16.2",0.742729243812635
"SOX5P /// SOX5P",0.742734994523154
"PABPC1P1 /// PABPC1P1",0.742775266524496
"HIST1H2APS4 /// HIST1H2APS4",0.742797955025369
"HCRTR2",0.742873172254327
"ELMOD2",0.742883978531639
"GDF3",0.742925324295196
"WASF3",0.74298510257673
"LINC01136",0.743044519983602
"IFNGR1",0.743051505652595
"MBOAT7",0.743190554577908
"LOC100130456",0.743201494906775
"SIX3-AS1",0.743262402314173
"SRSF12",0.743341178020911
"MAG",0.743375950623164
"ZAN",0.74339180077867
"ANAPC16",0.743459186867648
"AGXT2",0.743477369281674
"LOC101928043",0.743503022550452
"MID1",0.743511532791405
"BC041363",0.743541858779611
"PSKH2",0.743552123056861
"IL36A",0.743575417899529
"GLRX3",0.743587266034915
"MCM3AP",0.743657481578944
"TMCO5A",0.743711431542659
"DNAH8",0.743781454982792
"MKL2",0.743816205756537
"RP11-1007O24.3",0.743817820107667
"HAO1",0.743894332888658
"LOC101928682",0.743996797448465
"LOC101928449",0.744008306414994
"BMP7",0.744012451208264
"HOXA10-AS /// MIR196B",0.744029436167355
"PRPF18",0.744058574350363
"EPDR1",0.744081450174353
"SLC25A40",0.744125176837004
"LOC101928535",0.744225949405121
"UCK1",0.744239683829758
"UNKL",0.744244776385792
"TTLL11-IT1",0.744252903979561
"RP11-413B19.2",0.744278164570056
"C17orf47",0.744294800213128
"ZNF658",0.744333429238858
"CMIP",0.744363165293128
"LOC101929460",0.744412483547445
"SCD5",0.744450145216217
"CD63",0.744453280701505
"RP11-471B22.2",0.744482095947676
"ITIH5",0.744562968851377
"LOC100505570",0.744571222060135
"PTAR1",0.744658434550917
"RP11-12M5.1",0.744703041060014
"LOC101926943",0.744725935724968
"GJC2",0.744775640769738
"FOLH1",0.744826236817489
"LOC219688",0.744845662998011
"BEX4",0.74487548612413
"DLG5-AS1",0.74498337541402
"RPLP1",0.745066717933386
"MICA /// MICB",0.745086192646453
"CABP4",0.745178252049187
"LOC101060691",0.745183292170152
"MYLK-AS1",0.745243730683862
"FKBP1A /// LOC101929368",0.745266954671917
"C1orf43",0.745348355084283
"LINC00641",0.745399531825737
"SPPL2A",0.745415485290308
"XAF1",0.745487254664185
"RRBP1",0.745515782069657
"A1BG",0.74564888864445
"GNN",0.745649882794294
"ROM1",0.745674102883022
"UPF2",0.745782750412995
"RP11-574H6.1",0.745850834345739
"HSD17B14",0.745892355214687
"ZNF432",0.745930523360983
"LOC646484",0.746015548400662
"FLJ20518",0.746035644448806
"MROH9",0.746103219195426
"AB488780",0.74618224210393
"SPATA7",0.746352470897691
"RP11-118G23.1",0.746380693099662
"EREG",0.746382838537147
"NDUFAF7",0.746428598462945
"IPO9-AS1",0.746433366982854
"KCNRG",0.746463398544662
"TCL1B",0.746491580501542
"CYP4Z1",0.746614804191434
"NMU",0.746682097119465
"GOLGB1",0.746756347331334
"JAK1",0.746845781434097
"FLJ16734",0.74688842732246
"MAPRE3",0.746899495104952
"CCDC23",0.747056013700174
"ZNF865",0.747133301918106
"CTD-2083E4.7",0.747146880648117
"LOC728084",0.747157879929974
"RGS8",0.74723837323255
"NFYB",0.747278679808531
"TRAF7",0.74732574442404
"FGL1",0.747380293592589
"MAPRE2",0.747393409427124
"ACADVL",0.747453031693896
"SMPD1",0.74750670247181
"KBTBD6",0.747536932283021
"SLC51A",0.747538646167221
"VMO1",0.747553717376717
"MRPL50",0.747727037581072
"ASPH",0.747779424010166
"AKR1E2",0.747842422359521
"EID2",0.747969756292105
"MAP3K14-AS1",0.747993687521753
"PSPC1",0.748025944064099
"VWCE",0.748155228638983
"P4HB",0.748171342755674
"ZNF295-AS1",0.748307077428146
"PTCSC1",0.748407866534077
"DAOA-AS1",0.748510007888322
"SPATA2L",0.748608179457252
"RP11-10K16.1",0.748650297329186
"LOC101927051",0.748775700238065
"CYP2R1",0.749012951201648
"BC127192 /// SHANK2",0.749018520896344
"NIP7",0.749024292173803
"LOC101060429 /// LOC101930013 /// LOC101930075 /// LOC399491 /// NPIPA1 /// NPIPA2 /// NPIPA3 /// NPIPA5 /// NPIPA7 /// NPIPA8 /// PKD1 /// PKD1P1",0.74913396420949
"POMGNT1",0.749139656751634
"RBMXL2",0.749209060280954
"PPP4R4",0.749257179311052
"ZNF76",0.749310520878124
"MBL2",0.749322724529937
"CATX-1",0.749457300299485
"FADS3",0.749501335145451
"MT1HL1",0.749592052508596
"FKBP8",0.74964993536684
"EEF1B2 /// SNORA41",0.749719802979446
"LGSN",0.749782571407699
"CDK5RAP2",0.74978732407699
"ZNF197",0.749793621324862
"GDF15",0.749896039580521
"LAMB4",0.74991393285615
"IL1F10",0.749985263927907
"ATG9A",0.750190814223111
"TMEM150A",0.750213014341233
"TNPO1",0.750305401217382
"FLJ41170",0.750403807679126
"API5",0.75045430435415
"CSMD3",0.750461885972509
"RSPO1",0.750737882978798
"RP5-894A10.6",0.750838165509275
"VPS13B",0.750845169476418
"C16orf82",0.750846528429259
"CIB1",0.750890225953589
"GPAA1",0.750908470863155
"TSPAN32",0.75095381805719
"C4orf48",0.750975207669635
"FADD",0.750993915281106
"LYN",0.751133490781099
"VPS36",0.751164343773949
"MANBA",0.751199300513818
"CHMP3 /// RNF103 /// RNF103-CHMP3",0.751211407211833
"DCAF5",0.751224234701264
"CUL2",0.75128498243992
"UPK3B",0.751320073513484
"CRB2",0.751389417418957
"LACE1",0.751404660115125
"CXorf40A /// CXorf40B",0.751505582450034
"GK",0.75155831410545
"LONRF3",0.751618557557727
"LOC100505592",0.751668339098791
"CCDC173",0.751690330667911
"MIR6875 /// TRIP6",0.751774511176685
"CCDC110",0.751886118906538
"SLC9A6",0.751907405979849
"TAS2R14",0.751915844568431
"CD27",0.751994801234775
"METTL12 /// SNORA57",0.752063543835729
"LOC100422781",0.752085759186768
"ACSL3",0.752192037057571
"RP13-487P22.1 /// UBE3A",0.752215972261005
"CEP170B",0.752281707518927
"TLR10",0.752303692985073
"CC2D1B",0.752390399591934
"CCT4",0.752396528628979
"AP3S2 /// C15orf38-AP3S2",0.752419660483507
"RP11-348N5.7",0.752450503731635
"ZNF638",0.752461908056862
"KLHL11",0.75250583114695
"MKNK1",0.752568327536804
"ZNF155",0.752596002200291
"MEIG1",0.752612338422228
"C8orf37",0.752612811350744
"FLNB",0.752626656759117
"BOP1 /// MIR7112",0.752646199578418
"PCF11",0.752696268113402
"RP11-389C8.2",0.752748610300325
"HIPK1-AS1",0.752770986783751
"CPEB2",0.752792504411782
"TRIM78P",0.752809208878638
"NGDN",0.752863761041271
"ATOH7",0.752908611026685
"HLA-DQA1",0.752920379385688
"VPS72",0.75295178880247
"NUP98",0.753005156719893
"HIST1H2BB",0.753024770875891
"ADAMTS15",0.753065399647002
"OCA2",0.753071374042965
"LOC101929648",0.753088425502757
"LOC100134822 /// LOC100288069 /// LOC100996442 /// LOC101927270 /// LOC101928344 /// LOC101928670 /// LOC101929540 /// LOC102724409",0.753133210105951
"IQCH-AS1",0.753137039980541
"DBNDD1",0.753160953491078
"METTL22",0.753268603809679
"HSPA5",0.753280588953754
"USP21",0.753389286857113
"HERC2 /// LOC101929047 /// LOC101929832",0.753402732585609
"AK123826 /// RP11-510M2.2",0.753422478573679
"CAPN10-AS1",0.753619234446462
"BMS1",0.753638795304477
"DCBLD1",0.753842144511373
"TMED7 /// TMED7-TICAM2",0.753918558370831
"MNT",0.753956657555316
"PPM1J",0.753959156114908
"MIR4315-1 /// MIR4315-2 /// MIR6080 /// PLEKHM1 /// PLEKHM1P",0.753974682519038
"DPEP1",0.75398008905909
"MORN1",0.753992331607058
"KRT79",0.754064460612764
"LOC102723704",0.754203383756249
"SNORA37",0.754250142920481
"SLC7A14",0.754272686303488
"LOC101929312",0.754393098657979
"SLC9A5",0.754483884696453
"ATP6",0.754516159632337
"RPL17 /// RPL17-C18orf32 /// SNORD58A /// SNORD58B /// SNORD58C",0.754528707923364
"CYP8B1",0.754533897318098
"LOC100652768",0.754576277381791
"MIR6741 /// PYCR2",0.754657755098776
"TAS2R39",0.754710859690526
"MDM2",0.754739480824924
"SAMSN1",0.754833334708359
"OXCT2",0.754852642679114
"LOC101926962",0.754856424607908
"SPERT",0.75486619658104
"MRE11A",0.754887081372172
"PM20D1",0.754911019036744
"BC040833",0.755040883634849
"PACS2",0.755061937991403
"LINC01355",0.75506683732241
"TMEM147",0.755144655248777
"OBP2A /// OBP2B",0.755166427141236
"IMPA1",0.755197390013419
"LOXHD1",0.755206888365429
"PRR3",0.755224880204352
"TATDN1",0.755298265014935
"LOC286359",0.755364668271388
"NAA15",0.755448301445639
"UTP11L",0.755486747472759
"NBN",0.755496688053744
"ISG15",0.755552967106891
"EFCAB14",0.755568295498216
"C2orf54",0.755628378852384
"IGHA1 /// IGHA2 /// IGHG1 /// IGHG4 /// IGHM /// IGHV4-31 /// LOC102723407",0.755779150788918
"DTWD2",0.755822317290004
"BC034423 /// RP11-966I7.2",0.755839042328409
"DNAJC28",0.75590675960056
"TRIO",0.755974121602864
"ZFYVE16",0.755976620240321
"RASA1",0.756005906893152
"B3GALNT2",0.756100118608112
"SHANK1",0.756112101105324
"ZBTB44",0.75616134933509
"DHDH",0.756203442314216
"INTS4L1",0.756203516986719
"DHRS7",0.756271334019352
"LRRC16B",0.756284312889563
"WDR27",0.756298078926806
"GJA10",0.756396232022201
"ANGPT4",0.756411055308989
"AGAP2",0.756437611864219
"FBXO11",0.756503452687823
"UPF3B",0.756518289501657
"CCR10",0.756600374998171
"C5orf55",0.75667904533692
"GLRA2",0.756681950976003
"KLRC4",0.756704859692308
"CFLAR-AS1",0.75676483764979
"SLC2A2",0.756857197435813
"DNTTIP2",0.756930061108516
"LOC101929855 /// LOC102724851",0.756960611026857
"MIR6513 /// TMBIM1",0.756968184853459
"LALBA",0.757029488092284
"CNBP",0.757042315947393
"C19orf83",0.75706612751721
"RP11-475A13.2",0.757089177757638
"EEF1A2",0.757121172485256
"LOC101929040",0.757229445969029
"DYNLRB1",0.75732271187037
"AHSP",0.757392614689314
"S100A7",0.757430843763085
"LOC100505938",0.75744076055454
"FITM1",0.757449971214567
"RP11-457I16.2",0.757484314620358
"DQ588163",0.757514026623559
"TANGO6",0.757629718757301
"SIT1",0.757684569535169
"RAB28",0.757748203306629
"RP11-366L5.1",0.75784780360093
"LOC285300",0.757899839760985
"DKFZp564H213",0.757934350860343
"SMIM13",0.757949984284924
"SPRED2",0.757994795263158
"RP11-17A4.3",0.758067086755507
"TLX2",0.758102447234761
"GHRL",0.758111021126315
"RPF2",0.758123558448535
"GREM2",0.758172101590417
"ZNF33A",0.758202422275834
"ZNF285 /// ZNF806",0.758208414344129
"CLTCL1",0.75821331876318
"MORN5",0.758246481992926
"TCTEX1D1",0.758249102980276
"LOC101929684",0.758294582790497
"DIO3OS",0.758294873111056
"ZGRF1",0.758301293812817
"ZNF286A",0.758302112929917
"MIR17HG",0.758510290372741
"MAPK8IP1",0.758524551185723
"STAG3L2 /// STAG3L3 /// TRIM73",0.758545082672194
"LOC100505920",0.758658248960786
"SPRNP1",0.758693991193411
"PTPN7",0.758738442140425
"OSBPL9",0.758789506319168
"LINC01091",0.758830888434766
"ANKRD55",0.758841641049685
"LINC01257 /// LOC101929974",0.758893549261299
"LINC01139",0.758896792487831
"ASB3 /// GPR75-ASB3",0.758963481514435
"LOC440117",0.758997097663016
"PDCD7",0.759016909257705
"METTL23",0.759032561702748
"RCAN1",0.759106796495609
"LOC283737",0.759116684158639
"RP1-181J22.1",0.759437233220245
"RTN1",0.759462677603723
"KRTAP3-3",0.759597879966022
"BMX",0.759605050447502
"NUCB1",0.759625384182158
"MYOZ2",0.759634135756256
"LOC102723661",0.759660161665094
"LINC00868",0.759689836755462
"MAN1B1",0.759695885966251
"TTC40",0.759737120426242
"RP11-708J19.1",0.759754789890243
"LOC101929279",0.759824496481274
"HOMEZ",0.759865748594665
"EVI5",0.75990911321275
"CAPZB",0.759943130713833
"CERK",0.759957655407125
"NUPR1",0.759977129179475
"LINC00341 /// SYNE3",0.760011809522767
"LTBP4",0.76009658554237
"NEFL",0.760146070388525
"VSTM2L",0.760204891378397
"CYP4F11",0.760230521218026
"KRTAP5-AS1",0.760422055886743
"AFF1",0.760480628413424
"RPA3OS",0.76048890357299
"PMP2",0.760507937076127
"MAMDC2-AS1",0.760537498942907
"APOA2",0.760591574678028
"LOC101930075 /// LOC102724993 /// NPIPA1 /// NPIPA2 /// NPIPA3 /// NPIPA5 /// NPIPA7 /// NPIPA8 /// PKD1P1",0.760618752072262
"AC008746.12",0.760659677433433
"LRRC37A16P /// LRRC37A16P",0.760735535179371
"CDKN2D",0.760745823336711
"ZBTB40",0.760778092628335
"PLCG1-AS1",0.760804434182908
"SOHLH2",0.760857213183326
"MED15P9",0.760886022746687
"CA9",0.76092441241033
"THAP1",0.760962291840873
"OSTC",0.761082903342281
"CBLN2",0.761094280737802
"KCNH7",0.761162087673221
"CPNE6",0.76128179514097
"LOC100288238",0.761329067237133
"RNPEPL1",0.761351143583905
"N6AMT2",0.761398817390522
"ELK4",0.761429331404519
"UCHL5",0.761551408474013
"NXF1",0.761626527837014
"DPY19L1P1",0.761777226806316
"BC005081 /// RP11-284F21.10",0.761805414484644
"LINC00263 /// PP7080",0.761922094369329
"IL1RL2",0.761965820593669
"ZNF571-AS1",0.76201137635002
"ARPC3",0.762125735789649
"LOC101929857 /// LOC101929864 /// SLX1A /// SLX1A-SULT1A3 /// SLX1B /// SULT1A3 /// SULT1A4",0.762174755176537
"CYLC2",0.762204390063568
"FIGF /// PIR-FIGF",0.762351637030839
"NCK1",0.762364508097556
"VAX2",0.762375460461993
"LOC91450",0.762418634022967
"FSCN3",0.762419605035742
"ERP44",0.762553675490897
"LOC101928708",0.76266858460679
"LRRC61",0.762865971158768
"LRRC69",0.762876197832928
"RP1-190J20.2",0.763024764878174
"LOC100506476",0.763031315511529
"PLP2",0.763150212813561
"PUS7L",0.763306202591065
"SLC46A3",0.763315680252177
"CTD-2619J13.13",0.763349932750043
"TBXAS1",0.763357632248913
"WI2-89031B12.1",0.763414698922688
"PHACTR3",0.763425407041989
"FAM170A",0.76356198635038
"LOC284373",0.763624687059052
"RALGAPA1 /// RALGAPA1P",0.763648499673083
"RP11-48B3.4",0.763732145234328
"B3GALT6",0.763809870516278
"ZNF23",0.763842699309651
"RUNDC3A",0.763882701544742
"FATE1",0.76392604628985
"RP11-845C23.3",0.76395493307945
"RBM8A",0.763963243721947
"PAX1",0.764006469892293
"NDUFAF3",0.764079092946797
"CEP63",0.764129279655796
"MMD2",0.764175272465893
"ORM1 /// ORM2",0.764230299899628
"MAML1",0.764274521540806
"IFNK",0.764436069773446
"KCNQ1DN",0.764769627575355
"DEFB122",0.764786251550342
"SLC7A2",0.764813913542387
"CCL25",0.764834173390664
"MRPS31",0.764929313261672
"AF075036 /// OR7D2",0.764955316195932
"LOC102724884 /// LOC728613 /// PDCD6",0.764958826915422
"RP11-108B14.5",0.765041799699092
"SLC39A2",0.76505204626571
"LINC00857",0.765123649531086
"LMX1B",0.765125631472728
"LRP3",0.765283324676022
"NDRG4",0.765359547139409
"PIGO",0.765420305730537
"C21orf90",0.765444840669486
"ARL1",0.765533746871966
"SARAF",0.765663811235866
"TMEM139",0.76570886265853
"RP5-1118D24.2",0.765796469195272
"CXorf23",0.765823801094955
"PTPRC",0.765828620945962
"LOC101927965 /// LRAT",0.765890029422854
"NBEAL1 /// RPL12",0.76589635911614
"LOC101928834",0.765906821177639
"RIN2",0.765927660188852
"CETN3",0.765933391706318
"LOC401913",0.765933870755497
"RP11-288H12.4",0.766006029730839
"NHLRC4",0.766067912210494
"LOC151484",0.766095315853962
"GALR3",0.766117584464845
"LOC101928464",0.766162194507101
"RP11-111J6.2",0.76624642089289
"RAB3IL1",0.766253136556035
"CDA",0.766292226557263
"ZNF277",0.766311901118741
"CDK5R1",0.766332893190536
"HAGH",0.766358536119773
"LOC100289473",0.766379095803032
"PTPN9",0.766489921257543
"KALP /// KALP",0.766503701197028
"LOC100288778 /// LOC101930154 /// MIR6859-1 /// MIR6859-2 /// WASH1 /// WASH2P /// WASH3P /// WASH7P",0.76651814905497
"CEP152",0.766672053064344
"PPP1R15B",0.766696392230581
"GFRA4",0.766718407490713
"SIX5",0.766734091185927
"LOC101929372",0.766823131800695
"UBE2E1",0.766884254749637
"AX747261",0.76689865487529
"KIAA1654",0.766982250212543
"ZBTB33",0.76698562411659
"FRMD7",0.766993056157252
"RP11-231C18.1",0.767008560743706
"XKRY /// XKRY2",0.767196315911099
"LOC101927079 /// LOC727924",0.767201593344032
"C6orf99",0.767252621135709
"KCNK16",0.767257142600703
"LBX2-AS1",0.767435972966437
"PTGER4P2-CDK2AP2P2",0.767603758805504
"LOC101928521",0.767666847833486
"USH1G",0.767749058094384
"MLNR",0.767850806779194
"AARS2",0.767869904105087
"BC047615",0.767896906806499
"LOC102723845",0.767930568614437
"SMC6",0.767958618603794
"LOC441666",0.768068873902435
"RP1-149C7.1",0.768102155036669
"C15orf62",0.768133226754444
"HAUS6",0.768152321077257
"PNPLA2",0.768288558901432
"RP11-324J3.1",0.768340140045122
"CCNL2",0.768390807208698
"CFP",0.768406549051285
"ZNF124",0.768435703853699
"SLC4A10",0.768446793041292
"LOC102724842",0.768449051030205
"ASCC1",0.768466517235689
"RSPH4A",0.768469459024676
"JOSD1",0.768501935278927
"LOC101928813",0.768554432657136
"RHBG",0.768663577857507
"TBCK",0.768672817287923
"TRIL",0.768785005184238
"DISC1 /// TSNAX-DISC1",0.768818557786143
"CXorf40B",0.768879583293068
"UGP2",0.76892802029939
"FAM47E /// FAM47E-STBD1 /// STBD1",0.768941442305016
"DQ576800",0.768976586201771
"FLJ20712",0.768998680034586
"HPGDS",0.769061223010483
"RP11-472K22.1",0.769168044111027
"ZNF611",0.76929714235814
"ARID2",0.769513132683669
"VCPIP1",0.769569549913191
"SLC15A1",0.769807227271467
"C1QTNF1",0.769827469654254
"MAGOH2",0.769858853546538
"RGMA",0.769887648876549
"MST4",0.769897714300759
"NONO",0.769930156108744
"ZC3H7B",0.770031808502082
"CREB3L1",0.7700600970214
"TAPT1",0.770155039743882
"ZNF29P",0.770159528124482
"AFF3",0.770160950576081
"FAM27B /// FAM27C",0.770273039076118
"LOC100506990",0.770370510527184
"USP32 /// USP6",0.770444503364541
"LINC01220",0.770517396737018
"GK2",0.770545189826274
"EPB41L4A",0.77057413200046
"DGCR5 /// LOC100287576",0.770699662839788
"CDK10",0.770796174007916
"BC039681 /// RP5-1157M23.2",0.77080978987857
"ZNF474",0.770831574932684
"SLC18A3",0.770903136222881
"SLC12A7",0.770919171056663
"CD300C",0.770925713135029
"ANKFN1",0.770997739161776
"LOC100130264",0.770999444262114
"CIB4",0.771025064099264
"CASK",0.771058235207684
"MYOD1",0.771073562738405
"TMEM225",0.771108389237737
"PRR18",0.771128374972423
"ZNF470",0.771148948182064
"ANKHD1",0.771208717813212
"GPR62",0.771247481658734
"FADS2",0.771254108994084
"LOC102724965",0.771431657279198
"LINC00954",0.771534385972201
"GPR56",0.771542456199055
"SMC1B",0.771641608123562
"NAA25",0.77165166282152
"OSTCP1",0.771655789349587
"DRD1",0.771998386599675
"LOC101928491",0.772014783904343
"LOC101928963",0.772193667135196
"DSPP",0.772212812011286
"OR10H1",0.772238179886195
"SCNM1 /// TNFAIP8L2-SCNM1",0.772239390850975
"SPIDR",0.772257399514698
"HCK",0.772262995085696
"RAP2C-AS1",0.772274740502968
"LOC101929261",0.772275432481589
"LRRC27",0.772278913411726
"LOC101928132",0.772345292411045
"GTPBP4",0.772376558699209
"ZNF2",0.772465543990796
"PLEKHA1",0.772478522849203
"LOC101929340",0.772506476178944
"LMNTD1",0.7725334306466
"XPO4",0.772672366457086
"BCL9",0.772697024127771
"MGC12916",0.772885311877954
"LOC102724689",0.77290723374144
"NOD2",0.77291761275438
"WWC1",0.773031020148255
"TXLNG",0.773102437242329
"GIMAP6",0.773116849436972
"PRSS1 /// PRSS2",0.77319632996807
"LOC340357",0.773202242359132
"TERF1",0.773238059097788
"LOC102725382",0.773263612085652
"PTPRN",0.773289065167477
"ST3GAL2",0.773327343151482
"PRRT3",0.773346638018924
"DNAH10",0.773394796090577
"ZFP41",0.773439515562075
"IKBKG",0.773558141498537
"TFRC",0.773607280059599
"SP8",0.7737169854546
"LXN",0.773757953023556
"SMIM19",0.773758146108094
"NPAS2",0.773859937215433
"JHDM1D-AS1",0.773876848807187
"ZKSCAN4",0.77393465251784
"NEBL",0.773975109318566
"CAND1",0.774015597635142
"MBTPS1",0.774055325265413
"PHF7",0.774084237094849
"SLC25A5-AS1",0.774119367644351
"RBM4B",0.774158099185935
"LOC101929683",0.774163119278912
"DGCR2",0.774247825645321
"MT4",0.77428342641056
"ASTN2",0.774291679081716
"RP1-228H13.5",0.774304422032274
"RP11-504A18.1",0.77433635590732
"ALDOA",0.774372533346291
"AC010095.5 /// RP13-1039J1.3",0.774381057093714
"FTCDNL1",0.774415478922883
"PMCHL2",0.774476387869631
"MIR29B2 /// MIR29C",0.774522197277231
"SSBP1",0.774537350797715
"ACVR2B",0.774555989940533
"RP11-109E10.1",0.774610363402658
"METTL3",0.774615749924677
"ONECUT3",0.774677188288427
"GKAP1",0.774692208832808
"SELT",0.774724095916252
"UBQLN1",0.774778704987167
"LOC101593348",0.774814984776417
"ERVH-3",0.774888680070972
"NLRP14",0.77489476669317
"NCDN",0.774923443849036
"GABRG3",0.774993947779852
"GCK",0.775052862977659
"LOC101060424 /// LOC653786 /// OTOA",0.775331271740197
"PPM1F",0.775409178087199
"LOC101926892",0.77542437736412
"NLRP13",0.775449915700675
"HRK /// LOC283454",0.775463851767006
"PPY",0.775525093239228
"CCDC126",0.775541370180051
"HLA-C",0.775567660488653
"CTXN3",0.775599166567114
"IFT80 /// TRIM59",0.775604557212639
"SRRM5",0.77563640040802
"ZNF836",0.775702530442535
"ZNF705G",0.775705513783953
"FOLR3",0.775711972543071
"TCR-alpha /// TRAV12-3 /// TRAV12-3 /// YME1L1",0.775714556272814
"LOC101927703",0.77574075055641
"OTX2",0.775793112153619
"CTC-527H23.4",0.77579647018493
"RP5-1027O15.1",0.775840114212162
"BFSP1",0.775858843192352
"TMED10",0.775936199540768
"NADK2-AS1",0.776005577111046
"RP11-255P5.2",0.77602607744618
"LOC400684",0.776089329305063
"LINC01088",0.776133371625256
"BNIPL /// C1orf56",0.776144060788744
"FZD10",0.776166068870456
"KIN",0.776168685412371
"AIF1L",0.776199823673701
"DMRT1",0.77635095126692
"DHRS9",0.776448213626728
"HTR1D",0.776462798038575
"PHF8",0.776530659745889
"URGCP",0.776538942636829
"FABP3P2 /// FABP3P2",0.776549004546983
"WDR78",0.776657628868562
"NXF2 /// NXF2B",0.776718136366649
"ATP6V1E2",0.776761111595117
"LOC100129034",0.776809681981692
"PTCHD2",0.776990911287244
"YES1",0.777075730747607
"SLC37A2",0.777087618801425
"ADK",0.777105589935035
"SOS1",0.777118963744631
"WFDC12",0.777195200137978
"LOC101928161",0.77728818134309
"RWDD2A",0.777305177082698
"AMPD2",0.777383019169799
"KLF3",0.777441064860391
"SP3P",0.777600176324523
"TMEM132C",0.777654372985261
"LOC100129449",0.777662816411585
"PARD6G",0.777669519097252
"OR4A1P /// OR4A1P",0.777747431595383
"KRAS",0.777768255846373
"APEX2",0.777772659543589
"PPIAL4B /// PPIAL4C /// PPIAL4G",0.777846441254877
"RAX",0.777892215467587
"ITFG2",0.777906325350914
"CX3CR1",0.777934615774654
"RPL3L",0.777937332725269
"MIR600 /// MIR600HG",0.778059376409009
"B3GNTL1",0.7782040741307
"LOC340017",0.778236605779782
"CCZ1",0.778349652918524
"BC028044",0.778385434096142
"FILIP1L",0.778398252665422
"LRRC8E",0.778411010630326
"POLR1E",0.778465224633912
"GXYLT1",0.778479935836605
"SLC25A6",0.778670301731998
"SLC30A2",0.778681760014016
"SLA",0.778682551128333
"STK33",0.778778054369526
"MIR22 /// MIR22HG",0.778793019236068
"TP53BP2",0.778813329986778
"ADRB2",0.778898903883879
"RP11-669C19.1",0.778910295196297
"FAM188B /// INMT /// INMT-FAM188B",0.778926203892143
"GCC2",0.778935623237476
"VENTX",0.779005140707903
"CKS1B",0.779086870757483
"C17orf85",0.779122476261065
"UMODL1",0.779152058919448
"TCIRG1",0.77918958095538
"SMLR1",0.779193215762661
"HSF1",0.779203142391818
"FKBP1B /// MFSD2B",0.779234115072614
"LOC102724399 /// RIMBP2",0.779290086910517
"KIAA1919",0.779336239091068
"ZNF273",0.779346289741299
"MTAP",0.779491392926853
"ITFG3",0.779566006071759
"ZNF91",0.779675162574004
"C20orf141",0.779746161150872
"FBXO22",0.779762527799086
"NCKAP1L",0.779835199079262
"GSTA4",0.77985017438065
"FAM186B",0.77991285209269
"SLC25A47",0.779937803683018
"LOC100506368",0.780031611090883
"KMT2D",0.780034304682146
"ZNF605",0.780180020029147
"LOC339862",0.78020702568602
"PSIP1",0.780369839430862
"CHL1-AS1",0.780447965043503
"HIF3A",0.780491808240628
"PAQR3",0.780522124162809
"CBX3P2",0.7805239706442
"BAIAP3",0.780527972825059
"RAD54L2",0.780624106134886
"CCDC105",0.780653670814329
"CYP3A43",0.780676730571193
"ZNF253",0.780696560638111
"MNX1-AS1",0.780701202708896
"OR2H1",0.781052541092333
"LOC100289098",0.781065326730138
"CSDE1",0.781085539584084
"DUOXA2",0.781133868008113
"RP11-732A19.1",0.781159324157217
"NME5",0.781210900819813
"RALGPS2",0.781520516212994
"SOS1-IT1 /// SOS1-IT1",0.78153976941363
"ANKRD46",0.781667004091713
"EXD3",0.781736764311236
"LOC101927292",0.781746706190793
"ZDHHC14",0.781790140036556
"WDR1",0.781815875420862
"LOC100507516",0.781852773354658
"HIST1H1E",0.781860690193417
"FBXO27",0.781868995388069
"C9orf16",0.78187193628041
"LOC100509445 /// LOC728715 /// OVOS /// OVOS2",0.781933086815145
"CENPBD1P1",0.782031824987032
"ADD1",0.782062893178457
"TIMMDC1",0.782148315813028
"IL1RAPL2",0.78220228026959
"LOC283588",0.782239093867569
"SET /// SETP4 /// SETSIP",0.782380862993133
"DTX3",0.782468025828584
"TMEM221",0.782479528501692
"KLRAP1",0.782489541808792
"STYX",0.78252993555412
"OR5V1",0.782597647796637
"BTBD8",0.782662073561587
"DDX25",0.782704988168556
"DISP2",0.782763751132052
"SLC38A9",0.782842090557185
"HERC1",0.782879018335399
"TECPR1",0.782888801039673
"C3orf52",0.782926064303644
"TRAF3IP3",0.782938949067707
"RP13-122B23.8",0.782954995923966
"ZNF141",0.782970424757543
"NFATC2IP",0.782991951394291
"RP11-79P5.2",0.783073065032247
"LOC93463",0.783126571167664
"LOC283665",0.78322686385371
"SPRED3",0.783227921864452
"GBP1P1",0.783245782229342
"PBX2",0.783275290495762
"CDH15",0.783298660982724
"MYH3",0.783302899712079
"CALM1",0.783568027481803
"SPRTN",0.78363892557577
"PSEN1",0.783639046937181
"LRRIQ3",0.78364811953132
"CNTF",0.783654839623375
"MST1",0.783688661199032
"LINC00280",0.783711738451754
"KIF19",0.783723364371485
"TBC1D8B",0.78382629993422
"MAP3K10",0.783848714573948
"SUCLA2",0.784059084963077
"OSCP1",0.784059598887448
"SLC4A5",0.784229244128066
"LOC286238",0.784292984676555
"COPS5",0.784360788245547
"MIR424 /// MIR503HG",0.784372344616598
"LOC101926913",0.784400241914598
"AX747444",0.784474346425326
"CASC6",0.784521155515972
"RP11-440L14.3",0.784636111883614
"SGK1",0.784664147438703
"TMIE",0.784738392134534
"ACTG1P4 /// AMY2B /// RNPC3",0.784793618078015
"SERP2",0.78480307434947
"WASIR1 /// WASIR1 /// WASIR2 /// WASIR2",0.784807476098422
"SLC23A3",0.784913371472752
"RP11-284F21.8",0.784923989158844
"MCM10",0.784934276845825
"NEFM",0.784955064704415
"SUPT7L",0.784996927892669
"GUCA1A",0.785023120999104
"C1GALT1C1",0.785023204274527
"PYY2",0.785038218942333
"KRTAP10-12 /// KRTAP10-7",0.785084292875286
"NFKBIZ",0.785088530049496
"RASEF",0.785116072615205
"OBSL1",0.785130231540877
"CAMK2A",0.785148088411552
"VNN3",0.785196613982378
"SMG6",0.785217034816795
"CT45A1 /// CT45A2 /// CT45A3 /// CT45A4 /// CT45A5 /// CT45A6 /// LOC101060211 /// LOC102723631 /// LOC102723680 /// LOC102723737",0.78531899071228
"PPIG",0.785649364769121
"LPGAT1",0.78567496293867
"LOC554207",0.785675659066095
"CAMLG",0.785731101834978
"DSTNP2",0.785746095971146
"SLC22A24",0.785775368517281
"AP1G1",0.785818679409455
"KCNH5",0.785820972385562
"PCMTD2",0.785860946172349
"KIAA1244",0.785862959660019
"ANP32D",0.7858773581365
"CASS4",0.785882897944952
"LOC101927482",0.785904948822497
"LOC729506",0.785964593163337
"FGD4",0.785994708449321
"MAN2B2",0.786145442196806
"LINC00698",0.786147265351555
"PPP2R3A",0.786205034866374
"LOC100505474",0.786257458652982
"PTPN2",0.786314515037786
"PEX12",0.786347240958767
"PHYH",0.786499178226153
"GOLGA1",0.786631251582241
"MIR7515 /// MIR7515HG",0.786640542907639
"TBPL1",0.78665049302692
"CRBN",0.786756863783573
"LEPROT",0.786973907635714
"C10orf128",0.786997333919465
"TNKS",0.787022232015357
"GUSBP1 /// GUSBP4",0.787064207493969
"CLSTN2",0.787259964918055
"ZNF214",0.787330692759856
"KNCN",0.787346122553925
"KCNG2",0.787349642785304
"RNASEH1-AS1",0.787488319786171
"LOC101929662",0.787533738205667
"FOXH1",0.787688242701582
"HLA-DRB1 /// HLA-DRB3 /// HLA-DRB4 /// HLA-DRB5 /// LOC100996809",0.787715018219819
"AGER",0.787730565443651
"TLX3",0.787971752789294
"CRYBA4",0.787992239514737
"HNRNPK",0.788052136547541
"APP",0.788063578249909
"GPR162",0.788067231799394
"SH3TC2",0.788087695616226
"MAP4K3",0.788093327067505
"EGFL7",0.788128074674428
"DDX42",0.788181364285712
"MYADML2",0.788211768952432
"DZIP1L",0.788239330330735
"GRIA1",0.788248799644847
"LOC100507377",0.788402134158959
"CTH",0.78846694283361
"C12orf54",0.788467670595032
"CYP1A2",0.788539893492216
"BOLL",0.78869633741417
"DCP2",0.788753354320924
"SPATA22",0.788874899471471
"GRK5",0.789082842503076
"RP11-539L10.3",0.789134967176505
"IL9R",0.789152933882049
"LMBRD1",0.789162200522564
"TMEM123",0.789185777389937
"CCDC37-AS1",0.789213756523493
"LAPTM5",0.789310337941416
"RARS2",0.789347812751408
"ZFYVE9",0.789390061473409
"SHCBP1L",0.789392570311161
"PLA2G7",0.789476311956979
"LOC101927196",0.789518584137179
"CLCA3P",0.789719239871507
"CLCNKA /// CLCNKB",0.789750204444478
"POU3F2",0.789829020870688
"BTG3",0.789841254773728
"TAS2R9",0.789971213606061
"ZNF441",0.790005704626909
"LINC00917",0.790008920001902
"DCHS2",0.790133154677466
"SIPA1L1",0.790157740401224
"LOC646522",0.790273816879448
"RPL7A /// SNORD24 /// SNORD36A /// SNORD36B",0.790462805242593
"CENPI",0.790465315753295
"LOC101929757",0.790693179449386
"A1BG-AS1",0.790714193418803
"SMPDL3A",0.790726333977951
"FAM49B",0.790843362394123
"PGM5",0.79101615380958
"ENTPD1-AS1",0.791016493362319
"LOC388456",0.791136518915111
"LOC100506813",0.791316586960379
"BET1",0.791346435946926
"ZIC1",0.79145813875272
"LOC100506457",0.791508810103694
"INO80B /// INO80B-WBP1 /// WBP1",0.791580133945004
"PPP1R11",0.791606331406724
"COL18A1-AS1",0.791666732904294
"MAD1L1",0.79171466187261
"OR2W1",0.791806058077949
"FPGS",0.791906662464299
"POU2F2",0.791952447888275
"GZF1",0.792089449863449
"LOC101060424",0.792121069317094
"PRM1",0.792132921213432
"LOC100289333",0.792179280011172
"KMT2C",0.792263356078526
"CHST2",0.79238224281844
"LINC01191",0.792442306191638
"SORCS3-AS1",0.792448160163186
"GGCX",0.792475667731381
"MYLIP",0.79253239934457
"AK021537",0.792538931595824
"KIF18A",0.792820740900305
"IRX4",0.792829818292663
"LOC389906 /// LOC441528",0.792864761016774
"KRBA2",0.792941729017491
"LOC100271840",0.792947322331972
"SSR2",0.79295172507228
"C20orf144",0.792953532656996
"CAHM",0.792956754077712
"BOD1",0.793032572405351
"ZSCAN10",0.793053113569254
"ST7L",0.793098498960385
"C11orf88",0.793131242453011
"BC048132",0.793249282723833
"MPPE1",0.793601652579075
"RP11-410L14.2",0.793753354993784
"MKRN3",0.793787055309717
"ZNF746",0.793792719762151
"FCRL2",0.793901920244548
"CRYZ",0.793911113475503
"C5orf58",0.793920690372823
"NFIX",0.793957054533503
"KIAA0895L",0.793983846585715
"FUT8",0.794221734197545
"TREML4",0.794272882422713
"VSIG2",0.794345980526648
"SOX30",0.794348335532001
"RAD51-AS1",0.794376253751196
"KRT1",0.794390543473823
"ARHGAP33",0.794399777500331
"DCAF13",0.794439986969859
"MYLPF",0.794440118949681
"LINC00841",0.794468153210592
"HLA-DOB",0.794590550247497
"NEUROG2",0.79459329328854
"OST4",0.794661429097988
"COMMD10",0.794669954418214
"YWHAG",0.794672908430791
"DBIL5P2",0.794673834692968
"FAM126A",0.794790731970364
"FAM134A",0.794795575345391
"NTRK2",0.794842477845925
"BTG1",0.79490002369005
"CXCL16",0.794916404230366
"TNNI2",0.794977252344669
"C16orf54",0.795040625413093
"C1RL",0.795075759717695
"APOL1",0.795194762958135
"PAX8-AS1",0.795243152848849
"MT1E",0.795256958341133
"ZIM3",0.795285418162171
"PKNOX1",0.795306334957053
"KLF14",0.795325780949894
"CTSH",0.795333148542974
"ZNF22",0.795347856484012
"MIR101-1 /// MIR3671",0.795370516757577
"KLF16",0.795384174083511
"STAP1",0.795386736718153
"BC045805",0.79539283415199
"BPIFC",0.795520803830147
"RASSF5",0.795547868620532
"VGLL4",0.795549874653887
"CNTN6",0.79556751058764
"LOC101928560",0.79558080304854
"ALX4",0.795724657148495
"AGTRAP",0.795764879507193
"CADM2",0.795848317131254
"SERTAD4",0.79587567632898
"ZBTB7B",0.795931003017163
"C5orf17",0.795986984512733
"LINC00925",0.796062887504316
"LOC441259 /// PMS2P1 /// PMS2P4 /// PMS2P5 /// PMS2P6 /// PMS2P9",0.796085462082127
"ZCCHC11",0.796246884722377
"LINC00998",0.796254623070361
"CYP2E1",0.796304329309371
"TBC1D25",0.796322672044346
"NTN5",0.796342965375377
"PBX1",0.79673719136459
"VWA3A",0.796749265146985
"USP12",0.796766718739115
"PCDHGB8P",0.796854967709093
"RP11-1152H14.1",0.796867991512549
"ELOVL5",0.797009142517265
"HTR3C",0.797083371913299
"SPP2",0.797199646672974
"CCDC147",0.797241962518366
"CCDC116",0.797401782783463
"TMEM2",0.797441280758378
"ESR2",0.797465095987391
"NFE2",0.797499522486512
"LOC101927657",0.797505146344711
"SSFA2",0.79764194735478
"BRWD1-IT2",0.797718417069875
"RP11-286E11.2",0.797741459314815
"CCT6P1 /// CCT6P3",0.797856189470547
"MUC6",0.797968843065618
"SHISA3",0.797972275195377
"HOXA1",0.7979778922958
"LINC00482",0.798094066130092
"HYAL2",0.798242887013618
"NCF1",0.798287537668831
"UBQLN4",0.798298296542841
"RP5-1184F4.5",0.798343360767754
"HYPM",0.798358299470885
"CTNNBIP1",0.798406029528271
"TNFRSF10D",0.798478412924853
"PRAMEF12",0.798516995670134
"ND3 /// SH3KBP1",0.798735714147585
"FGF12",0.798759192493457
"ASB5",0.79877497379025
"STPG1",0.798893983868122
"F3",0.798913270294795
"C5orf66",0.7989414643294
"KLF17",0.798997936361821
"FLJ21369",0.799029717831704
"TSPY13P /// TSPY13P",0.799036019873983
"PRPF4B",0.799041255468896
"MS4A8",0.799051745075398
"RP11-63D14.1",0.799054525396306
"AQP6",0.799177060157298
"RP11-357G3.1",0.799218265009546
"NFIA-AS2",0.79927939712245
"KRT19P2",0.799299440127596
"DPAGT1",0.799301428838634
"ANKRD34A",0.79933749736005
"CXXC1P1",0.799385687138582
"MC4R",0.799408788858805
"RNASEH2C",0.799422856757553
"LOC102724927",0.799457130902226
"GPR137",0.79945923003818
"TNFAIP8L2",0.799559527808192
"LINC00642",0.799620716047688
"ATE1",0.799677175982981
"HMG20A",0.799801868763731
"REG1A",0.799806322853881
"SRSF5",0.799816477379031
"RPL13A /// RPL13AP5 /// RPL13AP6 /// SNORD32A /// SNORD33 /// SNORD34 /// SNORD35A",0.79983466719587
"ANKH",0.799862836357536
"GPR153",0.799877705556692
"AVPR2",0.799926505799501
"SLTM",0.800066366426444
"LOC100506022",0.80017045527202
"ZNF259P1 /// ZPR1",0.800230443273015
"TEKT5",0.800274123516252
"DAAM1",0.800300958542864
"EFCAB6",0.800412692322878
"LMOD3",0.80042013717987
"CDIP1",0.800443368476284
"PCDHGC3",0.800490442550849
"FANCE",0.800525576762817
"MEOX1",0.800526531020023
"TMA16",0.800527483031986
"ALOXE3",0.800570305761081
"COX7A2P2 /// COX7A2P2",0.800572790093386
"ZC3HAV1L",0.800673979058968
"EVA1A",0.80067997329158
"AP4M1",0.800708406341347
"INF2",0.800712313051742
"LOC101929241",0.800716190258361
"SLCO4A1",0.800722866885883
"HERC5",0.80079087907507
"DDX11-AS1",0.80080234440298
"S1PR1",0.800960132078703
"LINC01204",0.800971423324159
"FLJ34521",0.801270900652667
"LOC101060233 /// OPN1LW /// OPN1MW /// OPN1MW2",0.801284503369953
"ARHGAP23",0.801363243518201
"LOC100506207",0.801391267837594
"MIXL1",0.801448290978804
"CSPG5",0.801458023277297
"FER1L5",0.801602151617492
"ZNF259P1",0.801726219899622
"PTPRG-AS1",0.801781683563083
"SLITRK6",0.801788843092723
"TCEA2",0.801886517815801
"SMAP1",0.801972548529683
"PNRC2",0.802065131922242
"GRAMD1C",0.802081581216501
"POLM",0.802210344555104
"LOC100130093 /// SNAP47",0.802240271739619
"ARHGEF33",0.802251094418126
"PRO2214",0.802313698981097
"ZDHHC8",0.802314536257825
"LINC01252",0.802344972542713
"THAP9",0.80240183393434
"MORN3",0.802427049471733
"RPL18A /// SNORA68",0.802511109015353
"RP4-657D16.3",0.802701626829733
"OR2K2",0.802718574281198
"SLFNL1-AS1",0.802720057142977
"OLFML2A",0.802737966038126
"PTPRA",0.802793117129064
"TBC1D27",0.802824576648943
"MIR622",0.802941043189145
"SPANXA2-OT1",0.802941453877379
"CRYBB2P1",0.803027785596342
"ALPI",0.803069981218391
"MSH6",0.803153617245016
"RHOG",0.803189302579269
"UBE2A",0.803209176703906
"YWHAZ",0.803241254749139
"ZNF107",0.803342114164459
"LINC01366",0.803346992141804
"AKR1C6P",0.803534733150612
"CLDN19",0.803610213115783
"SULT1C2",0.803623974674994
"ALDH3A1",0.803653483727509
"LOC388882",0.803786151669423
"NFYC",0.803805544689078
"GUSBP1 /// GUSBP4 /// LOC100996497",0.803884172885879
"GRASP",0.803965367531101
"LOC101928082 /// SH2D6",0.803993834718461
"TCR-alpha /// TRAV24 /// TRAV24",0.804119627369889
"SMIM17",0.80419798942959
"RPL34",0.804279598178829
"LZTR1",0.804343265607156
"RASGRP2",0.804351783384317
"AZGP1 /// AZGP1P1",0.804372891845168
"TNRC6A",0.804383158346831
"C19orf47",0.804388802719185
"WNT2",0.804415696022925
"STK17B",0.804796632098516
"RP11-171I2.4",0.80482940917498
"C4orf26",0.804839569077332
"AV4S1 /// TRAV26-2 /// TRAV26-2",0.804907608193916
"CDK9",0.805012818021106
"FAM86C1",0.80508133954446
"TTC30A",0.805175729349939
"ISG20",0.805205402922612
"GTF2E2",0.805206001306255
"PLXNC1",0.805281263988716
"ERMAP",0.805390134406922
"SNHG5 /// SNORD50A /// SNORD50B",0.805457555100936
"LOC100507201",0.805487581007965
"EGFL8 /// PPT2 /// PPT2-EGFL8",0.805496114750767
"MIR4435-1HG /// RP11-181E10.3",0.805583373068385
"HMGA2",0.805881518521469
"RSPO2",0.805891059951212
"LINC00635",0.805894138314968
"MUC5AC",0.80589557535728
"SEPHS2",0.805911140569967
"NETO2",0.805984764756622
"FLJ30403",0.806127575843823
"GCSAM",0.806151042201053
"LINC00276",0.806280508731956
"MTURN",0.806348570860514
"EFCAB7",0.806412079142493
"SMR3A /// SMR3B",0.806510947212145
"CBR3-AS1",0.806574451301461
"RIC8B",0.806588170166702
"LOC101928417",0.806625105783732
"XPO6",0.806717944621435
"TINF2",0.806733201525988
"LPHN3",0.806782489260306
"CCDC26",0.80684802595649
"RSG1",0.806853048144543
"IBSP",0.806855070958662
"JMJD6",0.806870149282198
"ATP8B4",0.806872292183416
"CXXC5",0.806885794987705
"ARL14EP",0.806921377167121
"KRTAP9-4",0.80695281434843
"NECAB2",0.806965938766703
"NDOR1",0.807026108414597
"DNAH17-AS1",0.807148729407419
"GALNTL5",0.807197402330473
"SLC16A4",0.807210027111837
"UBE2E3",0.807260466011275
"SOAT1",0.807272347709711
"ST6GALNAC4",0.807283197102084
"PIFO",0.807291236904377
"LOC101928787",0.807582082283236
"ZNF627",0.807644032517633
"OR2F1",0.807670403110498
"RP3-359N14.1",0.807682650910342
"OSBPL11",0.807709930829303
"MAP3K15",0.807759139722049
"PRPF6",0.807768540036175
"AF007147",0.807768778225444
"TRIM5",0.807801700770446
"DAP",0.807870027373051
"CCDC89",0.807937350921818
"ADAM5",0.807942798867352
"LINC00665",0.808057190312881
"ARNTL",0.808082962335599
"LOC101928762",0.808107726394323
"INHBC",0.808151460061019
"OGDH",0.808184948201765
"RP11-483I13.5",0.808286505297941
"RAPGEF2",0.808319967020949
"BC037861 /// CTD-2036P10.3",0.808374043918169
"TMEM132A",0.80842156210707
"BC041003 /// RP11-495P10.3",0.808447278327298
"LY6K",0.808494806332818
"KIF25-AS1",0.808623019326783
"ZNF398",0.808691300053558
"MICAL1",0.808825006739441
"RP11-214N1.1",0.808839559432764
"CST13P",0.808928776173863
"ERVFRD-1",0.808944945842253
"MOGAT1",0.809061387316556
"CPLX2",0.809150035455097
"WNT8B",0.809154853463117
"SNAPIN",0.809186275632401
"DUSP14",0.809293137817701
"SIRT5",0.809369029755502
"UBE3C",0.809397331037872
"LINC00293",0.809409404743005
"TIGD3",0.809461437447602
"CCDC104",0.809496581118052
"FN1",0.809536936687297
"VWA9",0.809562605849804
"MTMR7",0.809573726593236
"CAGE1",0.809602447974989
"FLOT2",0.809605180059853
"CAPZA3",0.809732065954705
"LOC100287704 /// LOC100287834",0.809937539033311
"HAL",0.810031894190908
"SH3GL1P1",0.810145752732215
"RP11-548H18.2",0.810176860443039
"FBXO9",0.810191304081096
"C9orf156",0.810248308392617
"TPGS1",0.81028517646059
"ZNF136",0.810332508186579
"TMSB10",0.810352454750549
"KCNJ3",0.810388209057808
"PDCL",0.810400966400213
"KLK8 /// KLK9",0.810501998460746
"OR2A4",0.810519237546569
"FBXL17",0.810526437303642
"BDKRB2",0.810586050575797
"IGSF8",0.810613209896824
"LOC730098",0.810724014738201
"KRT19",0.810778287474711
"PRORSD1P",0.810826278189664
"UBALD2",0.810922659290456
"RPL36A",0.810971308324587
"TACR2",0.810981364538642
"ZNF780A",0.811055610460805
"CORO1C",0.811125309990674
"FAM207A",0.811141719746013
"LY6E",0.811171503191412
"GBA3",0.811243191460109
"NRIP1",0.811253916800309
"CTC-203F4.2 /// H2AFY",0.81137857419859
"FOXP1",0.811411731988651
"DEFB124",0.81148558095862
"UBBP1 /// UBBP1 /// UBBP4 /// UBBP4",0.811566205063243
"ZSCAN22",0.81157224310848
"KRTAP8-1",0.811640500306982
"PGC",0.811727072072545
"ZNF518A",0.81173346283165
"TTL",0.811756215710392
"TMC4",0.811880338380934
"ACIN1",0.812034477346896
"RFPL1",0.812104885307145
"RP11-49K24.4",0.812124582449565
"CCDC158",0.812252060865261
"HNRNPDL",0.812313921089598
"UPF3A",0.812348700317007
"RP11-348B17.1",0.812396449285461
"KRBOX4",0.812409542082084
"HIST1H4L",0.812413019472694
"KRTAP3-2",0.812497585221702
"TEX19",0.81250603861124
"KRT78",0.81264764450528
"SPANXB1",0.812653029516364
"CNBD1",0.812665717566551
"TCERG1",0.812697388756708
"LMBR1",0.812732331495422
"STKLD1",0.812769173073499
"CXCL6",0.812784964684178
"FGFR2",0.812802876317514
"LOC285147",0.812848968246782
"DCAF12",0.812853792792342
"PRRC1",0.812877141710513
"LOC102723479",0.812887699357069
"RPL31 /// TBC1D8",0.812894451840221
"TRAF5",0.812913326015065
"LOC285812",0.812918517874502
"GLYR1 /// SEPT6",0.812970485943107
"LARS",0.813009163545628
"RP11-38C18.2",0.813050516433219
"PUS10",0.813060776903734
"CAMK2N1",0.813087340460813
"DPP8",0.81310291831929
"LOC100129380",0.813115429026686
"PRSS21",0.81327167083358
"PRAC1",0.813313419382101
"CDH23 /// LOC100653137",0.813501618683512
"GFPT1",0.813611372265055
"LINC01128",0.813667395437019
"LOC101929147",0.813713119847288
"PGLYRP1",0.813721133133786
"FCRL1",0.81372497478186
"LUZP2",0.813741432878073
"C11orf44",0.81376604519823
"PRMT8",0.813872860949717
"WDR89",0.813921238194816
"LOC101929478",0.813927196216759
"ACKR3 /// AK023507",0.813960567303741
"SMOC2",0.813973406492261
"CNKSR3",0.814006177995919
"STARD3NL",0.814111804308242
"AKR1C4",0.814153150008301
"TEX35",0.814175394683851
"CD83",0.814218591977254
"CD19",0.814261533865901
"UHRF1BP1L",0.814270994647821
"C2orf73",0.81428161681451
"SOX6",0.814323106959089
"AKAP3",0.814404245716904
"LOC100294362",0.814507992897265
"PTPN11",0.814514082421394
"MYH4",0.814594693142605
"COLEC11",0.81460616042036
"MAMLD1",0.814754773358399
"GABRA3",0.814759989669944
"P2RY1",0.814766667253589
"CHRM4",0.814844023163952
"TBC1D23",0.814878872359545
"HHAT",0.814886861449893
"NELFB",0.814912238572032
"WDFY1",0.814917171597056
"SEZ6",0.815018560387621
"CSPP1",0.8151057912269
"KLK4",0.815144599689331
"ZNF217",0.815201182238822
"IFT140",0.815219372714055
"ROPN1L",0.815242161403533
"VARS",0.81528285103786
"TTC13",0.81531995496535
"CYSLTR2",0.81532002774781
"CEP44",0.815383818565269
"OXTR",0.815399139422035
"PRMT9",0.815437288286482
"CCS",0.815485826878374
"ZNF829",0.815524587018469
"POLR3E",0.815604084086615
"NSUN3",0.815661564242391
"MPZL2",0.815711806052889
"CSNK2B",0.815779062158991
"MFSD11",0.816024690796656
"PPIB",0.816042223511778
"SHBG",0.816122190785879
"IGLC1 /// IGLV2-5 /// IGLV2-5",0.816141946738871
"LINC01016",0.816200887333998
"TMEM50B",0.816285377463605
"OR10J1",0.816365327594808
"LRRC7",0.81642050141792
"GNG7",0.816474175030998
"SCML1",0.816545524974537
"DNMT3A",0.816598480949973
"RP5-935K16.1",0.816842882407469
"LRRC72",0.816851478786395
"SERPINB10",0.816852069755122
"ZC3H10",0.816870519518548
"RP11-124L9.5",0.816995507351653
"C10orf95",0.817008779869162
"ZNF580",0.817126353670719
"RP11-231E19.1",0.817159556489974
"ESF1",0.817173623860364
"GPBP1L1",0.817208139006239
"GGACT",0.81726180291542
"C15orf54",0.817271258372994
"EEPD1",0.817413380797334
"RPS6KC1",0.817447632588518
"KCNA3",0.817465997928191
"ZNF662",0.817565471930304
"LOC100132352",0.817582356623328
"LOC100507562",0.817621190201553
"AMER3",0.817636068791926
"ERC2",0.817812058561001
"GPR20",0.817868234803963
"HRASLS",0.817925537497671
"PCED1A",0.817953329432607
"NPVF",0.818080464775337
"IKZF1",0.818123371264533
"MACC1",0.818151518956664
"FMR1NB",0.818192246807599
"LOC285957",0.818243256748337
"UBXN10-AS1",0.818244982638215
"P2RX5 /// P2RX5-TAX1BP3 /// TAX1BP3",0.818328296242782
"KATNAL2",0.818332412861334
"LOC440934",0.818383943805165
"TMED4",0.818420348149736
"AK074476",0.818441126591963
"FAM160B2",0.81847220865274
"RP11-466P24.7",0.818480055738733
"BC052578 /// RP11-398G24.2",0.818521988596575
"TEX22",0.818550468016702
"VCY /// VCY1B",0.818561732583397
"KB-1000E4.2",0.818571040339584
"HYALP1",0.818580921993299
"RPS18",0.818600247899597
"USP14",0.818807282605601
"HP08942",0.818943175313725
"SF3B2",0.818951662348026
"IFNA2",0.819046066696928
"KMT2E-AS1",0.819058250704615
"SLC7A11-AS1",0.819058722683254
"CDK18",0.819058841725191
"RP11-2E11.9",0.819121351162555
"PPP1CB",0.819122696536206
"PHLDA2",0.819128102935409
"ACTR1A",0.819151375760132
"CDC26",0.819225760975682
"SSTR1",0.819232756206645
"CCL26",0.819316289043205
"PP2D1",0.81932440220034
"TCEB1P3 /// TCEB1P3",0.819356985324074
"POU2F3",0.819393772603297
"AP3D1",0.819399175899663
"RP11-143K11.1",0.819486494551984
"ZNF354A",0.819491745560942
"LOC101930097",0.819531890447909
"ZNF645",0.819553854960772
"LOC440434",0.819564435686908
"LINC01281",0.819576972861512
"RP1-8B22.1",0.819605673795827
"MARCH10",0.819615823304076
"GAS5",0.819664410797795
"HSD3B2",0.819719370632798
"LOC101927331",0.819737152635689
"SMCO4",0.81975166571063
"NSMCE2",0.81975739299679
"CD46",0.819775370128916
"LARP1",0.819848545811243
"CACYBP",0.819868705026313
"KRT13",0.81993629617226
"C2orf80",0.819977007212162
"C4BPA",0.820051234351338
"RP1-100J12.1",0.820063988169146
"OPN5",0.820091700283293
"OR8D1",0.820114750402151
"SPATS1",0.820144286308236
"TBX10",0.820145055652011
"LINC00892",0.820280412198803
"FYB",0.820298244200827
"ZNF880",0.820298273540917
"FLII /// LLGL1",0.820407216310119
"NFKBIL1",0.820415387613023
"GPATCH8",0.820445365378692
"MAN2C1",0.820457091144438
"GABRQ",0.820479382182223
"HIGD1B",0.820507154725818
"SLA2",0.820511720134818
"PNMAL2",0.820590841623558
"PROZ",0.820678970975803
"SPANXA1 /// SPANXA2 /// SPANXC",0.820805104466533
"PEX5L",0.820850621608305
"ALX1",0.82085539504399
"SLCO4C1",0.820898523422514
"MED24",0.820954102510673
"EMB",0.820990967908237
"AC106801.1",0.821001352062269
"HMGB1P4 /// HMGB1P4",0.821011627692649
"DOCK5",0.821016997379389
"SEC23IP",0.821036076350422
"ZNF311",0.821049145608823
"LILRA3",0.821087711063918
"CXCR2",0.821094926530842
"HMGB1P17 /// HMGB1P17",0.821122922492194
"RGSL1",0.821149944927779
"CACNA2D3",0.82121279071283
"PQLC2",0.821406629917506
"PALD1",0.82141800770148
"CCDC63",0.821440762490682
"C3orf33",0.821479541080881
"RP4-575N6.5",0.82152792221861
"TP53AIP1",0.82153748784944
"WBP2NL",0.821538711818628
"ZFX",0.821542941054192
"MAS1L",0.821728821454407
"LOC286114",0.821742413948057
"B4GALT7",0.821780555690246
"NCOA3",0.821845020304853
"KIR3DX1",0.821904402765214
"GBAS",0.82196455739471
"RFX4",0.822014938711963
"LINC00476",0.822032965841725
"STK4",0.822080883274124
"PCYT1A",0.822403330185189
"LOC255654",0.822603850861783
"LOC221946",0.822616272694199
"FLCN",0.822620810356331
"DAPK3 /// MIR637",0.822644700683821
"LINC00621",0.822767782428422
"FAM185A",0.82277197777144
"AC068039.4",0.82277735794754
"ND6",0.822968911515142
"OR7E104P",0.822983068855322
"KRT73",0.822998348662452
"LOC101929747",0.823020700579382
"PTGER2",0.82303869975677
"EGLN2 /// RAB4B /// RAB4B-EGLN2",0.823076554504413
"CHAMP1",0.823119984623374
"PCM1",0.823160715905778
"LOC101929964",0.823193193779659
"RP11-173M1.8",0.823319532547555
"OTUD5",0.823414912911897
"MRAP2",0.823457481757714
"LINC00598",0.823469760241667
"ZNF17",0.823486674190157
"IL3",0.82352229497466
"LOC101929384",0.823526837518
"IFI44",0.82353724590783
"CYSLTR1",0.823559591034075
"RPL22L1",0.823579643869801
"FRRS1",0.823581324952265
"CACNA1F",0.823618700836829
"CLINT1",0.823647316432602
"TBCB",0.823653737138144
"MINOS1P1",0.823665015359312
"RP11-1024P17.1",0.823674623425869
"PSMC6",0.8238047334814
"LOC728196",0.823846582237144
"F7",0.823953808991663
"HIST1H3A",0.82397466449917
"NKX2-5",0.824014101063323
"ANLN",0.824113081199033
"LOC101927990",0.824128498762743
"LIMS1 /// LIMS3L",0.824176429048746
"LIPE-AS1",0.82418717324866
"LOC101928221",0.824229213860025
"ZNF138",0.824310611819718
"THEMIS",0.824318252274476
"RAB20",0.82440797842506
"PRB3",0.824478496771733
"APOA1BP",0.824514465550704
"HIF1AN",0.824603479860456
"HAGHL",0.824704261372773
"SCN3A",0.824746229556485
"ZNF831",0.824763933955716
"OR1Q1",0.824844517789894
"AC108056.1",0.824948585827163
"IL20",0.825040106284284
"C20orf96",0.825080550442857
"C20orf195",0.825210154960631
"GDAP1",0.825277411794095
"CCDC170",0.82531416046839
"IYD",0.825327190506999
"RP11-339B21.15",0.825332495710727
"CRYGEP",0.825375063775037
"WDR35",0.8253868295599
"WDR41",0.825416781804745
"ARRDC3-AS1",0.825425452285605
"RP1-187B23.1",0.825439445202544
"TREML1",0.82565289618417
"EDRF1",0.825710189452942
"ATXN7L3",0.82585480034392
"RNF166",0.825922762627894
"ADAM19",0.825935335028142
"TRMT44",0.826096699239799
"CRYBB3",0.826097073106175
"D21S2088E",0.826136860553791
"RP11-308D16.4",0.826306549004154
"SYK",0.826447804307506
"SEMA7A",0.826460019609811
"GNG8",0.826592930412304
"RP11-686D22.8",0.82666089578347
"CIR1",0.826758198749702
"TAF13",0.826766938476953
"ESYT3",0.826819365390637
"THAP7-AS1",0.826990374508918
"PRPF39",0.826997552366156
"IL17C",0.827032579357173
"LIMS3-LOC440895 /// LOC100288570 /// LOC100507334 /// LOC440895",0.827042740194698
"ALG11 /// UTP14A /// UTP14C",0.827096098883421
"CCDC148",0.827163416014052
"C15orf56",0.827234458717818
"CEP72",0.827234461919755
"NPHS1",0.827373904714292
"MIR4657 /// PURB",0.827442495414271
"UBR5",0.827483598974147
"TRAV34 /// TRAV34 /// V alpha immunoglobulin",0.827563658754697
"ZNF205-AS1",0.82763086629828
"SPTY2D1",0.827651398532422
"WDR24",0.827657715263615
"CLC",0.827682891660801
"LOC100996549",0.82768617738053
"ITGB6 /// LOC100505984",0.827793670055834
"EPHX3",0.827825651701856
"AP3B2",0.827830466079206
"RP11-18I14.11",0.827836813594494
"EEF1G /// MIR3654",0.827846107068963
"STK25",0.827913225305852
"KIAA1841",0.827977088811537
"GPR112",0.827986064544086
"LINC01432",0.828052503956261
"ADRBK1",0.82817023743899
"VRTN",0.828193928413868
"CDC20B",0.828206504868543
"COPG1",0.828297716991651
"PRR23D1 /// PRR23D2",0.828311681785082
"AC136289.1",0.828334005126245
"CENPF",0.828340045614603
"BST2",0.828358815282334
"CD28",0.82836320567672
"HTR1B",0.828387161274938
"THUMPD3-AS1",0.828431759054464
"LOC100506655",0.828431955839554
"APCDD1",0.828477640183022
"RP11-727A23.11",0.828493280268886
"DLGAP1-AS1",0.828528769576441
"ZBED9",0.82854217788683
"CADM3",0.828610686221671
"RABGAP1L",0.828640494045437
"SEMG1",0.828644605713126
"FBXO16 /// ZNF395",0.828669849166273
"LOC100509303",0.828695786431691
"OTOF",0.828706722389217
"NDUFS5 /// RPL10",0.828731359007921
"YBX3",0.828805689212732
"SEMA3G",0.828955069002778
"LRRC63",0.829055379390048
"GABRB2",0.82915887125117
"TSPO2",0.829206396488827
"ZNF577",0.829378278905766
"IRS4",0.829486901114485
"TEX13A",0.829502589628553
"ACADL",0.829531211094706
"CNTNAP3P2",0.829535123065214
"INPPL1",0.829711336946838
"LINC01268",0.82972604910689
"NFKBIE",0.829815843468489
"ZNF134",0.829819391695808
"MIR6840 /// PILRB /// STAG3L5P-PVRIG2P-PILRB",0.829825542318714
"LOC100506498",0.829888577901662
"LOC100134822",0.82992059912499
"LOC101927237",0.82993158558561
"LOC283387",0.829990964488492
"HCG22",0.830208864144885
"TMEM176B",0.830239673678274
"ZNF543",0.830276550278032
"RXRG",0.830459421757356
"WNT9B",0.830517422791845
"LOC100499194",0.830523998710916
"RHBDL3",0.830716744120551
"VPS26A",0.83072452646481
"SRP54",0.830778717358758
"MEG8 /// SNORD112",0.830794402508176
"KANSL3",0.830795672383979
"SCMH1",0.83080198795549
"C9orf135",0.830842566078066
"ST5",0.830968633362068
"TMEM241",0.830978579545083
"PLD5",0.83098997525061
"ZNF598",0.831035065569288
"SEPT9",0.831112796501214
"P2RY6",0.831314511717876
"MRPL33",0.831425388627486
"NEIL3",0.83145309134323
"ACAP3",0.831459496094965
"LINC00244",0.831468646526085
"IGH",0.831487605199121
"RP1-28O17.1",0.831637726167284
"CRABP1",0.831708556326685
"KIAA1191",0.831708748515623
"SRP9",0.831798409442163
"PLEKHA5",0.831861050982335
"PGAM2",0.831863692157842
"BC037833 /// RP11-492E3.2",0.831869607324484
"C11orf40",0.83202278329382
"HOMER1",0.832031386983777
"SCFD2",0.832037649949629
"LINC00851",0.832093843723367
"CHRM3",0.832106996654234
"KRTAP10-11",0.832130725311658
"EMR3",0.832139212962526
"ZHX2",0.832142291702979
"GUCA1C",0.832238824815134
"NR1H4",0.832338845052144
"AIPL1",0.832355031460618
"ATP6V1E1",0.832372548026227
"THRB-IT1 /// THRB-IT1",0.83240165778214
"CD164",0.832454040437287
"SLC3A2",0.832469776069337
"UBE2D4",0.83257965258999
"LINC00964",0.832633688015575
"LOC100509814",0.832769902801783
"IGFBPL1",0.832770884801669
"RP1-35C21.2",0.832951663627327
"LINC00320",0.832977281800212
"GLT8D1",0.833013872944268
"ZNF608",0.83301820141561
"REEP1",0.833031272030539
"ZNF665",0.833040043912333
"IQCF2",0.83308571103939
"RRAD",0.833107310285508
"UBQLNL",0.833155002799886
"AK097453",0.833192414206542
"FBXO2",0.833213994609132
"CACNG2",0.833246631358371
"S100P",0.833296810733718
"ZNF766",0.833315024545563
"HPRT1",0.833339334286679
"ANKRD45",0.833366501391949
"PKP4",0.833402141636882
"TRIM49 /// TRIM49C",0.833486100378129
"MTMR6",0.833489353832009
"ORM1",0.833505913835652
"FAM161A",0.833563725720039
"MIR3180-1 /// MIR3180-2 /// MIR3180-3",0.83361071133141
"SLC46A2",0.833823835586201
"THNSL1",0.83384050256017
"SPICE1",0.833866744165066
"MAGEA8",0.833868250017861
"LINC00527",0.833872185556899
"NSRP1",0.834078872029479
"MTSS1L",0.834201668734053
"LOC100996624",0.834325204330757
"TNFAIP8L1",0.834351604547181
"RP4-545K15.5",0.83435668001779
"LAD1",0.834496083753818
"ACTL6B",0.834524458710299
"ZCCHC4",0.834663040786309
"ZNF850",0.834701565513952
"CDK5R2",0.834736472544857
"CDAN1",0.834742359738776
"LOC101928809",0.834754171698034
"LOC101928747 /// RBMX /// SNORD61",0.834875666857373
"RP11-109E24.2",0.834913629318628
"LAMB2P1",0.834999875194878
"LINC01153",0.835002612358325
"CHUK",0.835004379228431
"HS2ST1",0.835040975320638
"LOC103344931",0.835128678194619
"RNF212B",0.83518122788847
"ATP6V1A",0.835234114355742
"YPEL2",0.835245248415946
"ALOX15B",0.835320771923271
"LOC100506114",0.835336059307238
"TRAM2-AS1",0.835336338702273
"PCDHA5",0.835379146222012
"ARMC2",0.835414412854603
"ZNF592",0.835452861084121
"P2RY4",0.835497700512829
"GC",0.835592012757856
"PDE6H",0.835653719138627
"SSX2 /// SSX2B /// SSX3",0.83568910670162
"LOC100505811",0.835769707869922
"PKIA",0.835830738270614
"FAM83C",0.835834601424365
"ELL2P3 /// ELL2P3",0.835868183849779
"PRICKLE4 /// TOMM6",0.835880462586538
"LOC101928731",0.835959850167763
"IGLVIVOR22-2 /// IGLVIVOR22-2",0.835968943675034
"TMEM145",0.836052511202772
"DUSP21",0.836057830190487
"TOPORS-AS1",0.836093100471602
"CKAP2",0.836136975764218
"RP5-1068B5.3",0.836184982396642
"PCDHB6",0.836219123434927
"ZNF749",0.836284187128813
"LIPC",0.836329348452808
"ZNF503-AS2",0.836356304300993
"NF1",0.836416681752768
"RPS24",0.836444907655933
"LYSMD3",0.836546937663108
"MROH8",0.836608512191438
"PPAT",0.836621236381087
"LOC101929591",0.836661995202634
"SOST",0.836664040165021
"CCDC9",0.836703717825573
"ACTRT2",0.83673364056168
"SPATA5L1",0.836761159915966
"LOC101929668",0.836761984877102
"CYP26B1",0.836765564767525
"LOC440173",0.836779494194604
"CCDC117",0.836894685884398
"MTCH1",0.836897626016538
"LOC102724561",0.836933595099136
"RRP1B",0.837019458370216
"TMEM65",0.837072792323597
"SMNDC1",0.837099270234944
"NOP10",0.837135294799675
"TNFAIP8",0.837154042109312
"PCBP3",0.837217231634578
"GABPB1",0.837240712937485
"LRFN3",0.837245103839137
"HADHB",0.837269742932607
"ZNF791",0.837272364176529
"MASP1",0.83733006878476
"KCNK6",0.837407774029636
"FAM168B",0.837539441139189
"CRIP3",0.837542036729054
"CNPY1",0.837629000506041
"IL23A /// TCRBV11S1A1T /// TRBV25-1 /// TRBV25-1",0.837642816091316
"CWC22",0.837663826795036
"ARSJ",0.837787083562918
"LOC101927752",0.837803113891882
"LOC100505915",0.837822084605432
"NAGS",0.83793159868093
"CACHD1",0.837949346559572
"C21orf67",0.838037067071901
"SHPRH",0.838082786586934
"LOC388210 /// LOC400499",0.838116503686823
"COLGALT1",0.838196672718874
"CTD-3025N20.3",0.838225169955053
"SLC25A14",0.838225457536403
"IMPACT",0.838250142973093
"RS1",0.838258000832191
"RNF7",0.838280299959937
"TOB2",0.838284466957024
"B4GALNT2",0.83832414352248
"C19orf66",0.838367838274363
"LINC00944",0.838403600180066
"ARHGEF28",0.838476675254203
"TC2N",0.838566465665108
"TAS2R10",0.83865175282666
"DMRTC1 /// DMRTC1B",0.838792426010882
"CA5B",0.838920554148406
"SLC45A4",0.839073819286511
"AX746627",0.839123591962267
"OCIAD1",0.839187831959045
"DCTN1 /// SLC4A5",0.839213948128748
"SDR42E1",0.839245197386439
"LOC101926944",0.839261651580238
"LOC100506571",0.839322717723813
"CDC27",0.839545507866384
"UNC5D",0.839551439183252
"KRT2",0.839561113885315
"ITGA8",0.839680922110572
"P2RY12",0.839721192618211
"RP11-112J3.16",0.839743767781106
"LOC101930415",0.839872382612008
"ABCA9",0.839920018890218
"RP11-539G18.2",0.839931692088654
"CTRC",0.839971805054197
"DSCAM-AS1",0.839995036945188
"LOC440864 /// MSH6",0.840107140449608
"TMEM185A",0.84018203924928
"ANGEL1",0.840213772649881
"SNX2",0.840319194774626
"DPH5",0.840348513812583
"RP4-584D14.7",0.840433428654626
"COL2A1",0.840459556560566
"ANKRD1",0.840560209627211
"LOC100506258",0.840569914384309
"BRAF /// KIAA1549",0.840663697491044
"CREBZF",0.840671967159951
"HSPA2",0.840676607733385
"BEST3",0.840690100023784
"FRMPD4",0.840706675270244
"LOC286083",0.84082005932651
"LOC100506827",0.840838044910274
"BC015774 /// SEPT7P2",0.840870800886863
"NRM",0.841021869807133
"PCGF1",0.84108067369238
"IFNA7",0.841108760663423
"CLPX",0.841139923400704
"VAPA",0.841165706554234
"HSF4",0.841205190983491
"IGDCC4",0.841232914323588
"CENPBD1",0.841304342067471
"LOC729652",0.841362464372698
"SNORA71A",0.841408627393894
"ZBTB25",0.841419039469565
"CLIP1-AS1",0.841470990382115
"STXBP2",0.841486167731146
"GSX1",0.841574308555122
"RBP3",0.841624302528582
"ELMO1",0.841634400925749
"APC2",0.841654531371167
"ZFYVE19",0.841679311698147
"EVI5L",0.841703735946507
"NCK1-AS1",0.841713750382804
"RP13-258O15.1 /// RPL26P37 /// RPL26P37",0.841715657285341
"MARCH11",0.84176765217411
"C7orf55-LUC7L2 /// LUC7L2",0.841841599935208
"AF086125 /// RP11-61A14.1",0.841882067848415
"LOC100506071",0.84189667509516
"LOC100506299",0.841906783209193
"ADAM30",0.841921536411311
"UTP14A",0.842017382941822
"RP11-310J24.3",0.842066128119489
"GBP1",0.842114440652325
"GALP",0.842121777568804
"OXGR1",0.842164021586899
"MPP1",0.842272731037764
"HYDIN /// HYDIN2 /// LOC101930373",0.842351780673012
"KCNAB3",0.842370336776714
"LOC100133669",0.84239408438111
"LY9",0.842555946191828
"LOC100505918",0.842587600993138
"RP11-134L10.1",0.842670134941056
"TAS2R4",0.84267414679504
"ZNF133",0.84270534242988
"C20orf62",0.842760237852951
"NOL4",0.842818261089836
"S100A7A",0.842978500955376
"PTPN4",0.843016116786267
"VN1R10P",0.843188693512815
"RPL12",0.843256558908222
"PIH1D2",0.843279301229797
"ARF1P1 /// ARF1P1",0.843358230470278
"FBRS",0.843413415536716
"NUDT21",0.84346927931514
"ASB2",0.843479996121553
"GPR155",0.84364454527624
"IFNA4",0.843696347163848
"NET1",0.843776878166651
"FAF2",0.843786747602461
"OPRL1",0.843886790278078
"TGM7",0.843970289477003
"ZNF419",0.843972083042078
"RP11-254F7.1",0.843998315288102
"CACNA1B",0.84414818475946
"PDK3",0.844264601481974
"LINC00929",0.844315024997535
"TMEM132E",0.844333761238398
"SLC22A7",0.844433395699917
"TUBB7P",0.84447006289801
"LOC101928196",0.844551218883481
"FLT3",0.84461414121861
"ZNF682",0.844692886755961
"HSD17B7P2",0.844861970406453
"C16orf95",0.844927422892091
"LOC101928666",0.844959437798989
"LOC283693",0.845044798955417
"TYR",0.845154169963457
"MAS1",0.845270304113469
"MIR6743 /// RIC8A",0.845304738168419
"GABARAP",0.845358495302442
"F10",0.845376778083988
"SYNJ2",0.845408695405751
"NPEPL1",0.845442612302249
"LOC400655",0.845468556087084
"LOC101927247",0.84553069745139
"AC007292.3",0.845616967018205
"SVOPL",0.845654719358947
"DOLK",0.845691993725434
"PRKD3",0.845703552757086
"BC027619 /// RP11-236J17.3",0.845799217428497
"ZNF391",0.846034334300564
"MX2",0.84606059743548
"NFATC2",0.846075974414623
"MBP",0.846152714521803
"LOC101927164",0.846186909492258
"NFX1",0.846291669725503
"MGC4859",0.846305707861483
"BC016361",0.846474962043672
"CACNA1H",0.846555494768594
"SET /// SETSIP",0.846579925710748
"C11orf24",0.84662589199019
"XKR8",0.846674161052224
"CALN1",0.84671746618218
"MTIF3",0.846743850699227
"LOC100132207",0.846750396011109
"LINC01206",0.84678852766622
"PMS2L2",0.846827290275864
"TGM6",0.846847155454377
"CHFR",0.846950429067762
"ZNF284",0.847107217790492
"EIF3H",0.847111962866101
"LOC101928162",0.847252778499998
"ELMO2",0.847274000402048
"PDCD1",0.84738482669878
"PAX9",0.847420595958221
"FLJ39080",0.847446651714469
"GIN1",0.847635751499578
"CBWD1 /// CBWD2 /// CBWD3 /// CBWD5 /// CBWD6 /// CBWD7 /// LOC101060578",0.847651588683405
"TSHZ1",0.84765216349377
"FAM127B",0.847658691574467
"IGF2BP3",0.847721796732799
"ISPD-AS1",0.847773472431223
"THRB",0.847831774937234
"IFNAR2",0.847836149038155
"PNMA2",0.847842793882597
"PITPNM2",0.84784582306658
"PSG4 /// PSG6",0.847892415773276
"SUPT16H",0.847915803824123
"FAM214A",0.84793064869737
"LOC401052",0.847947128689483
"DKFZP434I0714 /// MIR4453",0.847974405298814
"BIRC7",0.84808403313325
"HMGA1P4 /// HMGA1P4",0.848158907709787
"POLN",0.848242279579169
"SNX14",0.848251456851065
"TMEM158",0.84836940723704
"HARS2",0.848369522054547
"NCF1 /// NCF1B /// NCF1C",0.848446225754797
"CAPS",0.848449572440019
"OPTC",0.848461675227907
"TTC39C",0.848565289114199
"TF",0.84857750756478
"WIZ",0.848618843201579
"PRAME",0.848678274002632
"TPPP3",0.848727140317592
"ITPK1",0.84873395962434
"ASZ1",0.848737679926245
"SYNCRIP",0.848805805636982
"RPLP2 /// SNORA52",0.848838536732568
"SEMA3B",0.848852970339885
"FAM177A1 /// LOC101927178",0.84901298406063
"FBXO17",0.849024345090691
"LIX1",0.849031703569546
"FAM200B",0.849067173057482
"CCDC186",0.849182848297771
"TOLLIP",0.849199664417758
"SIGLEC6",0.849234664290248
"ZNF222",0.849243546564675
"LOC344887",0.849298997241695
"C12orf42",0.849347651137986
"WDR73",0.849407066037723
"DPY19L3",0.84942291518384
"CCNT2-AS1",0.849431774041533
"HLA-DQB1",0.849544792301953
"LYPLAL1",0.849584752756538
"ZNF629",0.849697520377237
"TCF25",0.849705067581829
"GCNT7",0.849883919754371
"SPAM1",0.850136039303007
"RAB5C",0.850152932166203
"RAMP2",0.850412419238545
"AC005537.2",0.85043338749792
"SRRM2",0.850477403745667
"DSCR4",0.850532328905364
"GHSR",0.85078810184416
"BPIFB6",0.850789884962144
"LOC100505555 /// ZNF846",0.850828676173372
"AQP4-AS1",0.850877920790268
"GALNT11",0.850906968820385
"CHPF2",0.850918085530888
"RP11-687F6.1",0.850918268014279
"LOC101927702",0.85095575286781
"NOM1",0.851014235100228
"AK093362 /// RP11-774D14.1",0.851051887842616
"ERO1LB",0.851067915869825
"CNN3P1 /// CNN3P1",0.851085999818658
"KIR2DS4",0.85114893855256
"ZFAT",0.851246037411649
"LOC100507217",0.851287687400283
"RAB21",0.851301007834211
"LYZL1",0.851320671251756
"NQO1",0.851324113412138
"RP5-1170D6.1",0.851431173453831
"CFHR4",0.851554783921366
"TIAM1",0.851639884353184
"CCKAR",0.851669775946166
"XIRP2",0.85185012097796
"ZNF706",0.852027451890441
"FAM115A /// LOC100294033",0.85222169133184
"GNAQ",0.852230498623835
"JTB",0.852238594595724
"TMSB15A /// TMSB15B",0.852350402118271
"AX747630",0.852403061373657
"LOC101926963",0.852412459074726
"IFNA21",0.852437607240688
"PSMD6-AS2",0.852464492455875
"ADAMTS7",0.852468948083911
"PRNT",0.852493337297379
"RHO",0.852545991066117
"ADPGK",0.852612608773036
"LOC101928851",0.852685448589058
"UBE2G1",0.852717191580159
"RALGAPA1",0.852821065355171
"BAZ2B",0.852871843093772
"PPARD",0.852961889869749
"LOC101927886",0.852966891928246
"APBA3",0.852977838930851
"ENPP6",0.853010523753165
"DUOX2",0.853044969974791
"LOC100506406",0.85307464556483
"KRTAP5-9",0.853172427292075
"SORBS1",0.853241269606955
"MAP3K1",0.853314099723716
"GPR12",0.853369293356664
"DKFZP434K028",0.853382238845686
"RRAS2",0.853387911626383
"RAB11FIP3",0.8534028120657
"LINC00208",0.853428591560214
"CXorf38",0.853549573976162
"RNF187",0.85365089592458
"C1orf213",0.853660185936801
"TMEM25",0.853691216692165
"TMEM150C",0.853702375427294
"ZNF595",0.85375473938543
"LOC101928009",0.853759424025457
"TTC30B",0.85376868160819
"CTRL",0.853836553873129
"MFSD6",0.853920199998322
"HMGB1P12 /// HMGB1P12",0.854019288938137
"PPP3CC",0.854090336673259
"HIST1H4I",0.854103435529187
"OR3A2",0.854118925599327
"THPO",0.8542348593937
"IRX3",0.854237584696925
"LOC339685",0.85436196961352
"POU6F1",0.854387159711738
"LINC00605",0.854424312262644
"LOC101930235 /// TRIM48 /// TRIM49D1 /// TRIM49D2P",0.854472160761076
"CMC4",0.854486266412485
"CREG2",0.854528464289667
"SEPT12",0.854569370968181
"BRSK2",0.8546120549743
"PPP6R3",0.854697615559678
"WDR45",0.854774151104171
"AK291611 /// TRGV7 /// TRGV7",0.854810365583761
"PTGER1",0.854957571708348
"BAI3",0.855032324559127
"PARK2",0.855101433040291
"PSAPL1",0.855142841265109
"L3MBTL1",0.855295117878325
"KCNMB4",0.855337913833899
"LUC7L2",0.855344779173967
"MRPS10",0.855415582946914
"SERAC1",0.855426305470359
"LOC283112",0.855846952688928
"RNF207",0.855872197117344
"RFPL1S",0.855970038857699
"EFNB1",0.856106493843619
"TRIB3",0.856108779796625
"RP11-843B15.2",0.856150610812138
"ADH7",0.856222823616294
"CDKAL1",0.856244689119222
"MUC15",0.856327846505352
"RIMS4",0.856366355354613
"DLGAP1",0.856372827531003
"KLHL2",0.856399697820177
"LINC01209",0.85645920190171
"LOC101929225",0.856623844115865
"KLHDC7B",0.85662438352332
"HBZ",0.856886087260852
"AF520793",0.856909307691752
"RP11-90C4.2",0.856977270181436
"LOC100129935",0.857050897992422
"CTC-550B14.7",0.857094625837304
"RP11-66N11.7",0.857112929221476
"LINC00029",0.857172370854682
"STXBP5L",0.857219719008883
"PLCZ1",0.857333543048671
"IFI16",0.857339278761297
"SMAD5-AS1",0.857408066130999
"OR5J2",0.857409966689042
"TCRA /// TRAV21 /// TRAV21 /// YME1L1",0.857413819047679
"YWHAQ",0.857612721061727
"WRB",0.857619928646747
"ELFN2 /// RP1-63G5.8",0.857805456521707
"SUCLG2-AS1",0.858017169345859
"KCNS3",0.858070791729225
"SPATC1L",0.85808731101916
"SLC52A2",0.858098372884261
"ZNF528",0.858107658866106
"PML",0.858125685389984
"CCSER1",0.858195039273562
"PTPRK",0.858226654171667
"FYCO1",0.858231383522764
"LINC00969",0.858246725393384
"PLEKHA8",0.858284530081317
"AC005785.2",0.858298659195615
"SCAF11",0.858374724341387
"LOC100132077",0.858380213038215
"CIRBP",0.85844842860348
"UBQLN3",0.858450981276282
"NAA35",0.858469354046314
"KEL",0.858550416154131
"ZBTB38",0.85858849449299
"ZRSR2",0.858667322344633
"DQ599616",0.858714662748193
"ZNF92",0.858822080572987
"RP11-210M15.2",0.858911864337068
"FGD5-AS1",0.858923153552384
"CTSZ",0.858935535416631
"LOC101928201",0.858997600106148
"SP1",0.859119180588433
"CTA-292E10.6",0.859164755631665
"GTF2A2",0.859203992777716
"DISC1",0.859271719125678
"LOC101927424 /// LOC101929800 /// LOC440896 /// PGM5",0.85936499295903
"HPD",0.859552019971523
"UBL7",0.859583237703631
"MSH5 /// MSH5-SAPCD1 /// SAPCD1",0.859781849603543
"DGCR5",0.85978297650378
"RNF220",0.859787894028928
"CEP57",0.859799979634424
"RTKN2",0.859841353880627
"CNGA1",0.859891615563351
"SCTR",0.859909749092966
"DLG1-AS1",0.85993604233477
"LOC284561",0.859960576844302
"TVP23C",0.860006452197156
"LOC254057",0.860262496112191
"PHACTR2",0.86027299564117
"CXorf30",0.860326426046265
"NDST1",0.860395683232518
"AF198444",0.860405678133315
"ANKFN1 /// BC037494",0.860454058385569
"CDKL5",0.860494671497588
"CIDEC",0.860559024361522
"KLHDC9",0.860672375212441
"PRODH2",0.860694156643569
"DZANK1",0.860698360059592
"LINC00507",0.860706028490621
"WDR37",0.860731761762414
"PAPLN",0.860805853082145
"GNA12",0.860839778959259
"MYOM2",0.860961378191382
"RGS14",0.861021628192782
"PCDHAC1",0.861126931092625
"UBE2Q1",0.861187821979886
"OR2B3",0.861199907857412
"LINC01189 /// LOC101927827",0.861238673387058
"IL2",0.861248155128369
"TMEM167B",0.861286374535385
"C6orf25",0.861296452757913
"PRSS27",0.861364315458846
"C12orf61",0.86145151878681
"MAP3K5",0.861658135416595
"RARRES1",0.861690639863252
"RP1-272E8.1",0.86186778498726
"ZNF625 /// ZNF625-ZNF20",0.861915289802173
"NSMAF",0.862076522161679
"KIF2B",0.862260635001447
"WAC-AS1",0.862516833623905
"INO80",0.862551470988235
"C20orf197",0.862616181737166
"PPIL6",0.862753842828304
"BAG4",0.862759558178572
"TRIM3",0.862821929468566
"HKDC1",0.862851257806671
"ANKRD36BP2",0.862863719185417
"RP11-585P4.5",0.862904525363287
"DENND4C",0.862924112227763
"PGAP3",0.862930723375232
"FABP7",0.863102496318135
"C1QTNF1-AS1",0.86319406956652
"LOC400654",0.863206611853964
"NOL8",0.863245348258399
"HERC2 /// HERC2P10 /// LOC101929047 /// LOC101929832",0.863279440702347
"POU2F1",0.863431302972134
"C11orf73",0.863447563255106
"SNORA74A",0.86361543529697
"DHFRL1",0.863666456847319
"C3orf62",0.863671775766437
"FGD2",0.863700603513297
"ARSA",0.863723976744626
"RBMY1A1 /// RBMY1B /// RBMY1D /// RBMY1E /// RBMY1F /// RBMY1J",0.86375965704856
"PP12708",0.863774411281018
"ZIK1",0.863843100536106
"SNRK",0.863845991233881
"ZNF239",0.863900709236041
"KPNA3",0.86394123582452
"FLJ37201",0.863960608996771
"LINC01212",0.863985041104228
"KRCC1",0.864003895709595
"ECE1",0.864054967114293
"ENDOD1",0.864063597758056
"LOC100506504",0.864088439554631
"RNF185",0.864097385809515
"LOC102724640",0.864123924888594
"MACROD1",0.864136941138103
"RP11-201A3.1",0.864178546187559
"PITPNM3",0.864287291601877
"MC2R",0.864379417069687
"ERCC1",0.864468399687536
"LOC286178",0.864532086285147
"RP11-1109F11.3",0.864535442848
"NIPAL4",0.864613239094575
"TECPR2",0.864834994292865
"NCAM1",0.864908650994456
"C9",0.864910345546548
"CCL14 /// CCL15-CCL14",0.864973157168502
"PCSK2",0.864980796393842
"RNF103",0.86501107492557
"RP11-436D10.3",0.865089946892279
"LOC101928651",0.865160942800363
"AC003986.5 /// BC043576",0.865242140090469
"LINC00504 /// LINC00504 /// MGC4836",0.865367231452544
"SHANK2-AS3",0.86554219319762
"ISL1",0.865556881027392
"GRIN1",0.865661057545387
"SRL",0.865742981565683
"ARHGEF11",0.86575460988121
"SYCE1L",0.86580346856029
"GGTLC2",0.865841532845584
"PDK1",0.865865444623753
"FXR2",0.8658888065968
"PHAX",0.865920634714281
"PBDC1",0.865985585015208
"C2orf44",0.86601499445751
"LOC389834 /// MAFIP /// TEKT4P2",0.866112366788392
"TTLL9",0.866119793134144
"CRIM1",0.866239808259984
"RP11-36B6.1",0.866429271226027
"TTC25",0.866459381049026
"LOC100862671 /// SRCAP",0.866497290579249
"GCNT1",0.866501510156729
"POU4F3",0.86675464084983
"GNA14",0.866770404139162
"RELT",0.866829263565071
"PTPLAD1",0.866961049375238
"BSN",0.867019253174832
"LOC100422212",0.867149564181024
"RNPS1",0.867168970655039
"RP5-1136G13.2",0.867305529358746
"LINC00968",0.867370342701278
"SF1",0.867395226089861
"SPAG7",0.867433485795034
"PXN",0.867500213479788
"PLG",0.867509315260874
"ARF4",0.867541893934597
"EGOT",0.867637526123926
"NRXN2",0.867658332369938
"SERHL /// SERHL2",0.867663039532819
"LCN1",0.867664086392345
"RP5-1098D14.1",0.867678487259134
"AZI2",0.867678677939731
"KCNA5",0.867752378232044
"LOC101927604",0.86775267352215
"ENAH",0.86775485769888
"APCDD1L-AS1",0.867792355648628
"PROSER2-AS1",0.867798448321989
"TMEM8B",0.867841223588886
"ARSF",0.8678621174931
"KRTAP4-5",0.867886187424305
"FOXJ2",0.867925586179795
"LOC101060181 /// LOC101928574 /// ZNF44",0.86792901906281
"NIT1",0.86799072767204
"C10orf11",0.868027730235293
"NRBP1",0.868042720918229
"OR10A4",0.868115016140848
"PRPF4",0.868117904852185
"MSMB",0.868161348650292
"LINC00654",0.86821511713039
"SNAPC5",0.868221702730267
"IL2RA",0.868302701371601
"ACBD6",0.868342168667817
"YME1L1",0.868494696570444
"NAPB",0.868499310924379
"FBXO18",0.86859282457344
"DMBX1",0.868599704249688
"RP11-1078H9.6",0.868645077424074
"BMP3",0.868676748097183
"RPS10",0.868727624284463
"FAM95B1 /// LOC101928261 /// LOC102724314",0.868750389220244
"MAPK1",0.868807671508847
"SAMD12",0.868854396914466
"TP53",0.8689418831267
"ZNF691",0.869048280046223
"H6PD",0.869066129220325
"LPA",0.869089127144695
"LOC100133920",0.86919515608134
"LINC01197",0.869240640417568
"SLC35A1",0.869249520541674
"ADCY10",0.869261727838986
"CKLF /// CKLF-CMTM1",0.869262546647507
"PBOV1",0.869270942089344
"C21orf128",0.869346412354064
"TBC1D10B",0.86937092338473
"VSIG10L",0.869522099218025
"TMPRSS6",0.869559927730475
"TGIF1",0.869578836538226
"MIR1204 /// PVT1",0.869611490011368
"UBLCP1",0.86979762934338
"STRIP2",0.86982900507284
"B3GNT5",0.869863744919097
"ITGA9",0.869870437550373
"PDE1B",0.869899223097316
"GPRC5B",0.869977036055422
"BPTF",0.870012198793177
"FAM46A",0.87007368849136
"LOC100506603",0.870086730901858
"G3BP2",0.870149712542301
"DMRT3",0.870262744501886
"AMZ2",0.870302296364065
"C1orf186 /// LOC101929219",0.870316065898141
"SLC44A2",0.870408798657412
"NANOS3",0.870427915013873
"TBRG1",0.870442085738212
"KIAA1430",0.870512066725017
"STS",0.870518121997922
"BC045789",0.870551103901995
"TGIF2LY",0.870560310413128
"LOC101929224",0.870755115824558
"RP11-27I1.6",0.870766599659387
"LOC101928243",0.870861177826059
"R3HDM2",0.870956839758993
"BRCA2",0.871040170054216
"WDR11",0.871048754082554
"RASSF6",0.87106131560335
"TTC4",0.871105421341666
"YJEFN3",0.871151512132816
"TTC16",0.871192245260909
"GDPD3",0.871326118450788
"TMEM9",0.871371918796609
"HLA-G",0.871393752025
"EGLN2",0.871449560750942
"NS3BP",0.87147392537591
"RP11-1E4.1",0.871504116206479
"SNHG12 /// SNORA16A /// SNORA44 /// SNORA61",0.871515278973179
"SMEK2",0.871542379879428
"MAGI1",0.871600195013143
"CTD-2619J13.17",0.871697552261108
"HDAC11",0.871770141231216
"SLC24A4",0.871802650888187
"SUGT1",0.871872008233114
"MIEF2",0.871876083124542
"ZMYM6",0.871897799759826
"COX17 /// POPDC2",0.87199521120797
"USP36",0.87203828750258
"AS3MT",0.872069646341459
"GART",0.87212297544451
"SYCP2L",0.872124180453359
"LOC101929280",0.872295058946278
"LRIG2",0.872313545541802
"TRPV4",0.872314786364209
"RP11-442O18.2",0.872339776836443
"ARR3",0.87234407197312
"LOC728819",0.872464184281477
"C9orf57",0.872486822449374
"SSR4",0.872589352417507
"LOC101928231",0.87274318550926
"TRAF3IP1",0.872812547391567
"PIN1P1",0.872822758993303
"LOC100294145",0.872839512213732
"KRIT1",0.872858019415233
"FAM153A /// FAM153B /// FAM153C /// LOC100507387 /// LOC101928349 /// LOC101930363",0.872863795167043
"KDM4C /// KDM4C",0.872948565708693
"WFDC10B",0.87296272560207
"BPY2",0.872967038661548
"DPY19L4",0.872972979792466
"GTF3C4",0.873055682973783
"RP11-55K13.1",0.873057071661202
"SCP2",0.873113114873628
"ZNF578",0.873343124916117
"ZNF595 /// ZNF718",0.873412751095088
"OR52K3P",0.873478207647289
"GATA3-AS1",0.87354574963259
"RP11-330M19.1",0.873574596412044
"LOC280665",0.873699907433522
"SCT",0.873732564098759
"SNRNP200",0.873821266913009
"FFAR2",0.873875764134638
"PLEKHA4",0.873922967011098
"ZNF302",0.874002474511094
"CEP76",0.874132939044769
"PRKAR1AP /// PRKAR1AP",0.874147546303358
"VANGL2",0.874277957465091
"SURF1",0.87435137785221
"BARHL1",0.874380947700357
"LINC00421",0.874385572707179
"BCAP31",0.87441197225203
"KRT7",0.874444032572767
"SH3YL1",0.874502888458592
"LSP1",0.874518280729174
"NDUFA4L2",0.874589341631758
"LOC101060275 /// LOC101929910 /// LOC613037 /// NPIPA5 /// NPIPB11 /// NPIPB3 /// NPIPB4 /// NPIPB5",0.874599659932584
"LOC100507477",0.874611565192294
"MTMR2",0.874754554604192
"GXYLT2",0.874758251183675
"LCOR",0.874851054499331
"SNAI3",0.874879931157737
"CIDEA",0.874909285314277
"CD151",0.87493753042927
"TTC8",0.874949361894724
"PLLP",0.87504520170186
"MSL1",0.875128754640174
"S100A10",0.875183171057619
"RABGGTB",0.875246948076852
"RPP25",0.875352970416547
"KIF17",0.875381192662683
"C4orf6",0.875386083639752
"PCDHGA1",0.875427978336818
"DDX17",0.875430461187742
"GSK3A",0.875445121913144
"SKAP2",0.875449236987121
"ANKRD13C",0.875553611140438
"ZNF416",0.875648659451661
"CALHM1",0.875673087736448
"MIA2",0.875684282568681
"LOC253573",0.875784768662358
"CLEC14A",0.875836627679694
"SCP2D1",0.87584629721596
"LINC00441",0.875858425696154
"SCAMPER",0.875892721980503
"KRTAP13-1",0.875985300198197
"IGHV7-81 /// IGHV7-81",0.87601262626039
"SCIN",0.876225996935987
"ASH1L-AS1",0.876241852239004
"RMDN1",0.876284094169103
"NCAM2",0.876293611962358
"STARD13",0.876303863572442
"PLD2",0.876403406400174
"RNF139-AS1",0.876477624768472
"TRIP4",0.876487888588621
"UTF1",0.876622134968472
"ADH1B",0.876643271661796
"COLEC10",0.87673842559616
"UBL3",0.876787184917281
"TMEM95",0.876890424326483
"CBY1",0.877083995641431
"FRY-AS1",0.877177500869962
"DNAJC18",0.877262416564988
"VPS54",0.87726284221847
"WDR63",0.87740468759064
"LYRM1",0.87741212762736
"RPL21 /// RPL21P28 /// SNORA27 /// SNORD102",0.877526954229722
"C1orf110",0.877545488162133
"M6PR /// PHC1",0.877568192746892
"LINC01226",0.877571083977507
"SLC16A14",0.877615521585668
"ND2",0.877655472768754
"RPL35P8 /// RPL35P8",0.877664058279804
"PIK3C3",0.877668621343415
"BRD8",0.877749502819908
"GSTA1",0.87793664509443
"MIR6751 /// SYVN1",0.8779588009292
"LINC01146",0.878087361865945
"SEL1L",0.878114740035133
"PRORY",0.87815686313058
"PPP1R27",0.878180409465602
"GSTA3",0.878286465282276
"CCDC176",0.878289758126065
"HTR7P1",0.878299190762432
"HHLA1",0.878336692896481
"DRD2",0.87835428792656
"DLG3-AS1",0.878448547895698
"LOC1720",0.878529645927788
"GMNC",0.878588943584444
"MTF1",0.878591794175883
"MIR6872 /// SEMA3B",0.878694443651882
"DNAH2",0.878737018373024
"OPHN1",0.879059428027528
"DLGAP1 /// LOC102724716",0.879117811010909
"LINC00639",0.879141612770196
"CCDC151",0.879157931027171
"QRICH2",0.879207549522461
"KAT2B",0.879238516325503
"ABI3BP",0.879273271444992
"OR6W1P",0.879424719996951
"IGHA1 /// IGHG1 /// IGHM /// IGHV4-31",0.879436231418541
"ACKR4",0.879468397160516
"EVI2B",0.879576164941461
"GALNT1",0.879631911020289
"LOC284600",0.879659973668686
"CBS",0.879660055305709
"GAS2L2",0.87982327607431
"AC018755.16",0.879872034229529
"BRWD1",0.879922453313166
"TAF8",0.880044306042562
"AC002064.5",0.88006573887367
"PCDHB3",0.880126501839453
"POU4F2",0.880147680023956
"ZNF529",0.88028768783184
"NHLRC2",0.880292225733136
"RP11-394I13.2",0.880293016804072
"KLF1",0.880522704377864
"TCL6",0.880671041680975
"ZNF639",0.880699557754103
"SPEM1",0.880779746617368
"HNRNPLL",0.880843490147065
"DHH",0.880853357230464
"ADAMTS19",0.880882818798666
"RP11-215H22.1",0.881049017152958
"IL6R",0.8811180049373
"TAAR5",0.881129628512793
"GPR25",0.881164894876526
"ZNF417",0.881181160269174
"SMCP",0.88124760241021
"SHARPIN",0.881276978986161
"ARID1B",0.881284012555107
"NPY6R",0.881288673323521
"C19orf18",0.881334101622544
"NRBF2",0.881398821274608
"HIST1H4J",0.881411100560329
"RAB11A",0.881453134199793
"GTF2IRD1",0.881455768092329
"PPP1R3E",0.881569535006207
"ASAH1",0.881592080056379
"CPLX3",0.88169021482316
"MIF",0.881768618792402
"MEF2C",0.881846668002612
"TMEFF2",0.881865194461357
"LACTB",0.881865850579628
"SAMD3",0.88202085726148
"BC034416",0.882124410009431
"BLOC1S2",0.882126425393187
"DEFA5",0.88213997489404
"KRR1",0.882218092495787
"SSTR2",0.882352394260998
"RP11-540O11.1",0.882389702200571
"BC069756",0.882468732946628
"PDCD10",0.882476541931895
"LOC613266",0.882504541641738
"FBXO44",0.882585334607237
"PDCD5",0.882745492191851
"C5orf49",0.882777445274677
"MOB1A",0.882842207886662
"FTSJ1",0.88285082555023
"NKAIN2",0.882965620415123
"EFNA1",0.883076811307235
"UGT1A6",0.883203984907035
"EYS",0.883292430377709
"TRAF6",0.883342296355799
"C15orf59",0.88334458026456
"RP11-68I3.11",0.883349251877307
"LOC101928833",0.883380991214739
"VWA8",0.883430322981367
"SPAG17",0.883634087557369
"FPGT",0.883840803231075
"FAM193B",0.883930068386069
"STIP1",0.88397549672282
"CBX5",0.883983188130367
"GATA3",0.884013713803851
"AC004490.1 /// AX746733",0.88406547601355
"LOC101927420",0.884072865507848
"ANKS3",0.884073755536484
"CHI3L1",0.884086875474215
"CDRT1",0.884240222511529
"PARD3B",0.884264283306554
"C16orf58",0.884308610083003
"MED20",0.884359062551353
"MOB2",0.884375015025834
"LOC101928697",0.884384497787951
"LOC101060321 /// LOC101060351 /// LOC101060376 /// LOC101060389 /// LOC102723859 /// LOC102724862 /// TBC1D3 /// TBC1D3C /// TBC1D3F /// TBC1D3H",0.884511790930874
"CD1A",0.884525506801694
"HTR1E",0.884527806698532
"MPZL1",0.884528760524348
"HAGLROS",0.884594143312462
"ZNF271",0.884636164741846
"CA5BP1",0.884652187110406
"LRTOMT",0.884670124770215
"ARF1 /// MIR3620",0.884741129242062
"PPRC1",0.884777897354925
"LZTS3",0.884884418240479
"TIPRL",0.884912567175909
"RP11-50B3.4",0.885087699450526
"TEDDM1",0.885281154340843
"C10orf90",0.885329299126569
"OTUD4",0.885366681930376
"TAF2",0.88537200263816
"SYTL3",0.885573938756708
"LINC00307",0.885687444206316
"QSOX2",0.885743225753891
"LOC101928622",0.885827598322692
"CNN2",0.885829288403132
"ZBTB3",0.885868921065284
"SLC1A7",0.885989250226669
"MSC",0.886028966620973
"HIST1H4A",0.886082007983162
"FBXL20",0.886098975596641
"NCK2",0.886106217460438
"MAGEA6",0.886123035434107
"CDRT15",0.886227919290482
"POLL",0.886353852454871
"SLFN12",0.886419868888859
"TRAF1",0.886437331419066
"LOC101927523",0.886559043840171
"ARHGEF26",0.886619273281315
"H19 /// MIR675",0.886660494449521
"SAA1 /// SAA2 /// SAA2-SAA4",0.886696784172109
"MMP2",0.886708531214603
"CAPZA2",0.886851800651736
"SLFN5",0.886910689372171
"RP4-647C14.3",0.887067187532793
"MZT1",0.887086628446039
"PSMD10",0.887140316215561
"FAN1",0.887150022641155
"RHEB",0.887279652011877
"RGS12",0.887346991956498
"TPD52L2",0.887408789645485
"BROX",0.887515391297644
"ADAP1",0.88759310353819
"WFDC1",0.88760851430894
"PDYN",0.887721205030517
"NEUROD1",0.887773986944495
"LOC101928551",0.887841702882268
"HOTS",0.887864701928551
"TSNAX",0.887896575343618
"GTF2H1",0.887906781147892
"LOC101928504",0.887960642711453
"MTO1",0.887974977197863
"ORC6",0.887997407047546
"KHNYN",0.888114437049395
"LINC00886",0.888139569269548
"CELA3A",0.888150962627995
"GMFG",0.88821143420219
"ST18",0.888277532439799
"HK2 /// RP11-259N19.1",0.888317788677671
"RP11-131L23.2",0.888322440362745
"RP11-429B14.4",0.888329297017335
"GIMAP1-GIMAP5 /// GIMAP5",0.88852201177086
"SLC6A13",0.888639239602469
"CGNL1 /// LOC101930344 /// LOC101930349",0.888717273160035
"HELZ2",0.888761695140535
"ZKSCAN3",0.888777810679858
"LOC100130691",0.88880868750417
"LOC101929153",0.888824995766748
"AZGP1P1",0.888890074107812
"LOC728613 /// PDCD6",0.888945431166101
"NFE2L1",0.888946943686724
"NUBPL",0.889079799439848
"CFDP1",0.889144493033764
"AK1",0.889193907285621
"PYHIN1",0.889388420649157
"LOC101927705 /// P4HA2",0.889390794679779
"MIR4647 /// SLC35B2",0.889426635070332
"C19orf33",0.889431866666045
"MFI2",0.889437547395992
"CTNND2",0.88945904400212
"BPIFA2",0.889470460239871
"VPS37D",0.88953887245517
"MAD2L2",0.889630919368484
"RP1-30M3.5",0.889671431332307
"PUM2",0.889816245004632
"FFAR3 /// GPR42",0.889841185514612
"THUMPD2",0.889855764137847
"PGM2L1",0.889985619256215
"DDHD1",0.890057592842589
"PARD6A",0.890174421414434
"SMG7",0.890246052785338
"ABO",0.890251155025465
"BRICD5",0.890325261472043
"CTD-2269F5.1",0.890327968421258
"ATP6V0B",0.89034612535013
"LINC00588",0.890353990338543
"LOC101927787",0.890358577368249
"SMCO3",0.890561548378841
"UFC1",0.890567883252004
"ARHGAP42",0.890681996681584
"PSG3",0.890747364800739
"SPDYE1 /// SPDYE2 /// SPDYE2B /// SPDYE5 /// SPDYE6",0.890855420360499
"GCOM1 /// MYZAP /// POLR2M",0.890884386801765
"ZNF207",0.890935946607103
"NEBL-AS1",0.891038597018547
"RP4-730D4.1",0.891072595391148
"C2CD2L",0.891133463612972
"IGSF22",0.89113459078992
"MGC27382",0.891192012746374
"MAP3K9",0.891223475704095
"FBXL6",0.891277492457429
"LOC102723645",0.891372339026967
"CHST12",0.89137468278934
"ZNF224",0.891569805315266
"TMPRSS11E",0.89158999827179
"PTH2R",0.891593556202729
"TAAR3",0.891607640974655
"RP11-375I20.6",0.891620597769223
"RPAP2",0.891659037342297
"LCP1",0.891665677082142
"LMF2",0.891814838278579
"WBP1L",0.891818358294983
"EPB42",0.891821675188007
"EPHA7",0.891860720412948
"TUBA3FP",0.8918824890215
"RP11-83N9.5",0.891896486012614
"IGHG1",0.891914869332237
"LOC284933",0.891921679592751
"TMEM74",0.891973431015586
"DIRC2",0.892012968542125
"LRRC46",0.892014840363698
"LINC00993",0.892156958640628
"RP11-25I15.3",0.892234821046819
"LOC102725438",0.892271574603085
"ABRA",0.89231217803294
"THUMPD1",0.892313164841794
"CDC42SE1",0.892327904077557
"LOC101927543",0.892619553139987
"FAM98A",0.892671484756266
"DKFZP434H168",0.892691538362461
"LRIT1",0.892702322627893
"RIPK1",0.892738856889505
"TMPRSS4",0.892891365952195
"AC004158.3 /// AK055364",0.892914771144962
"LINC00938",0.892989348675892
"PEG3-AS1",0.893025690137606
"PCDHGB5",0.893047211606388
"SORT1",0.893117262525351
"GRIN3A",0.893135922054909
"FMR1",0.89319180175987
"PDCD1LG2",0.893345224246848
"CDC42EP2",0.893439996319058
"SIRPAP1 /// SIRPAP1",0.893470440136543
"BTBD17",0.893514164017645
"CA10",0.893595395754936
"SLC38A5",0.893665324886317
"OTP",0.893784063485038
"IFT46",0.893789799009385
"LHFPL3",0.893900817237715
"RP11-288L9.1",0.893946217377108
"EDIL3",0.893977323697893
"RP11-359E8.5",0.894004798845165
"CLEC2D",0.894036590607252
"GJB2",0.894040197994108
"DKKL1P1 /// DKKL1P1",0.894041687556381
"RP11-85A1.3",0.894045522213815
"CXorf22",0.89408896093436
"SRRM3",0.894091680934523
"LOC101929243",0.894111134732736
"NTNG2",0.894196485556241
"SFTPC",0.894211788744863
"CUTA",0.89421980999179
"TXNDC2",0.894248357470374
"CAD",0.894266076207741
"LOC101929719",0.894318608957339
"SEC61B",0.894328171671117
"IGLV4-3 /// IGLV4-3",0.894330798152699
"CRIP1",0.894346840905192
"RP11-319G9.3",0.894350373775918
"LOC100652931 /// RBMY2FP",0.894476452688477
"BTBD18",0.894546030013304
"CHTOP",0.894589940614027
"MTX3",0.894772975151536
"ACSM5",0.89481565278419
"TULP4",0.894910057194328
"LOC101927870",0.894934246713238
"ANKIB1",0.895157975821813
"ANKRD36B",0.895229152223647
"CTR9",0.895397291879698
"LOC340107",0.895409010220752
"TCFL5",0.895415404185288
"PIGA",0.895478216718906
"TNFRSF10B",0.895573610253724
"TNXB",0.8955737245305
"GCM2",0.895600513347334
"PLCXD2",0.895621610962058
"CLRN1",0.895728392102392
"SCN10A",0.895740531897385
"SLC30A7",0.895809020427169
"AC104667.3",0.895828761080035
"EP300",0.895857313044171
"TMC1",0.895889719451649
"MYBPC1",0.895921807117458
"LOC101928850",0.896017519082993
"CYP39A1",0.896031452987421
"BDNF-AS",0.89607069387091
"SLC8A2",0.896080024823468
"GLP1R",0.896169969093874
"LOC101929112",0.896173486217501
"AC099684.1 /// BC040634",0.896174251565448
"LACTB2",0.896188769253544
"KCTD16",0.89619783245898
"LRWD1 /// MIR4467",0.896206721848322
"BTK",0.896215097267149
"CD40",0.896361772905622
"EIF4A2",0.896451231742984
"LOC101928495",0.896473263628964
"BHLHB9",0.896589580818572
"FRRS1L",0.896618775214932
"LOC101928102 /// LOC102723678 /// LOC102723709",0.896621101394893
"GPR55",0.896636730026218
"LINC00671",0.896650668680891
"OVOL3",0.896695089872219
"LINC00667",0.896737239731618
"RP1-58B11.1",0.896825080981073
"RASGEF1B",0.896855989803586
"TMEM114",0.896971707169259
"HNRNPA1P31 /// HNRNPA1P31",0.896996978802423
"HIAT1",0.897047679293035
"ZNF606",0.897082873558224
"DYM",0.897089218260583
"AP001462.6",0.89712389163215
"LINC00982",0.897154863875033
"OR2J3",0.897187303488475
"ARHGEF6",0.897335588668752
"LOC101930048 /// LOC101930053 /// VLDLR-AS1",0.897346321887451
"RP11-301O19.1",0.897406634571032
"SERPINB8",0.897427152423084
"ATP2B3",0.89753217529656
"SCNN1B",0.897570143646595
"WDR31",0.897966987463705
"CHRD",0.898026690425097
"FAM24B",0.898041331758264
"MYH9",0.8980701888375
"WTIP",0.898105491549963
"RANBP2",0.898236580299921
"DPP10",0.89827131979391
"R3HDM4",0.898331715345127
"REL",0.898426018807734
"LOC101928565",0.898430960766527
"KIAA1257 /// LOC100132731",0.898445348870708
"FBP1",0.898477360887677
"M1AP",0.898489544284033
"ENKD1",0.898505328833877
"RPL34-AS1",0.89860775457406
"IGSF3",0.898623278445515
"CRYGD",0.89872420944074
"PTPRT",0.89880446071598
"HPS1",0.898823780627969
"LINC00514",0.898835271876252
"LOC101927058",0.898897099653349
"TRIM58",0.898899674420031
"TKTL2",0.8989572485301
"CCSAP",0.899066684185131
"RP11-102M11.2",0.899092256775504
"PDHA2",0.899124694069614
"LHX4",0.899134430314674
"SP100",0.899160060305365
"ZNF329",0.899171434434578
"ASB10",0.899193353458778
"NUDCD1",0.899194665248038
"SMAD1",0.899246981374903
"SLC30A1",0.899265925316908
"ARHGEF40",0.899307457424818
"ATP6V0A1",0.899338668531748
"HOXA10-HOXA9 /// HOXA9 /// MIR196B",0.899480831597922
"MED12L",0.89952674045665
"RPLP2P1 /// RPLP2P1",0.899721887564991
"IGLVIVOR22-1 /// IGLVIVOR22-1",0.899744317608622
"VPS41",0.899803226196535
"LOC100508408 /// RPS13 /// SNORD14B",0.899925030539158
"MDN1",0.899972782782156
"RNF139",0.900007466429983
"C15orf39",0.900145429645543
"LILRA4",0.900203994706728
"FAM166B",0.900254612610463
"GATA2",0.900264484952726
"DNAAF3",0.900280687918893
"C5orf28",0.900341648305805
"LOC100130452",0.900352803597043
"BYSL",0.900440779133098
"NEDD1",0.900459187332548
"BAZ1A",0.900531885588094
"RTN4R",0.900674034517086
"MUC4",0.900730179387043
"RIMBP3 /// RIMBP3B /// RIMBP3C",0.900826332762866
"GNGT2",0.90084493259616
"HOXA10",0.900850372377334
"SHF",0.900857602128287
"C15orf26",0.900859198865709
"RELL1",0.900865316368627
"CGGBP1",0.900915173255203
"ZFAND1",0.90091584525572
"GAPVD1",0.900943312643676
"ALKBH5",0.900944476180471
"MARK1",0.901024216325733
"ANKAR",0.901028487161849
"ST6GALNAC3",0.901049728677194
"CSF2RB",0.901092451713791
"ANP32C",0.901187075505571
"TUBB8P2 /// TUBB8P2",0.901217234471479
"C4BPB",0.901429267403563
"EEF2K /// LOC101930123",0.901431292981152
"LOC100996517 /// LOC102724364 /// SEC22B",0.90148089591878
"PLCXD1",0.901593089562129
"LOC101929718",0.901611989188137
"PPDPF",0.901625342486894
"TMCC1-AS1",0.901700564557697
"GPR150",0.901733269413011
"THEG5",0.901735277678748
"CD274",0.901816627409045
"DNAH14",0.901881922265744
"KIAA0556",0.901885010526222
"AF086154 /// RP11-432J24.5",0.901901318288737
"AX747250",0.90206020805141
"DSC1",0.902063087946902
"LOC283482",0.902096810644164
"PALM3",0.902156222221818
"LOC101930593 /// LOC102724352",0.902169635407118
"TYRO3",0.902304788486433
"BC042091 /// RP11-752D24.2",0.902368813163399
"WNT6",0.902401293073172
"C11orf54",0.902401934103913
"C6orf195",0.902471136840542
"LOC100506526",0.902488219386327
"LINC01364",0.902534758788991
"KIAA1683",0.902559355204349
"LOC100129603",0.902656823704576
"C1orf101",0.902738531676647
"DPEP2",0.902906028538548
"ZNF318",0.902909871844618
"LOC100129722",0.90291047574861
"SIRT2",0.902947778332284
"BC031255 /// RP11-260O18.1",0.902997433009066
"IARS",0.902998270666128
"FAM45A",0.903068614637056
"DDX31",0.903071055978317
"CDR1",0.903178552532674
"JADE3",0.903188925885507
"GUCA1B",0.903292201630911
"FAM84B",0.903319889565414
"GAD1",0.903353643723107
"EIF3A",0.903418959148958
"OR10C1",0.903442668688958
"SERPINB13",0.903466876732183
"LOC101927451",0.903485380771592
"GALNT13",0.903498802808936
"MCPH1",0.903528273603228
"SLC5A4",0.903547351659141
"IL11",0.903660626707258
"RBM12B",0.903708816444429
"LOC554174",0.903724324695091
"DSG1",0.903725339277085
"FCHO2",0.903810966526099
"RP11-521O16.2",0.904038116433887
"SIL1",0.904045385581419
"RP11-552M11.8",0.904117023312859
"AC007364.1 /// FLJ32955",0.904132849073616
"BC036778 /// NCOA3",0.904145917357049
"NCR1",0.904165590715779
"ZNF146",0.904188169848374
"GCA",0.904253820235317
"TRIM50",0.904262701905193
"RET",0.904356822905384
"CKMT2-AS1",0.904387386358614
"ASF1A",0.904409490920241
"LOC100049716",0.904442557918994
"ZDHHC18",0.904505587985207
"HIST1H4PS1 /// HIST1H4PS1",0.904511030584799
"CCDC142",0.904549280292186
"PARP10",0.90461862350383
"SFT2D1",0.90464046407898
"LPAR4",0.904649871312857
"FUBP3",0.904697655296738
"ZNF81",0.904736559051855
"RP11-285A1.1",0.904812520201782
"NPSA",0.905010304655057
"SCN5A",0.905091777353479
"LGMN",0.905155117237117
"PLAC4",0.905283027588055
"KIR2DS2",0.905311912533504
"MAP3K7CL",0.905359864456589
"PPEF2",0.905376943756186
"BC042372 /// RP11-45P15.4",0.905434022786599
"SUPT5H",0.905545341356821
"RPL7AP10 /// RPL7AP10",0.905569086805485
"LOC101927849",0.905574700615713
"STL",0.905657605963013
"MAP1S",0.905668282480365
"SLC25A3P1",0.905872575598334
"PKIB",0.90589050437812
"SEMA3F",0.905912746463142
"JOSD2",0.905966227846531
"RP4-539M6.14",0.906016375900598
"FDCSP",0.906029547212665
"FADS1 /// MIR1908",0.906029704907655
"NOL6",0.906062547956136
"CDX4",0.906087633996372
"FBXW12",0.906105679027267
"SLC26A11",0.906162614503503
"MALT1",0.906192179307115
"OR7A10",0.906220989759948
"ACSL1",0.906292944282809
"FAM138A /// FAM138B /// FAM138C /// FAM138D /// FAM138E /// FAM138F",0.906300541742066
"RP11-400N13.1",0.906381876646623
"NDUFB5",0.906407483548651
"PRKAR2B",0.90642212240611
"LOC100289045",0.90642841427784
"FCHO1",0.906461257672194
"CHD9",0.90659469205775
"FAM218A",0.906727629351197
"FGFRL1",0.906743043498453
"DNAL4",0.906760725675057
"WWTR1-AS1",0.906812743381883
"RBP4",0.906841463346944
"TCRBV15S1",0.906869681772738
"C5orf64",0.90689847048462
"C9orf131",0.906933978814541
"LOC100996717 /// LOC100996763 /// LOC101929796 /// NOTCH2 /// NOTCH2NL",0.906995973367382
"TMEM127",0.907042952907207
"FAM215A",0.907054506196627
"PCDH11X /// PCDH11Y",0.907100232911256
"GOLGA5",0.907162517308824
"GMDS-AS1 /// RP1-80B9.2",0.907224626687828
"AUP1",0.907398825700534
"LOC100507506",0.907484756139809
"LOC100506679",0.907681017208051
"SNX12",0.907686007283578
"SPSB3",0.907789495614329
"OR2C1",0.907815274615578
"FGF14-IT1",0.907915702594758
"DCUN1D5",0.90798375300395
"RNPC3",0.907988661254269
"FOXN3",0.908010635886777
"CASC16",0.90803000273192
"NLRP7",0.908060515549144
"LINC00619",0.908109518301323
"L3MBTL3",0.908140105886294
"KIAA0125",0.90817672335193
"NACA2",0.908238363831267
"TAAR1",0.908314879547826
"RP11-533E19.5",0.908402024745275
"SLC30A3",0.908403862356612
"RAB30-AS1",0.908504288512795
"SLC10A2",0.908508744843774
"T-18",0.908515536945859
"CUX1",0.908547284745241
"SATB1",0.908595765391012
"EXOSC3",0.908667051555251
"LY6G6E",0.908685077766928
"EFNA4",0.908719400652437
"AGO4",0.908869531341027
"IQSEC1",0.908874132653769
"LOC100507494",0.908914056970937
"LINC01105",0.908978196452065
"ACTR10",0.909018194281432
"CTSG",0.909034150227792
"PLSCR1",0.909100368103525
"GARS",0.909104570258702
"SMARCAL1",0.909151275204852
"AK024242 /// RP11-758M4.4",0.909173442394601
"NIPBL",0.90929014200998
"ADAM28",0.909352093881059
"NIPAL3",0.909445757716325
"LOC101929777 /// WNT3",0.909532291216328
"STAT3",0.909543275933853
"FBN2",0.909613509509311
"GRIK4",0.909642899782863
"LOC101928160 /// ZNF707",0.909649997499548
"LOC101929456",0.909677385259184
"CAMKK1",0.909689150056018
"RAB4A /// SPHAR",0.909838859096525
"AMN1",0.909865531997938
"RP5-968J1.1",0.909918637966719
"STT3B",0.909953233745271
"LOC100506922",0.910021851888039
"CLIC2",0.910048510981047
"POLB",0.910052603187353
"PMVK",0.910079774733758
"FOXF1",0.910225559252468
"WDR75",0.910231329074914
"BCKDK",0.910250873972313
"C1QTNF9 /// C1QTNF9B",0.910294899950614
"TBC1D13",0.910383292225539
"CTD-2021H9.3",0.910392168951658
"C8G",0.910427650331164
"METTL4",0.910662268928134
"NSUN7",0.910710627883634
"BC063675 /// CTD-3138B18.5",0.910744441575227
"NCEH1",0.910805482462673
"MLLT4-AS1",0.910853634115907
"GADD45A",0.910888938501473
"MYEF2",0.911163255946027
"CD6",0.911224108931544
"LOC101929524",0.911268016831605
"PHKB",0.911579045461739
"UBE2Z",0.911617058925822
"BSN-AS2",0.911688947060132
"KCNC3",0.91182688052408
"UFL1",0.91197441701726
"RAP1GAP2",0.912050297758491
"TPP2",0.912180894420163
"SLC9A1",0.912275354452722
"ZNF512",0.912283092028847
"TMX1",0.912297175162349
"CCDC66",0.912326545937312
"SCYL1",0.912337588796215
"C2orf49",0.91235612135399
"CLUHP3 /// ZNF720",0.912449459685217
"CREB3",0.912547168274998
"HILPDA",0.912579922288488
"TRIOBP",0.912627990654236
"NAP1L1",0.912670065699441
"KCNH3",0.912675249241114
"FAT4",0.912721221738283
"LOC101929441",0.912738187954822
"SLC31A2",0.912749827105395
"CREG1",0.912905928303821
"LOC100996425",0.912941794387865
"ZBTB1",0.91304091133904
"LOC286058",0.913108724536025
"LINC00521",0.913113862621265
"LUZP4",0.913159780656061
"KIR3DL1",0.913165195417023
"FMOD",0.91321722939324
"UCP2",0.913225468804528
"ATP6V1E2 /// FLJ41757",0.913287209349175
"KRTAP19-1",0.913315067442254
"ELF5",0.913353429917565
"KCNN4",0.913401512524671
"EEFSEC",0.913408531315361
"BEND2",0.913420357946461
"TRIML2",0.913464552478423
"MEAF6",0.913548140942062
"REST",0.913643909880003
"TUBGCP5",0.913812413975666
"TIA1",0.913853372877323
"VWA7",0.913889149014908
"SNX21",0.913989620348955
"LOC102723757",0.914026745996675
"OR52D1",0.914089100694281
"CYP4A11 /// CYP4A22",0.914101362175041
"KREMEN2",0.914115592922735
"SLC40A1",0.914175318255456
"POLR3GL",0.914189939778486
"FLJ34503",0.914321458404034
"SDK1",0.914327279852239
"DUSP10",0.914337101667433
"RP11-680F20.10",0.914422255736226
"ZNF358",0.914440776289764
"ZNF837",0.914446606641801
"hsa-let-7a-3 /// hsa-let-7b /// hsa-mir-4763 /// MIRLET7BHG /// RP4-695O20__B.10",0.91459016557293
"KLHDC4 /// LOC100129637",0.914597208051904
"LIPF",0.914674294046167
"XRN1",0.914693712908492
"POLR3G",0.91471033077027
"WDR91",0.914720557134137
"GCNT3",0.914721351705206
"LOC646743 /// TISP43",0.914733149058541
"NEUROG3",0.91480280124722
"ACTA1",0.914808089961161
"CLSTN3",0.91481301235244
"PTGFR",0.914829687206496
"ELAVL2",0.91489056212129
"U47924.29",0.914923453593355
"CD37",0.914933144140599
"ND4",0.914976056761091
"TXNRD3 /// TXNRD3NB",0.915054789760888
"ZSWIM1",0.915105981677109
"GATSL2",0.915189354717134
"MAT1A",0.91522856919587
"SUGP2",0.915240185749367
"LOC101928767",0.915353363176772
"KIF21B",0.915370190276904
"RP1-39J2.1",0.915393851266896
"CA11",0.915396859501238
"C7orf25 /// PSMA2",0.915404480643633
"FAM91A1",0.915453390053491
"COX6CP2 /// COX6CP2",0.915455481039553
"TMEM44",0.915489671226142
"MAP3K6",0.915498317081132
"LINC00326",0.915502869085163
"BCAP29",0.915565832114365
"SIGLEC17P",0.915570626217584
"SUN2",0.915720046690622
"MED11",0.915764264567195
"CPED1",0.915895165270536
"TUBA4B",0.915908796513564
"ACSS3",0.915972473453952
"HSCB",0.916071632858185
"LOC283454",0.9160864344552
"SLC45A2",0.91609908625969
"IGFN1",0.916193997048664
"CTD-2555O16.4 /// MTHFD1",0.916236795409668
"KLLN",0.916246517185705
"LOC101930067",0.91626731558249
"AK097836 /// RP5-971N18.3",0.91627201157947
"DOCK8",0.916281651610396
"ASMT",0.916388585515254
"INPP5K",0.91642523786066
"LOC100506606",0.916448421532096
"GCC1",0.916515118810699
"KIRREL2",0.916615611734901
"NPPC",0.916639445242745
"LOC100132078",0.916855414752195
"PRPS1",0.916881134415523
"INPP5D",0.916952945380799
"RP11-307L14.1 /// RP11-307L14.2",0.916971014117605
"STK36",0.9170167962201
"HSP90B1 /// MIR3652",0.917080573052094
"NFE4",0.917270780143943
"ERVH-6",0.917364406537343
"SMAD7",0.917388949578864
"AC002310.7 /// ZNF785",0.917471433735888
"BSCL2 /// HNRNPUL2-BSCL2",0.917501618400572
"NTN1",0.917530930682011
"LOC101929297",0.917564358320227
"BCLAF1",0.917609225527358
"C1orf50 /// LOC100129924",0.917629426856307
"TSGA10IP",0.91764838730843
"FOXD2-AS1",0.917671104314317
"RPS16",0.917684370898578
"DUSP15",0.917687406629157
"GPR26",0.917717224739748
"SULT2B1",0.917831252377544
"CMA1",0.917895802139433
"PCDHGB7",0.917967756954705
"HRH3",0.917995685214859
"ABCF1",0.918009108462936
"FSD1L",0.918028650637079
"TGS1",0.918062769157853
"TATDN3",0.918229350822565
"RP11-573N10.1",0.918242132959768
"AMELY",0.918363584578721
"CEP162",0.918368263933034
"CLNK",0.918415220971765
"MBD3",0.918440878771638
"CT47A1 /// CT47A10 /// CT47A11 /// CT47A12 /// CT47A2 /// CT47A3 /// CT47A4 /// CT47A5 /// CT47A6 /// CT47A7 /// CT47A8 /// CT47A9",0.918600850466855
"ZNF607",0.918635207074959
"CLEC4M",0.918725350534759
"EMC10",0.918729473930703
"TMEM231",0.918732779419753
"C6orf120",0.918738958908691
"LOC285556",0.918763106567028
"LOC101927085",0.91886605769119
"RP5-856G1.1",0.918889472380329
"CYP7A1",0.9189322391555
"RBBP8",0.918970527424054
"AKR1C3",0.918981487779337
"F2R",0.919026692206014
"AK091028 /// GMDS-AS1",0.919053813047262
"AC090627.1",0.919384240153418
"PYCR1",0.919506892826816
"TM9SF2",0.919540098672479
"MRFAP1L1",0.919620639434905
"LINC00271",0.919648995492025
"ZNF696",0.919654597886108
"RHCG",0.919720798506625
"BMP5",0.919741689904455
"SPDL1",0.919781847985732
"PDCD4",0.919816207429715
"CENPL",0.920016554316381
"TAF7L",0.920134311122549
"FAM201B /// LOC648761",0.920158076992206
"HGC6.3",0.920181102446983
"DDB1",0.920197558376924
"NANOS2",0.920258809125461
"SPTSSB",0.920296063093634
"SOX9",0.920320341761719
"TMEM75",0.920389342458887
"TYW3",0.92039470345149
"ITFG1",0.920413197171605
"LINC00927",0.920442440054337
"MYZAP",0.920450470240821
"BAG5",0.920494933386973
"SAMD14",0.920527271264033
"ABCG1",0.920667964295613
"AX748267",0.92070222241858
"RP11-153K16.2",0.920819766581434
"SLC2A4",0.920821057383525
"HYAL1",0.920849914814038
"TTLL11",0.920885957114221
"RAB3GAP2",0.920904800172408
"C6orf226",0.92091427472672
"AC004941.5",0.920987361863814
"BAI1",0.920997656285314
"AP1M1",0.921007322600681
"RP11-250B2.6",0.921184351531845
"CAPZA1",0.921259754888983
"C1RL-AS1",0.92134649053765
"BC040886 /// RP11-804F13.1",0.921478528235576
"EGFL6",0.921516717668631
"SLC25A21",0.921528535742467
"WDR11-AS1",0.921534447181313
"MAPT",0.921677093566105
"SERPINB6",0.921753693337129
"LRFN2",0.921771368962828
"AK055458",0.921804144790604
"TRIM44",0.921859859462949
"RPS20 /// SNORD54",0.921878580473577
"UMOD",0.921903085896505
"WDR62",0.921965779910352
"EXOC6",0.922045585366032
"RHOBTB2",0.922127308944787
"ZNF579",0.922146764398198
"DLEU7",0.922164955189029
"CUEDC1",0.922172989785445
"MAP3K4",0.922206625927663
"LOC100287210",0.922271638641762
"ZNF486",0.922381609075127
"ZFYVE21",0.922403202573697
"ERN1",0.922444815425252
"FAM86B3P",0.922447198496688
"HCG8 /// ZNRD1-AS1",0.922485924488318
"KB-431C1.5",0.922544624527116
"CSRNP2",0.922599279233398
"MRPL9",0.922636141083107
"FKRP",0.922797761362117
"ITGB7",0.922806180787643
"HPS6",0.923065456213892
"FNDC5",0.923079961722956
"C6orf123",0.923113739868697
"MYT1L",0.923133484755297
"CRYBG3",0.923149892542886
"SCAMP2",0.923176070252761
"STON2",0.923303698439148
"NUP214",0.923312545469636
"FAXDC2",0.923318992406802
"LOC100133315",0.923433877587077
"CYFIP1",0.923478207131949
"SARDH",0.923492379249516
"LINC01359",0.923524500464743
"NKX1-1",0.923556933114555
"PIK3R6",0.9237571726306
"ATHL1 /// LOC101930595",0.923845712697541
"ZFP69",0.923847392133592
"TRMT12",0.923865384248229
"PTGES3L",0.923985725408613
"LUC7L3",0.924123734713718
"LMX1A",0.924146043588458
"AC024560.2",0.924159818030108
"LRP5",0.924162415130783
"ANXA9",0.924170136462429
"DYNLL1",0.924507224431815
"TSPAN31",0.924513177703247
"NKAP",0.924717776543515
"MYF5",0.924734692530487
"LOC102724009",0.924774199590336
"LOC284240",0.924877878773564
"C12orf57",0.925227084996549
"TBC1D10C",0.925283839399296
"CAMK1",0.925419711823616
"ACSM2B",0.925536652716648
"CFHR2",0.925582685155749
"GAMT",0.925600486907639
"CDC42BPB",0.925617605152071
"RP1",0.925638640858377
"OBP2B",0.925642266557252
"LOC101929505",0.925650484102318
"OSBPL6",0.925700505303735
"ATP5S",0.925725139305684
"PARP4",0.925813968754677
"ACTL7A",0.925835278933361
"LAMTOR5",0.925836948492946
"BC034444",0.925892662456373
"ERLEC1",0.926074049143566
"LOC102723380",0.926092922525391
"ZNF84",0.926135203228257
"LOC400756",0.926194332282922
"CCDC70",0.926392693150446
"LHX1",0.926396221803637
"ANKRD30BP3",0.926567600847818
"WDFY4",0.926624683797416
"AMZ2P1",0.926679650804335
"FGF14",0.926790143048467
"LOC101060004",0.926847856011801
"SP5",0.926922099162567
"DDC-AS1",0.92701091918264
"RNF5",0.927051167641924
"SNCB",0.927204302820688
"NBEAL1",0.927246179066298
"AAGAB",0.927258418839562
"RP11-403N16.3",0.927299201278773
"PSAT1",0.927350409323396
"FKBP4",0.927497580846182
"AKIRIN2",0.927610805366841
"C17orf64",0.927628380552298
"LOC101928978",0.927660227102185
"ARX",0.927681031266328
"C2orf42",0.927731238356584
"SERPINA2",0.927773215490581
"ADAMTS8",0.927822577096309
"USB1",0.927968106123419
"RNF26",0.927978774715627
"ACTL6A",0.928176957841511
"TTC21A",0.928207784488059
"ATP6V1C1",0.928283749710019
"RNF145",0.928318899550799
"UBL5",0.928337531001485
"IL17RC",0.928391788411039
"IFT88",0.928423992384396
"LOC100996792 /// MAP2K3",0.92844492499393
"RP11-59H7.3",0.928514832968251
"PFDN1",0.928772709481536
"FAM111B",0.928823193582447
"CASC15",0.928839156296031
"KRT33B",0.92888934669781
"PRSS54",0.928933335861096
"PRH1-PRR4 /// PRR4",0.929025647920914
"ZNF879",0.929115601574836
"ING4",0.929115775711718
"FLJ31715",0.929270502102801
"GAGE1 /// GAGE12B /// GAGE12C /// GAGE12D /// GAGE12E /// GAGE12F /// GAGE12G /// GAGE12H /// GAGE12I /// GAGE12J /// GAGE13 /// GAGE2A /// GAGE2B /// GAGE2C /// GAGE2D /// GAGE2E /// GAGE3 /// GAGE4 /// GAGE5 /// GAGE6 /// GAGE7 /// GAGE8",0.929313627655294
"HCLS1",0.929330760806151
"BMPER",0.92938785060608
"LRRD1",0.929400071556997
"RRP36",0.929415606897699
"LOC283861",0.929459111630753
"RHOH",0.929635657977932
"MYL7",0.929648436829809
"CEP95",0.92965412088351
"GDF2",0.929724890597028
"AK094733 /// RP11-114G22.1",0.929728412999414
"LOC283856",0.929744327796194
"NEUROG1",0.929746412956492
"PDP1",0.929754980658912
"CTD-2616J11.10",0.929755352855329
"ZFHX4-AS1",0.929944018083861
"SNTG1",0.9300121934729
"AK057657 /// RP11-473I1.9",0.930045029968787
"MIR124-2HG",0.930139913561185
"SLC4A7",0.930256297329144
"NBPF4 /// NBPF5P",0.930264912536816
"ATXN2L",0.930453021558879
"RP11-402G3.5",0.930511986549406
"ADORA1",0.930661826618416
"REG1B",0.9306750030638
"FAM102A",0.930755671283782
"ATP6V1F /// LOC101927180",0.930801510442508
"AK3",0.930842932894603
"RPL38",0.930908378538882
"MATK",0.930943285607669
"FAM188A",0.930945808988972
"C18orf25",0.931057977804042
"ZNF519",0.93105850339412
"TMEM167A",0.931200737528841
"LOC101928076",0.931271151094071
"LOC100134445",0.931291111886885
"CATSPER3",0.931353117067125
"FERD3L",0.931355955536013
"LINC01098",0.931440718608876
"LOC100506325",0.931488226634571
"SQLE",0.931563236330636
"TUT1",0.931587240491015
"SPAG9",0.931616046115008
"MRPS21",0.93165674104823
"XPNPEP2",0.931670792649031
"LOC554206",0.931679199183119
"HK1",0.931767709690774
"NEUROD2",0.931788267883458
"LOC101928597",0.93178958605505
"CT62",0.931872641449248
"STK32C",0.931873834854478
"CMTM6",0.931885704590702
"LOC151657",0.932131858265572
"INA",0.932142147609628
"GRIK1-AS1",0.932147481946904
"SH3D21",0.932282766992456
"FLJ11292",0.932370064117272
"EML3",0.932542388725737
"ZNF567",0.932543364179382
"AC005523.2",0.932573487084038
"PGBD4",0.932655268744574
"PRR12",0.932727369743631
"E2F6",0.932753336110143
"PIM3",0.932755358476641
"ACOXL",0.932770624034121
"RPS7",0.932801876930875
"HEATR4",0.932827836954166
"TINAGL1",0.932861820761857
"ARHGEF4",0.93288947357504
"CTD-2311B13.7 /// P775P",0.932963729130145
"RP11-167H9.3",0.932963949441402
"TFR2",0.932983967094771
"LOC101927382 /// PAX8-AS1",0.933011081965314
"ZNF546",0.933017762544671
"LOC101927027",0.933075886224721
"TNKS1BP1",0.933081733892699
"CIB3",0.933140802480075
"ATG16L2",0.933150131189697
"ZNF34",0.933246395703238
"CCDC135",0.933270719131858
"DYNC1H1",0.933330962000016
"VPS39",0.933357320995311
"PYGB",0.933446372073521
"CHURC1-FNTB /// FNTB",0.93349220866843
"ZNF397",0.93349418705096
"RSBN1",0.933505880818568
"ZNF683",0.933747549577889
"LINC00623 /// LINC00869 /// LINC01138 /// LOC103091866",0.933755112058668
"ZDHHC19",0.933758377662904
"ERLIN2",0.933844447373917
"NKRF",0.933944766795238
"KBTBD3",0.93401949507387
"TSC2",0.934075933592593
"GLIS3-AS1",0.934111196930886
"SLC6A15",0.934124234708091
"FIG4",0.934154698442458
"ASB12",0.93417745964097
"LOC645355",0.934255108921893
"FAM210B",0.934325001767813
"EXOC1",0.934395625180565
"TAF1B",0.934396927967583
"MGAT5",0.934431866392979
"SENP8",0.934501628449826
"FLJ30901 /// SCUBE1",0.934665998444296
"LOC101929886 /// PGM5-AS1",0.934712246835342
"P2RX6",0.934721477005912
"KCNV1",0.934740108114353
"CITED2",0.934774647478862
"ZRANB3",0.934805198939915
"RBM5",0.934901036343463
"CTD-2554C21.3",0.934928983258356
"CSH1 /// CSH2 /// CSHL1 /// GH1",0.934965830212939
"WDR7",0.935020939674884
"SPATA18",0.935026985385808
"PLB1",0.935095701489901
"CRX",0.935130475219668
"FBLN2",0.935316515989392
"COX1",0.935338371909119
"KIRREL3-AS2",0.935391431083434
"ALX3",0.935486667199464
"RP11-73K9.2",0.9355315202558
"ZNF276",0.935552551735535
"SH3TC1",0.935629097138842
"ANKRD40",0.935636127198786
"LOC100505515",0.93569536684366
"FAM200A",0.935784565635158
"MIR6878 /// TARS2",0.935804106900253
"PGF",0.935919211859367
"FAM92A1",0.935923966825627
"ZNF782",0.935954505488694
"LOC389895",0.93606370213843
"AC079767.4",0.936146709739132
"ALG10 /// ALG10B",0.936155067238355
"BEX1",0.936163508592774
"CCSER2",0.936192604607515
"HRK",0.936229706490383
"HMGXB3",0.93627512500024
"HSPE1-MOB4 /// MOB4",0.936330340363442
"SETDB2",0.936359941327975
"B4GALT2",0.936538729249125
"SV2C",0.936561673548198
"C7orf63",0.936617314234213
"TRAV12-2",0.936707369661269
"LOC100240734",0.936745256398745
"DKFZP434A062",0.936802016259076
"NPAS4",0.936824740317479
"GPT2",0.936853905620943
"LOC101060604 /// SLC7A5P1 /// SMG1P3",0.936856771770545
"LOC101928191",0.936951114487263
"C21orf15",0.937019687919946
"B3GNT2",0.937083929288178
"HERC2P7",0.937154604347195
"FAIM",0.937208274618442
"USP4",0.937215006649486
"FBXL14",0.937337330882652
"LOC100287728 /// ZNF75D",0.9373541486247
"ZNF19",0.937448866695192
"SDCCAG3",0.937522697361068
"ISG20L2",0.937584405042168
"PDS5A",0.937673996048326
"APPBP2",0.937688210898395
"H2BFXP",0.937815946618881
"OR2L2",0.937956827459231
"SPATA6",0.938010555689394
"SPAST",0.938049458440874
"USP13",0.938088199366029
"H1FOO",0.938099219189672
"HLA-DOA",0.938102710851891
"SCARB2",0.938109305884045
"UBBP2 /// UBBP2",0.938115347966051
"FAM199X",0.938179043683326
"MAN2A1",0.938220313503493
"CLDN6",0.938240545490223
"LOC100287610 /// ZNF717",0.938331627629454
"SIX6",0.938418776705256
"AKT1",0.938439799339615
"JAK2",0.93846091057653
"AC007349.5",0.938471427160357
"GLDN",0.938527779076062
"TRIM33",0.938540198459068
"ZNF80",0.93858568733217
"LOC101929073",0.938597581929682
"ZNF431",0.938613122430167
"AGTPBP1",0.938874890230711
"P2RX5-TAX1BP3 /// TAX1BP3",0.938970199071888
"CDC14C",0.939020841894649
"RAC2",0.939048173044346
"ZNF485",0.939061954710744
"TMEM198",0.939125725937669
"SPINT1",0.939127246799253
"POT1",0.939167494394943
"TMEM107",0.93919631842995
"NDFIP1",0.93924183826902
"LINC00607",0.939261950114009
"TEX10",0.939288974994884
"LRFN4",0.939309562908683
"LOC101927181",0.939310036929401
"FLJ26850",0.939354236605211
"ASB7",0.939381275093776
"LCN8",0.939466531292919
"LOC101928605 /// OR2A1-AS1 /// OR2A20P /// OR2A9P",0.939517123353818
"BC069782 /// STAMBPL1",0.939526464681101
"LOC101927783",0.939578293880184
"LRRC28",0.939605349554449
"VPS13D",0.939666078737162
"CATSPERB",0.939731132439645
"CCDC157",0.939745070565491
"RNF169",0.939750083216447
"PGBD2",0.939759674109437
"SLC17A5",0.939803377215926
"EPC1",0.939854882848526
"ZNF230",0.939861825000135
"SULF2",0.93986948232218
"IGH /// IGHA1 /// IGHA2",0.939882276660665
"FAM46D",0.93990656586103
"HS3ST3B1",0.939934616033084
"SSR1",0.940072752993898
"DNAH12",0.940141211895383
"CCDC153",0.940224929857713
"PWP1",0.940238665984659
"OBFC1",0.940270640694017
"RP11-1008C21.2",0.940306425973881
"CHD5",0.940352124069811
"FMO4",0.940416076111066
"SCAMP5",0.94048576180778
"LOC101928031",0.940501683029307
"SLC33A1",0.940510053396349
"PTPN5",0.94058243196864
"ZNF43",0.940664956585018
"GRIK3",0.940735890167018
"SAR1A",0.940742343080194
"LINC00684 /// LOC100132304",0.940745911226226
"SYNPR",0.940769397301407
"IQCF1",0.940782817820569
"TTTY6 /// TTTY6B",0.940810103934135
"IFIT1",0.940989849769713
"BMF",0.94101026957558
"ATR",0.941241930812567
"GNAS-AS1",0.941278635380946
"BRWD3",0.941336837392125
"JADE1",0.941462428424337
"RAD23A",0.94146901260602
"LOC284912 /// MB",0.941501750064713
"SLC16A1",0.941559626225581
"NDUFV2-AS1",0.941796683465419
"NTM",0.941839194484031
"PRTN3",0.941904750218246
"KATNA1",0.941994106587756
"CTU2",0.942064185708046
"ESPN /// ESPNP",0.942094589206795
"HEBP2",0.942148884755491
"BMP10",0.942179905472141
"CTB-119C2.1",0.942184237379232
"DCUN1D2",0.942190538057859
"OR51E1",0.942468323811709
"ITGA9-AS1",0.942469986528216
"TM4SF5",0.942475851637349
"GPX5",0.942492727444531
"PTDSS2",0.942499021774174
"PITPNB",0.942528893377511
"MTHFS /// ST20-MTHFS",0.942615269445835
"CMTM5",0.942628049699802
"GPR156",0.942645253868727
"DNAJB11",0.942793722349361
"RP11-135A1.2",0.942815746821635
"SPATA31C2",0.94283196056361
"TUBGCP2",0.942852162196452
"CDK15",0.942861607391185
"LOC101929255",0.942886050916805
"LOC101928618",0.943006102858289
"HNRNPC",0.94305571534398
"ACE",0.943085030729439
"SFT2D2",0.943214243753088
"RP11-90P13.1",0.943244267409436
"GSTTP1",0.943274668322947
"IVL",0.943275758283294
"GPATCH11",0.943330258345762
"HCG11",0.943363854003343
"OR7E2P",0.943364265932492
"BCL2L2",0.943458814699407
"TTTY7",0.943521862439113
"SEC14L4",0.943533782408375
"TMEM214",0.943583346653922
"BC033528 /// U73166.2",0.943620455499828
"KMT2E",0.943632553683943
"ACRBP",0.943662493417308
"BCAR1",0.943768877519208
"LINC00867",0.943810799047694
"ALDH1L1-AS2",0.943861755878867
"PPP2R5B",0.943881575838773
"LOC101927641",0.943885952771932
"C17orf49 /// RNASEK-C17orf49",0.943897057524227
"CDK16",0.943926095057399
"GRID1",0.94394068268623
"LINC00632",0.944150805242261
"CTNNB1",0.944195168665692
"IGH /// IGHE /// IGHE /// IGHE",0.944322366935217
"PSG6",0.944358801132676
"PRO0471",0.944396648503222
"LOC101927020",0.944465954763656
"OSBP2",0.944515466966351
"SMC4",0.944530654120344
"LOC728554 /// THOC3",0.944552484466771
"FUOM",0.944615113281902
"CDK6",0.944659861476929
"OR2H4P /// OR2H4P",0.944717591702422
"ABL1",0.944723435450088
"RNF168",0.944769418315395
"MGC34796",0.944788024281585
"SPI1",0.944822740207455
"SLAMF8",0.944840349489318
"TSHR",0.944867457591608
"LOC102724814",0.944885615943738
"DDI1",0.94491131844781
"LINC01120",0.944916235034831
"CUL1",0.944930127907291
"AC068831.3",0.944963311151202
"RAB39A",0.944987041880886
"AX747730",0.945052413290505
"SLC25A41",0.945066777069123
"GRIK5",0.945070782706867
"RCE1",0.945188108264216
"CYBB",0.945208560361482
"ALLC",0.945220208187617
"RP11-4M23.7",0.945282809959392
"ARL6IP5",0.945284394708521
"AK024936",0.945315081428015
"VOPP1",0.94534697905575
"TMEM175",0.945374613165457
"MYLK4",0.945438943419575
"RBM45",0.94543961239316
"IST1",0.945477955084413
"MGRN1",0.945566753675598
"SMC5-AS1",0.945792026685842
"LOC102724364 /// SEC22B",0.94587457210831
"TNFRSF11B",0.945876218767516
"TRIM9",0.946027866190278
"DEPDC1-AS1",0.946053635120209
"ZNF710",0.946063946543061
"CDNF",0.946116276152204
"FKSG49",0.946193091419778
"MFSD12",0.946199485470002
"TMCO1",0.946316102047787
"ACTG1P4 /// AMY1A /// AMY1B /// AMY1C /// AMY2A /// AMY2B",0.946319430285693
"PRRC2A",0.946447034593255
"RERE",0.946451027531828
"TRIM38",0.946503447334139
"SMG8",0.946513567342643
"T",0.946537250151249
"APOC2 /// APOC4 /// APOC4-APOC2",0.946554246890145
"KRTAP4-3",0.946986716463149
"TULP2",0.947013803525431
"SOAT2",0.947027221329057
"LOC220077",0.947080416722851
"CCNYL2",0.947161648106989
"ZNF264",0.947191476764986
"FENDRR",0.947196791954925
"LOC100131864",0.947409624180252
"SLCO6A1",0.94741547770946
"GSG1",0.947465975557831
"PRR20A /// PRR20B /// PRR20C /// PRR20D /// PRR20E",0.947483433918804
"ANO3",0.94752115467214
"SLC6A20",0.947620481726109
"MAGEC2",0.947674103508683
"B3GAT1",0.947716282081515
"LOC100129361",0.947728828307772
"RABGGTB /// SNORD45A /// SNORD45B /// SNORD45C",0.947786759893649
"TMEM126B",0.947793436709166
"DHX32",0.947795470270722
"FAM155B",0.947826249875972
"CRHR2",0.948041407024816
"ZBTB16",0.948046558713668
"HNRNPM",0.948070702651543
"LOC102724718",0.94814675523228
"RAB12",0.948157907772246
"ITPR3",0.948168405352994
"RP11-53A1.2",0.948272607652359
"ZNF8",0.948401064827475
"LOC101928954",0.94842357960656
"TMTC3",0.948554343583019
"RP1-217P22.2",0.948565366142106
"AK093370 /// CTD-3046C4.1",0.94865338165549
"THOC1",0.948684182954151
"HUS1B",0.948720723828427
"LAMTOR1",0.948764005875697
"RRP12",0.948808851486865
"PF4",0.948832597385734
"GPR182",0.94884936973229
"PRO1596",0.948877624089887
"CFD",0.948927323247956
"CHRNB2",0.948940669483892
"SH2D2A",0.948943929383305
"KIF6",0.949093062684977
"PSTPIP1",0.949129377951641
"TMEM67",0.94923817861734
"FAM71E2",0.949281922197514
"LINC00888",0.949288549015461
"SESN1",0.9492953191942
"SLC15A3",0.949304431647855
"ZNF821",0.949320224381357
"PIP4K2B",0.949346199667696
"TRMT2A",0.94942349944877
"UBXN8",0.949446918893382
"TOR4A",0.949868797229662
"JARID2-AS1",0.949901416240222
"LINC00052",0.94991041418244
"BTBD7",0.949917300689394
"SLC25A12",0.949988843933823
"ZNF891",0.950004935317128
"AC069277.2 /// AF279782",0.950007362630713
"CLVS1",0.950229613797629
"CACNA1G",0.950242055701488
"WFDC6",0.95035261655573
"STRADA",0.950361376872438
"CR2",0.950424470108702
"EXD1",0.950437493699773
"LOC101928770",0.95044384717616
"BC047484",0.950580697647846
"SNAPC3",0.950584647712336
"PNMA6A",0.950687591069004
"LOC100287290",0.950724564865105
"LOC255177",0.950766290038491
"UBE2V2",0.95078506300795
"PODNL1",0.950799076254901
"DQ582785",0.950850183482446
"FLVCR2",0.95092948923117
"PRR14",0.950971761489729
"RAI2",0.95099496353294
"RPL10A",0.951011751945029
"GOLT1B",0.951015137967123
"HECW1",0.95115809280015
"RNASE6",0.951165626282506
"BC042366",0.951230071589953
"GPR15",0.951295141389349
"FCER2",0.951326695212668
"LINC00470",0.95133242086601
"ARID3B",0.951337998916751
"LOC102724094",0.951358606764963
"RPS29P28 /// RPS29P28",0.951481439942029
"C1orf177",0.951497836932668
"PDE4D",0.951539658423673
"MT1X",0.951662105010757
"AX747140 /// TMEM198B",0.951758675100954
"RP11-255C15.4",0.951878780256234
"LONRF1",0.951974334427218
"FER1L6-AS1",0.952052159673784
"BC039319",0.9520844207721
"LPAR5",0.952116468941483
"ACSM2A /// ACSM2B",0.952124970738979
"C2orf68",0.952146441204533
"ACSF3",0.952180182298256
"CCDC184",0.952299549883689
"CCDC57",0.952309888718138
"UEVLD",0.952318258085701
"RCN2",0.952334642235221
"DPH7",0.95234994339339
"PNOC",0.952374094596436
"LINC00092",0.952378091284016
"DEK",0.952460299877117
"KRT223P /// KRT223P",0.952469928975672
"FAM227B",0.952599475183727
"BSND",0.952715309144666
"TFAP2A",0.952744222874438
"LINC00592",0.952750700072235
"NAA10",0.952815523953643
"BC037214 /// RP11-58G13.1",0.952849545209607
"RBM4",0.952875843265342
"CA5B /// CA5BP1",0.952890134251568
"TAX1BP1",0.953054455858858
"LILRA1",0.953059308637135
"AGBL4",0.953114201330916
"ARHGAP15 /// LOC101928361",0.953120854979856
"LOC100506691",0.953143093608041
"MMP10",0.953281934281974
"C1orf105",0.953404771370453
"ACTR3BP2",0.953404806354667
"PAPD4",0.953437132184653
"RPL35",0.953495973411016
"NGLY1",0.95349994841308
"PGLYRP4",0.953520162386624
"KIF12",0.953528795339639
"LOC100507391",0.953542180541283
"COMMD5",0.953590980280483
"RP11-300A12.2",0.953621038834619
"IL21R",0.953622480648247
"WDR38",0.953626354178033
"TNFAIP1",0.953648856216349
"ZNF555",0.953653748084604
"TTC18",0.953744892637373
"TTF2",0.953821089494393
"TMEM42",0.953857669495837
"GRASPOS",0.953866020243659
"LOC101928047",0.953930644800038
"PRPF3",0.954043751676943
"IGHD",0.954081199767102
"ZHX1",0.954113202092162
"C9orf66",0.954117472065083
"PLEKHM2",0.954170417376546
"NPSR1-AS1",0.954183455954647
"LIME1",0.954185864627376
"UBL4A",0.954399735053701
"ZAP70",0.954481046938339
"LOC102724229 /// RASA4 /// RASA4B",0.954522405344348
"TSPAN10",0.954596739665261
"TSPAN14",0.954654111882909
"FAM182B /// FAM27B /// FAM27C",0.954664726635123
"CAB39",0.9546905012031
"LRP11",0.954710207777867
"SLC7A3",0.954807730724591
"GPR64",0.954870480004742
"DNAJC27",0.954928498231391
"URM1",0.954935776143848
"OAF",0.954940483897417
"LOC100131508",0.955071338002985
"STAB2",0.955083135728021
"SH3BGRL",0.955083865491125
"XPO5",0.955116586636263
"DAPL1",0.955272486567267
"RPL31",0.955361191960947
"CPNE9",0.95541599620901
"DUOXA1",0.955572640979795
"LSR",0.95560024331785
"IGF2BP1",0.955652041422443
"NUS1",0.955657653759167
"LOC642980",0.955683377548766
"VBP1",0.955699474767324
"MMP28",0.955767408214135
"MST1R",0.95576855172592
"TRA@ /// YME1L1",0.955827582911433
"MRPS11",0.955848997098213
"PDE11A",0.955852942939109
"ETAA1",0.955891898014357
"RHAG",0.955929539789904
"OSTF1",0.956021498757109
"SH3RF3",0.956059605423212
"EGR4",0.956068898308028
"CTC-338M12.4",0.956078567863646
"LINC01442",0.956120625332808
"ASCL1",0.956166337435069
"RP11-151E14.1",0.95621740107029
"IRGC",0.956224359301141
"MOB4",0.956283590825295
"BPIFB4",0.956316070501216
"GPHB5",0.956318041655349
"FGF11",0.95637636224454
"LOC389247",0.9564821859443
"C16orf70",0.956558410028567
"PROM1",0.95659359029289
"TAS2R16",0.956894060866179
"TEX36",0.956938681858131
"CACUL1",0.956998239022098
"ZDHHC5",0.957027853519191
"EPN2-AS1",0.957057486824396
"RP11-334C17.5",0.957105595120462
"ACTL7B",0.957148905877059
"YIPF2",0.957257507426822
"CNGA3",0.957348014760394
"LOC101928909",0.95735583213214
"RNF24",0.95746023941691
"ZNF30",0.9575393892555
"NNT",0.957638589561817
"MTRF1",0.95767056378328
"TOM1L2",0.957677344343418
"EGLN2 /// RAB4B-EGLN2",0.957722181846796
"MUC1",0.957745176257821
"DACH2",0.957884941193485
"PLEKHA3",0.957921324358271
"LGALS12",0.957964896857362
"TMEM191A",0.957993952701066
"PNPLA6",0.958071676150169
"LINC01010",0.958082894927386
"ZNF562",0.958085756724335
"KLHL23",0.958121503523078
"C1orf194",0.958183790074095
"FAM53B-AS1",0.958199705873542
"FSCN2",0.958200732302462
"ASPSCR1",0.958207377895119
"UBN2",0.95820766425349
"OTUD7A",0.958282044334237
"LOC102725315 /// LOC727983 /// POM121L10P /// POM121L1P /// POM121L4P /// POM121L8P /// POM121L9P",0.958366060344248
"TTC39B",0.958407562688395
"EPHA5",0.958416271718603
"FTH1P5",0.958420143134474
"LOC100131860",0.958466277717216
"SLC16A8",0.958485540399641
"MARS /// MIR6758",0.958549150853805
"UNC13A",0.958624979694169
"IL18RAP",0.958643728080335
"LOC100129112",0.958690665784036
"TSGA13",0.958704998192698
"TNFRSF10A",0.958798144775147
"SUN5",0.958800361269509
"SF3B4",0.958814557063689
"SOCS6",0.958819277520135
"C1orf52",0.958838341727274
"SRFBP1",0.958844582422638
"RPL9",0.958870136324385
"LOC101930421",0.958909330932762
"TMEM64",0.958926203380865
"ACCS",0.959030477320675
"SCAF1",0.959201406038365
"GLTSCR1",0.959214164480317
"CCDC33",0.95928653927473
"ZNF584",0.959431270785426
"CX3CL1",0.959532110885084
"PAX7",0.959583094935641
"LOC100288860",0.959592285834373
"MYO18A /// TIAF1",0.959621964940733
"EFHB",0.959765021407591
"DIO2-AS1",0.959780921515927
"DNAJB6",0.959838076949972
"DVL2",0.959864865650411
"BC130595",0.959959806424738
"MASTL",0.960000289956169
"NPDC1",0.960107587662706
"TSNAXIP1",0.960113151218582
"ZNF330",0.960183658221462
"COL9A1",0.960196895585342
"CCDC64",0.96027837273504
"FAM120B",0.960294746697011
"RP11-91I8.1",0.960357736385517
"KLK2",0.96036680082896
"KCNMB2",0.960488151513968
"C6",0.960521637819812
"LOC286367",0.960547650053437
"ASB12 /// MTMR8",0.960785652806024
"LINC01289",0.96081206167146
"C9orf37",0.960925022082216
"MCFD2P1 /// MCFD2P1",0.960929116307449
"CWC15",0.960972911538555
"FKTN",0.960983788300295
"FAM216A",0.96099866584053
"MBIP",0.961015718108999
"DOCK11",0.961039490059559
"PIK3CD",0.961045203796104
"LOC101928139",0.961047741664199
"RP11-108P20.1",0.961162542532629
"LOC100996671",0.961168901445566
"LOC100506538",0.961264221701136
"RIIAD1",0.961273629148366
"ATP8B3",0.961315290786372
"AP5B1",0.961385509965264
"LOC101930059 /// LOC102724250 /// NBPF1 /// NBPF11 /// NBPF15",0.961506987893081
"MAATS1",0.961520795310901
"AGBL3",0.961623261915757
"NAALADL2",0.961720328029606
"AMOT",0.961725695891471
"ROBO2",0.961732842030402
"GAS6-AS1",0.961900550047466
"CCDC84",0.961928430399281
"MRGPRX3",0.9620071153117
"LOC285902 /// ZNF273 /// ZNF479",0.962013441117189
"AP006216.12 /// APOA1-AS",0.962236550541715
"LOC101929132",0.962268293868632
"RP11-1012E15.1",0.962334243288378
"SDC3",0.962371037444035
"PPAP2A",0.962398097302162
"ZMYND15",0.962467231279599
"LOC284080",0.962530145622071
"ENOX2",0.962541501559822
"RNF213",0.962549839457223
"RN7SKP150",0.962722446477161
"RP4-612B15.3",0.962751001518272
"TSSK2",0.962835134206405
"LOC101927490",0.962872038612051
"RAB14",0.96303084282821
"ZNF596",0.963052621384774
"LOC157740",0.963093191147275
"SSB",0.963176885645064
"EYA1",0.963200817078971
"ADAMTS10",0.963230070038889
"ETNK2",0.963235960086103
"LPCAT2",0.963247134365331
"PROSER2",0.96351757998482
"SPEN",0.963536278808484
"RLN1",0.963544371856601
"LOC154761",0.963550863070795
"C16orf92",0.963620991075548
"FLJ38379",0.96366159740058
"UHRF1",0.963812190420365
"IPO5",0.963823282424537
"URB1",0.963829456932287
"SPG7",0.963861903032706
"SSH3",0.963862199302041
"SLC36A1",0.964032509205827
"WFDC2",0.964037810136781
"PCLO",0.964062384921351
"KRTAP4-4",0.964090635067647
"LINC00032",0.964125183111302
"CNGA4",0.964157466786329
"CEP290",0.964176838869047
"TYK2",0.964207759075452
"RPRML",0.964211146907983
"ARHGAP30",0.964255605699016
"FBXO8",0.964294657186827
"AICDA",0.964349575683547
"ADAR",0.964423767762848
"RFTN1",0.964487020898546
"LOC101929774",0.964492813915718
"CXorf40A",0.964505140768386
"PGAP1",0.964525044011823
"MIR205",0.964730453265932
"ART4",0.964750184786968
"RAPGEF1",0.9647658269611
"PPIL3",0.964791968869677
"DPH6",0.964838516803124
"TMEM74B",0.964850186227716
"CD300LF",0.964858261081913
"LINC00266-1",0.964882817064312
"AK054988 /// TPTE2P1 /// TPTE2P1",0.9649177670088
"FASLG",0.964966617618005
"C3orf38",0.964999312476675
"RP11-37C7.3",0.965023862393244
"RP11-1277A3.3",0.965026110569218
"TTLL10",0.965053812216998
"LOC101927159",0.965085864541178
"FGF14-AS2",0.965100267822719
"LOC151121",0.965191084365487
"CALCB",0.965195053706009
"BCORP1",0.965259351888061
"ARL9",0.965344939036632
"LACRT",0.965352280164621
"BATF3",0.965358077849766
"POMP",0.96536100129489
"VPS37A",0.965376532031543
"DCAF4L1",0.965402375176991
"ABCA7",0.965471803702805
"DPY19L2P2",0.965520294490818
"ILF3-AS1",0.965521432016344
"LOC340581",0.96572551011185
"TEX26-AS1",0.965739506272902
"SIGLEC8",0.965771835200555
"AK093356 /// RP11-10L12.4",0.965833707875472
"C8orf59",0.965862486368822
"CCDC30 /// PPCS",0.965926638963042
"FAM122B",0.965999781452105
"TFAP2E",0.966072748649551
"MCOLN1",0.966083767038614
"SLC27A6",0.966097706338334
"LGALS7 /// LGALS7B",0.966126435123541
"TYW5",0.966181368258894
"RAB30",0.966206477280296
"RIPPLY1",0.966378487493608
"LOC101927438",0.966443941912398
"LOC283484",0.966461460161838
"YPEL4",0.966483245891302
"MYL1",0.966491049173284
"LST1",0.966547009224716
"C1orf158",0.966583829649179
"NRIP2",0.966623946091008
"CXorf67",0.966673637472655
"GALT",0.966795369283699
"RAP2A",0.966812889585284
"LOC100132354",0.966854102541009
"LOC100652911",0.966886380539354
"RNF170",0.967024466678181
"LOC100507520",0.967135199649974
"CABP1",0.967135954145718
"ZCCHC13",0.967168869565594
"RDH5",0.967296492358132
"SCGB2A1",0.967418096605041
"FGF20",0.967517542783085
"C10orf54",0.967518483483807
"NECAB1",0.967582652589496
"UBXN2B",0.967640547189032
"SMCHD1",0.967664288891417
"CHRNB1",0.967693999233691
"RRP8",0.967702540460631
"FOXN3-AS2",0.967722230658607
"RACGAP1P",0.967991166255519
"LOC101929007",0.968055736298035
"RP3-522P13.2",0.968121105402656
"FGFBP2",0.968151793792661
"LOC100506473 /// RP11-332H14.2",0.968258694086231
"SPRYD3",0.968322681955884
"LA16c-395F10.1",0.968352882629163
"RP11-567C2.1",0.968369810524374
"PARP1",0.968379136548169
"GNAI1",0.968393583658615
"DQ592230 /// RP4-555D20.2",0.968395246397757
"MAGEA3 /// MAGEA6",0.968454025108353
"NKD2",0.968589405264169
"EP400NL",0.968682432407178
"GTF2I /// GTF2IP1 /// LOC100093631",0.96873838618485
"RP11-111M22.4",0.968762551664444
"B4GALT3",0.968812888487188
"CASKIN2",0.96885554123679
"BC045810 /// RP11-38F22.1",0.968905449167545
"GPR85",0.96894887663797
"AL928768.3 /// Ig alpha 1-[alpha]2m /// IGH",0.969107568201436
"HBA1 /// HBA2",0.96912205418368
"PKP3",0.969156074386831
"GTF2A1L",0.969203784679697
"CEP83-AS1",0.969241813911137
"GSTP1",0.969252154653606
"ATP9A",0.96926684376527
"FZD10-AS1",0.96927346132197
"DAB1 /// OMA1",0.969351543241673
"NPBWR2",0.969430144930825
"WIPF3",0.969437961286867
"MAP4K2",0.969470864976915
"ALOX5",0.969540889881846
"SNX1",0.969547750946507
"KANSL1-AS1",0.969560001742462
"RP11-184E9.2",0.969566017416177
"BTN2A2",0.969702065672867
"LOC100507194",0.969735270160005
"SEC61G",0.969778431704078
"AK098263",0.969831495689902
"CYHR1",0.969841988203989
"TMTC4",0.969924380500608
"ARHGEF5",0.969954405325382
"CTD-2118P12.1",0.970120928264135
"FXYD1",0.970189627423785
"SIRT1",0.970211385643251
"SH3BP5L",0.970218716840927
"POLR2J2",0.970222312622714
"RAB3C",0.970260754547497
"LHFPL3-AS1",0.970262185302259
"CHD4",0.970266452256974
"LINC01121",0.970397316435843
"MGC70870",0.970427133896191
"KHDRBS1",0.970452988712017
"TPT1-AS1",0.970474876144951
"GATA1",0.970491334724003
"C8orf44",0.970520483755583
"GATA5",0.970524500482443
"DNAJC24",0.970529240124954
"ZNF804B",0.970585699833563
"PKD1L1",0.970636378675767
"SEC24A",0.970679146312659
"SCGB1D1",0.970770934763633
"HS3ST1",0.970818672123029
"VEPH1",0.970850358000165
"WFIKKN1",0.970861962790989
"PPTC7",0.970869985853712
"GATSL3",0.970889283182692
"AHCYL1",0.970901718728852
"KRT222",0.970924009203331
"MORN4",0.971078076791253
"C6orf62",0.971276954676144
"OSTM1-AS1",0.971321493762715
"FAM24A",0.971351074777125
"C17orf80",0.971387827792935
"TTC29",0.971486837502622
"GPLD1",0.971544403750014
"KIAA0509",0.971547487834764
"POM121",0.971576120343206
"SPESP1",0.971635845883261
"RP4-676L2.1",0.97175434179795
"MC3R",0.971755087383302
"SLC9A7",0.971772142796845
"HAP1",0.971859968368859
"C10orf113",0.971880280517028
"EN1",0.971967108155284
"CRYBA1",0.971979341752304
"CLDN12 /// LOC102723899",0.971984260729561
"LTF",0.972000420606926
"IFT122",0.972039890145598
"LRRC40",0.972040504394467
"BANCR",0.97207836755355
"PADI4",0.972109578409242
"RPL37",0.972333829390121
"TMCO4",0.972367689033496
"LOC101927131",0.972414179529353
"POPDC3",0.972425137190348
"RP11-338N10.1",0.972456236997888
"NCALD",0.972503451417694
"CCDC40",0.972573312538896
"CLPB",0.972599731738865
"CTA-250D10.23",0.97289338636578
"EFR3A",0.972979111553888
"ZNF304",0.972987819887982
"CTPS2",0.973031693756679
"MEI1",0.97317913384728
"MESDC1",0.973270050812632
"PATE2",0.973328467480633
"MOB1B",0.973342966866095
"RBM17",0.973371530595828
"LOC100130502",0.973452944525989
"DIO1",0.973532363275179
"FAM172A",0.973660912640269
"RND3",0.973698194663212
"ZNF844",0.973724047468424
"IGDCC3",0.973729786345716
"SH2D3A",0.973900603649962
"SETD4",0.973941518057529
"GSG1L",0.973966165017545
"FAM133B /// FAM133DP",0.973981460474354
"GS1-166A23.2",0.974054803496728
"LOC100507654",0.974075375739753
"EPPIN /// EPPIN-WFDC6",0.974093524595577
"LOC101927416",0.974126753271148
"GRHL1",0.974136156725238
"BCL7C",0.974166039611177
"BLOC1S6",0.974240167826836
"PHYKPL",0.974293523380066
"IGF2-AS",0.9743461423745
"PANK2",0.974373414876971
"LOC100506730",0.974412997802654
"TBL1XR1",0.974454013423109
"GNRH1",0.974715215583855
"RP11-747H7.3",0.974799576948051
"RP11-508N22.12",0.974833701172497
"RP11-847H18.2",0.974897248574787
"MIR3916",0.974991361990233
"LOC400958",0.975076667143838
"RP11-82L18.2",0.975108488774049
"ARL5B",0.97517205510762
"TNIK",0.975273164843837
"PROSER3",0.975481186753617
"PTTG2",0.975515752777138
"LINC01158",0.975584578244508
"LINC01339",0.975592456479607
"WNT1",0.975607474779848
"RP1-265C24.8",0.975607937165395
"RP11-644F5.11",0.975651876692508
"LRRC37A7P /// LRRC37A7P",0.975699610168045
"GLDC",0.975714061891215
"PRKAR1B",0.975791427899164
"SLC5A9",0.975811311777547
"LOC145845",0.97584475847426
"CTTNBP2NL",0.975845622860047
"KRT10",0.975879056725831
"TMPRSS12",0.975902724711603
"KBTBD12",0.975929661144867
"MDGA1",0.975976487432314
"ANKLE2",0.975982834531274
"ZBTB32",0.976206308076971
"H2AFY2",0.976349294732238
"F2RL3",0.976417229880451
"DEDD",0.976483068354513
"SMC3",0.976521812614009
"C1orf186 /// LOC100505650 /// LOC101929219",0.976524684420875
"FLJ45825",0.976596679696434
"SLC25A18",0.976698043991708
"AX748066 /// RP11-709D24.6",0.976850568369518
"STK19",0.976924977343662
"LOC100996385",0.976965217686282
"SCRN3",0.976995473898545
"ATXN8OS",0.977060467151418
"MROH2A",0.97706851333052
"EGLN1",0.97714831773013
"KDM4B",0.977202876958115
"PRKAG3",0.977223817485966
"NT5C2",0.977276550098643
"TRMT11",0.977349280078114
"RP11-554J4.1",0.977402132617316
"LOC644090 /// RP13-452N2.1",0.977403304353102
"LOC101927137 /// SCLT1",0.977473593737146
"GSAP",0.977479581146557
"LOC441204",0.97749002347278
"CCDC38",0.977666157887323
"LOC101927043",0.97769919210285
"LOC100506472",0.977758897379097
"IGHA1 /// IGHV4-31",0.977767443227519
"KANK1",0.97784210168811
"SLC13A3",0.977984980021659
"KDSR",0.978008150474544
"P2RY14",0.978079143682426
"FLVCR1-AS1",0.978172396670686
"DR1",0.978193842124332
"LOC101929465",0.978201176824038
"LOC401068",0.978245455842026
"USP46-AS1",0.978294594179594
"ZNF517",0.978330430978378
"SCN9A",0.978346827967864
"GNB2",0.978447445495078
"NKX2-3",0.978460817593888
"LOC101060405 /// RRN3P3",0.978508548743162
"LOC101930578 /// MRPS31P5 /// THSD1",0.978607843102727
"LOC729296",0.978641537184641
"LINC00582",0.978644950720681
"SLC19A2",0.97880978140215
"MTHFR",0.978817506336271
"LINC00920",0.978962215228289
"LOC101927798",0.978993015681965
"ACAN",0.979060488060981
"SLC16A7",0.979082332286689
"KLF15",0.979115422908578
"SNORD3A /// SNORD3B-1 /// SNORD3B-2 /// SNORD3C /// SNORD3D",0.979217658484222
"USP16",0.979284420771708
"THADA",0.979285589621197
"ZPBP",0.979290813565006
"MUL1",0.979419674248786
"GRM5",0.979484512948881
"LINC00623 /// LINC00869",0.979580461852246
"FNIP1",0.979581371454394
"SH2B1",0.979582052773085
"C8orf4",0.979635745848618
"FAM231D /// LINC00869 /// LOC388692",0.979637700045352
"CCNE2",0.979666502728049
"RP11-338I21.1",0.979678466857229
"STGC3",0.979693302197901
"THOC2",0.979767082228189
"ADHFE1",0.97981057168261
"DOCK2",0.979875502932938
"AZGP1",0.979889041497517
"DCST2",0.979967579177104
"DCTD",0.979990061632667
"RP1-192P9.1",0.98000302157093
"LOC101929765",0.980066741131398
"GH1",0.98015067893338
"NHEG1",0.980180526762095
"CANX",0.980234017503167
"RP11-748H22.1",0.980260700654204
"LOC100133089",0.980386195656289
"ZNF701",0.980402691767407
"OIP5-AS1",0.980579623968487
"LOC145945",0.980772928690632
"AASDHPPT",0.980807332299466
"MTRF1L",0.980951644582708
"ALG2",0.981036356351547
"SPRYD7",0.981083604587442
"ZNF708",0.981096071633342
"ALAS2",0.981105860744388
"KIF14",0.981117119090186
"SLURP1",0.981130419929502
"PTPRB",0.981138698197007
"ZBTB18",0.981156153120149
"CTC-436K13.5",0.981200333023975
"ZGLP1",0.981362612842209
"FCRL5",0.981444699630474
"PEX11A",0.981461791765969
"ZNF10",0.981558349633648
"ARPP21",0.981609575168143
"ARSD",0.981656436283761
"SLC17A3",0.981756013101018
"MZF1",0.981781571831479
"SACM1L",0.981790928311152
"RP11-18F14.4",0.981812814628311
"SETD1B",0.981834739463049
"PLOD2",0.981878210042615
"DOK2",0.981967263328099
"ZNF420",0.981996003539727
"FLJ21408",0.982014732263239
"RP11-1277A3.1",0.982037645449676
"FAM201A",0.982100288072172
"RP11-543C4.1",0.982129192085372
"MAPK14",0.982145891773963
"NYNRIN",0.98219515527573
"CSNK1A1P1",0.982318772582626
"GNL3L",0.982334258139756
"BMS1P20 /// LOC101929959",0.982457870287287
"TMEM216",0.982507184987907
"STAG3L1 /// STAG3L2 /// STAG3L3",0.982722840417074
"CAMKV",0.982755893669486
"DAB1",0.982797511581668
"ZNF184",0.982827796778474
"NRG3",0.982835396697409
"STXBP5",0.982888930314818
"C1orf87",0.982899607020196
"RP11-678G15.1",0.982901570390777
"LOC728445",0.982919558049029
"RP3-496C20.1",0.982964662727857
"TTYH2",0.982983302496391
"RP4-593H12.1",0.982985408710606
"LOC285074 /// LOC730268",0.983011980260163
"RNF31",0.983084432529416
"MMP20",0.983155761823079
"LOC101929336 /// RIF1",0.98319650130283
"C3orf56",0.983199079385145
"DNAJC10",0.983329713077074
"PPM1A",0.983544039336431
"RNF25",0.983572618978927
"TUSC1",0.983648582705823
"MAFG-AS1",0.98380097329475
"BC040646 /// RP11-732A21.2",0.983852378618605
"PCNXL2",0.983879586488396
"VWA3B",0.983935146499802
"BC039545 /// RP11-1008C21.1",0.983971057184845
"TAAR9",0.983991055690698
"ORC3",0.983991966439938
"LOC101929694",0.984013442834546
"CDK2AP1",0.984019983534811
"LINC00540",0.9840654320164
"HPX",0.984091048140228
"PHOX2A",0.984199789420807
"C1QL1",0.984267991276866
"RP11-44F21.5",0.98428653550112
"TMEM8A",0.984318224630093
"EXOC3",0.98444819365737
"RPL13 /// SNORD68",0.984516798694438
"ISCU",0.98458055453916
"NFIB",0.984597409130136
"PLCD3",0.984606675300251
"ST8SIA6-AS1",0.98463537234375
"TLDC1",0.984686963088583
"MT1F",0.984741712592228
"KRT84",0.984915992768613
"C9orf89",0.984939822425101
"FAM213A",0.984943964546086
"BRD4",0.984993215930243
"TMEM109",0.985019998614263
"ZNF492",0.985028702644417
"FAM83H",0.985060425324963
"TCP11",0.985066769029677
"RTCA",0.985079692100977
"NUFIP2",0.985100336316685
"LOC101929325",0.985145315940315
"DERL1",0.985176228909506
"SEPN1",0.985251179449428
"LOC100505564",0.985253570362808
"METAP1D",0.985259247573608
"LDLRAD4",0.985311829985891
"TUFT1",0.985312984694083
"CMAHP",0.985361410246553
"FMN1",0.985462974508612
"LOC100506791",0.985523557631182
"CAV3",0.985629449182267
"SEC16B",0.985688377375423
"NRXN1",0.985744462357576
"HLA-F",0.985770274083136
"SPTBN4",0.985796349031755
"PRKG1-AS1",0.985811075311444
"TMCO3",0.985847933139414
"LKAAEAR1",0.985903356054051
"GTPBP10",0.986023721910079
"AC114752.3",0.986041064872014
"TMEM182",0.986064360334682
"CKM",0.986119512573364
"IL17D",0.98627373545874
"ZNF660",0.986336156934894
"GPR6",0.986398840195731
"NEK5",0.986418831333666
"RNF182",0.986434617918782
"RPS29",0.986435185194923
"VCX2",0.986439340448995
"PPP5D1",0.986481382027988
"LINC00644",0.986501928355365
"ADAMTS13",0.986558261177309
"LOC101929410",0.986586625942732
"GJA5",0.986683114448371
"PAQR4",0.98670459544891
"LOC100505710",0.98670761170419
"PVRIG",0.986734557606362
"LYG1",0.986745310429006
"INPP5B",0.98679082153865
"C1orf234",0.986838956392211
"SPRR1A",0.987116177218749
"DDI2 /// RSC1A1",0.987117192459715
"LOC100505851",0.987142328543097
"CHRFAM7A /// CHRNA7 /// LOC101929970 /// LOC101930361",0.987157505033412
"MAGEA4",0.987189850034143
"TRAV12-1 /// TRAV12-1 /// TRAV12-1 /// YME1L1",0.987217839341674
"PUS3",0.987235791685273
"LOC101929687",0.987361712902561
"TTBK1",0.987386094995272
"UNC50",0.987422351393749
"GLYAT",0.987491509169181
"LOC101927346",0.9875143468774
"BRSK1",0.987587242193237
"RHCE /// RHD",0.98758798359583
"LINC00606",0.987643712924916
"MKLN1",0.987657673342704
"ISYNA1",0.987694590356744
"PAXBP1",0.987720094124565
"GOLGA6L6",0.987772174861631
"CCDC39 /// LOC101928882",0.987820726509267
"SH2D1B",0.987939847311185
"ANKS6",0.988109731364766
"ARAF",0.988120237870268
"CD4",0.98829166903093
"LYPD4",0.988384761067561
"VSNL1",0.988432249857901
"ENAM",0.988446590141703
"EFCAB12",0.988488197466038
"UTP23",0.988489212134428
"RNF130",0.988605871726571
"ZBTB46-AS1",0.988627811398316
"INTS8",0.988649141226091
"AC007389.3",0.988702056367452
"LOC100507468",0.988719415605715
"RNF152",0.988725873972627
"GP1BA",0.988872665384631
"CTC-510F12.4",0.988898719146299
"LIMD2",0.988966867807633
"EPAS1",0.989032180565173
"NAPA-AS1",0.989066011168541
"PIGK",0.989098569506548
"LINC01333",0.989134420341135
"NPLOC4",0.989176234223671
"RP11-722E23.2",0.989188464903473
"PNN",0.989286103405415
"APLN",0.989378272465035
"CMC4 /// MTCP1",0.989407101432364
"MGC16025",0.989418771790739
"DPP7",0.989446364662662
"HMCN2",0.989488473035401
"PHF12",0.989509336575298
"GIMAP7",0.989516117908543
"CIDEB",0.989520634306483
"XRCC5",0.989537577188761
"SCAMP4",0.989638856646955
"TRAPPC9",0.989705539888225
"PPP1R9A",0.989711119462841
"OR8B2",0.989832866959429
"LINC00623",0.989868298626476
"ODAM",0.989890949350169
"ZMYND10",0.98991599031292
"TADA1",0.989922241489017
"SYCN",0.989931139559388
"LOC100505498",0.989947783384533
"LOC101927653",0.989955452907562
"ADRA1A",0.99010928474435
"ZBTB8A",0.990113286880988
"AP000347.2",0.990133779875407
"CES1 /// LOC100653057",0.990150204908341
"PLSCR2",0.990155684283446
"SMC5",0.990192110862326
"LRRN1",0.990193564835267
"LAMB1",0.990221094995488
"GPR137C",0.990223438795147
"KCNT1",0.990325992016492
"RP5-1102E8.3",0.990416663141127
"MIR137 /// MIR137HG /// MIR2682",0.990419677687645
"TUBGCP3",0.990552092759472
"AKAP2 /// PALM2 /// PALM2-AKAP2",0.990636114200928
"MTNR1B",0.990747983011818
"BC033323 /// CEP290",0.990761297906074
"DHX38",0.990780065266002
"SPAG11A /// SPAG11B",0.990791254227829
"LOC101928211",0.990829992301117
"LOC101929586",0.990935416284714
"CTD-2520I13.1",0.991118491785625
"CTC-471F3.6",0.991126737732039
"RP1-86D1.3",0.991169325182235
"BC053951",0.991184403338448
"RP11-341N2.1",0.991232962685414
"TNN",0.991240894767566
"MFNG",0.99133442176593
"CHMP1B",0.991344695967223
"THAP5",0.991354230442464
"LIMK1",0.99137119107034
"AP001630.5",0.991379682161653
"FAM223B",0.991468122532
"ZIC4",0.991483781571072
"RP11-483C6.1",0.991556332547439
"FAM205A",0.991581924292996
"RP11-218I7.2",0.991674668552124
"LOC732360 /// TDG",0.991827850134851
"KANK3",0.99190417481908
"LOC100506047",0.991919016725103
"SLAIN1",0.991953435032872
"P2RX2",0.991983337412563
"FAM71F1",0.991988274411872
"FAS",0.992047548373857
"FAM153A",0.992053116503171
"FUBP1",0.992064799865703
"LOC101929232 /// PDCD6IPP2",0.99209482746165
"C10orf126",0.992225470719367
"ZNF783",0.992227471941121
"RRS1",0.992244714634501
"LOC100507487 /// LOC101927184",0.992291364237991
"NAV2-AS5",0.992294915493028
"XRCC4",0.992372275446291
"LOC642757",0.992392114244619
"LRP10",0.992402894984454
"PRDX1",0.992422136832148
"PPM1K",0.992458818453942
"GOLGA6L11P /// GOLGA6L11P /// GOLGA6L16P /// GOLGA6L16P",0.992562886556068
"TCEB3",0.99269541135927
"WWOX",0.992767883749937
"KRBA1",0.992775886881028
"FGF6",0.992799606023478
"LZIC",0.992914118341005
"LIN7C",0.992953688337095
"NUTM2F /// NUTM2G",0.993076221792565
"IL22",0.993169176455542
"ART1",0.993268466909669
"SSUH2",0.993273406051121
"ERCC5",0.993303236501845
"AKR1C1 /// AKR1C2 /// LOC101930400",0.993320827607346
"CRYGA",0.993418558755095
"FAM196A",0.993466754465498
"AIM1L",0.993515623895793
"EMR2",0.993543208989022
"LOC100506667",0.993561431302966
"PPP1R9B",0.993579709038963
"GIT1",0.993633334230697
"PAGE1",0.993667842569126
"NEK1",0.993712219051998
"RP11-742B18.1",0.993808388631048
"GJD2",0.993898818483912
"CECR9",0.993938883451931
"C4orf29",0.99394901694835
"GPR37L1 /// LOC284570",0.993956395626895
"ASB1",0.994015992390939
"ARNTL2",0.994053251405307
"INPP1",0.994073807454008
"SEMA3C",0.994112394679893
"PSMG3-AS1",0.994121889271915
"GBX1",0.994146273009291
"MANEA",0.994281882839552
"DCTN4",0.994300587771704
"AGAP4",0.994364994226792
"MIR663AHG",0.994376558846185
"CRNN",0.994401300998489
"FUS",0.994407540379195
"CLEC4C",0.994415267978536
"BC034788",0.994461110156824
"DBNL /// MIR6837",0.994700344584012
"RGS8 /// SDHAP3",0.994712143241243
"WDR82",0.994736424427776
"ACTR3P2 /// ACTR3P2",0.99474070047035
"IGFBP1",0.9947432223101
"ZNF385D",0.994753764860739
"LOC100506124 /// TTC21B",0.994892550196177
"FAM126B",0.994974515188002
"RNF40",0.995123515809726
"XAGE3",0.995149515191027
"LOC219690",0.995231779580312
"OPRD1",0.995267026593244
"GIMAP1",0.99531033029477
"TAS2R43 /// TAS2R45",0.995315358232734
"ZNF507",0.995509571023924
"LINC00710",0.995516096137119
"SCARNA15",0.995517351311325
"CUZD1",0.995653053034044
"PLAA",0.995737119538209
"PLEKHG3",0.99584380880627
"SARS",0.995871211920222
"TRA /// TRAV16 /// TRAV16 /// YME1L1",0.99592349042923
"PGK1",0.995989555931422
"HGS",0.995997586944271
"CABS1",0.996048120193372
"PCDHB8",0.99607386225863
"GPRC5A",0.996119664746284
"ZNF18",0.996138124650109
"LOC101929473",0.996276696514896
"FTH1",0.996373239793168
"RGR",0.996500012007433
"LOC101927648",0.996621668858186
"DCTN3",0.996662047404614
"BANF1",0.996741724451851
"LOC102724275",0.996757933541998
"PIWIL1",0.996784036036072
"MGAM",0.996814818585376
"ID2",0.996852598959817
"LOC153577",0.996889348044366
"TIRAP",0.996899660162541
"TXLNB",0.997097632760274
"RPS19",0.997099110837805
"SEC24B-AS1",0.997099609530068
"C6orf118",0.997130370826961
"DDX26B",0.99715672765744
"UVSSA",0.997176745730733
"KCNK2",0.997335971636022
"OLA1",0.997363922419867
"ADORA2A /// SPECC1L-ADORA2A",0.997372564759804
"UBE2U",0.997427499306787
"ANAPC13",0.997427758599468
"EPS15L1",0.997435059950049
"NEK10",0.997445390840174
"LGALS13",0.997487976485443
"LOC100288675",0.997501457596623
"MAF1",0.997558369476549
"LOC646014",0.997612334924585
"LOC101928327",0.997663473813955
"LOC100288974 /// MBL1P",0.997698341695276
"COA5",0.997707408197552
"ID3",0.997718507052805
"FAM109B",0.997720613487143
"DCAF4L2",0.997757618537843
"CCL27",0.99788218538181
"HNF4A-AS1",0.997919104125453
"FAM230C",0.997954639837206
"ALMS1",0.997955675697194
"FLJ37035",0.998160196559243
"LMAN1",0.998233285992651
"PLA2G4C",0.998281163916263
"LOC100147773",0.998298246113912
"LOC100127974",0.998318611082634
"PDCL3 /// PDCL3P4",0.998371129133083
"SMARCC1",0.99841839944332
"DCAF17",0.998435247730991
"LOC286190",0.998435365826916
"LOC100286925",0.998533846121944
"LOC401312",0.998556355670585
"LCN10",0.998622024108213
"LINC01449",0.998635292882718
"BC044765 /// RP11-96B5.4",0.998645292817686
"KLRG1",0.998697358419943
"GTSF1L",0.998716035352374
"TBC1D32",0.998725322868625
"H3F3A /// H3F3AP4 /// H3F3B",0.99880123047409
"MAPKAP1",0.998882743701921
"TEX14",0.998908347940943
"ECRP",0.998916808532332
"LOC100129620",0.998946681700758
"AP001062.7 /// C21orf2",0.998962952964453
"LINC00337",0.998969639419461
"EML2",0.999005914133923
"CYP17A1",0.999166693950459
"TSPYL6",0.999290339308982
"THAP6",0.999366270380827
"NDUFB4",0.999471785095376
"RBM11",0.999560714592592
"NOMO3",0.999785098623269
"TMEM14B",0.999789092177092
"CTNNA1",0.999829326376893
"MED4",0.999829735969181
"NR2E1",0.999831349120849
"TMOD4 /// VPS72",0.999853662455537
"MCF2L",0.999963447734353
