"logFC","AveExpr","t","P.Value","adj.P.Val","B","ensembl_id"
3.14183552221353,6.95746291634637,14.3705571269453,4.16416645788024e-18,8.16426475732001e-14,31.0672726580847,"ENSG00000204262.14"
2.93685743236516,7.34469964838323,13.6103218460957,2.89821201960969e-17,1.89407816188225e-13,29.1645871893059,"ENSG00000130635.16"
-3.47840928078877,0.433879901730559,-13.8302440273056,1.64183485681037e-17,1.60949071013121e-13,29.0584903318406,"ENSG00000089012.14"
-3.90431664240844,2.54949295849157,-13.2563321606836,7.32321957682974e-17,3.5894760755831e-13,28.0314490788148,"ENSG00000153563.16"
2.73443010351578,8.2858714904401,13.018927086141,1.37534845578778e-16,5.39301636483504e-13,27.6292993135175,"ENSG00000163359.16"
3.14223616562555,9.93578460285458,12.8464226213732,2.18370985913897e-16,7.13563591637976e-13,27.1516177543149,"ENSG00000164692.18"
3.1437209166684,0.738860710435724,12.6714240933172,3.50368512448089e-16,9.81332150722462e-13,26.3213958043963,"ENSG00000149380.12"
3.27480856673305,6.86664243316556,12.4757926086794,5.97089908024196e-16,1.30072719296915e-12,26.1896363530492,"ENSG00000137573.14"
4.07660439912983,4.42217084161695,12.4849467849077,5.82317390297065e-16,1.30072719296915e-12,26.1804708954152,"ENSG00000144810.16"
3.38855761230799,7.11998817671367,12.2929067996732,9.87118952130019e-16,1.92516955799012e-12,25.6939844603359,"ENSG00000111799.21"
-3.5098293405416,2.0091277844151,-12.2603137756939,1.08012165346788e-15,1.92516955799012e-12,25.4131528090312,"ENSG00000105374.10"
3.78103656790361,4.09202151361121,11.968011831214,2.43662866578384e-15,3.67481089395061e-12,24.7782601449073,"ENSG00000164932.13"
-4.02317849358619,-1.0486404764318,-12.1538204729879,1.45093019231918e-15,2.37057811255082e-12,24.6068632787583,"ENSG00000235576.1"
2.96939863732416,10.1616579892065,11.7002450691156,5.18351347278698e-15,7.25914036767582e-12,24.0500976848938,"ENSG00000168542.16"
2.5974730536795,9.29402477979625,11.6343937990824,6.24974588502489e-15,8.1688345214532e-12,23.8727052932594,"ENSG00000113140.11"
3.11034517823757,6.23803924352421,11.5905357411726,7.08114042784514e-15,8.46438406892734e-12,23.7501414352159,"ENSG00000169604.20"
-2.74019513093952,2.87108526372475,-11.5579453097279,7.77103505257024e-15,8.46438406892734e-12,23.5999120118927,"ENSG00000116824.5"
3.3000388587924,6.08542457423921,11.4733655382071,9.89786097356282e-15,1.02135506446143e-11,23.4200052810358,"ENSG00000038427.16"
4.62315844518226,0.363174443354673,11.5587766999652,7.75261350665209e-15,8.46438406892734e-12,23.3440072065822,"ENSG00000203805.11"
-2.9465361253346,3.0869505773907,-11.4323951412967,1.11321247867321e-14,1.03931637413653e-11,23.2606873140125,"ENSG00000198851.10"
7.05510121910887,2.56487950077834,11.4356095874666,1.10298708602635e-14,1.03931637413653e-11,23.1801763957124,"ENSG00000123500.10"
4.54017436654649,4.78200583483424,11.3864649421047,1.27029735974846e-14,1.13206591069219e-11,23.1688425633447,"ENSG00000186340.16"
4.00900127912856,3.20174728138668,11.2874761698014,1.68989899881968e-14,1.44052868568951e-11,22.8568586354163,"ENSG00000152377.14"
5.77801081178428,3.57774926622677,11.2405345307997,1.93568460022811e-14,1.58129301133635e-11,22.7126589419116,"ENSG00000060718.22"
-3.42575870687368,4.00734924453362,-11.2156566249278,2.08036512963138e-14,1.63150554926211e-11,22.6775406636299,"ENSG00000271503.6"
-2.8530427964185,3.08889803909413,-11.0799183115857,3.08715833373073e-14,2.32791189128605e-11,22.2704531777932,"ENSG00000211772.11"
-2.71473159589605,0.872724521883966,-11.0669887721323,3.20583602288705e-14,2.32791189128605e-11,22.0657424549899,"ENSG00000101082.14"
3.74396193641339,4.16314680537422,10.9719049189696,4.23356899211714e-14,2.86218460894651e-11,21.9865504848918,"ENSG00000164694.17"
-2.33548240007918,3.85174481284485,-10.85078167762,6.04340106809057e-14,3.94956404469945e-11,21.6377157131792,"ENSG00000277734.8"
5.12426773436853,-2.32066922793813,10.9814425815354,4.1168965634619e-14,2.86218460894651e-11,21.4560600964094,"ENSG00000230838.1"
4.13626314962067,2.70912618480655,10.7924540849594,7.17814382375722e-14,4.53982863898658e-11,21.4329515223344,"ENSG00000078098.14"
-2.06914976832376,6.28514954756732,-10.7088621740277,9.19275051491632e-14,5.63228333110779e-11,21.2108530634795,"ENSG00000125347.14"
3.21962032345999,4.17483499356874,10.5757410252119,1.36566375276985e-13,7.87505986376638e-11,20.8384559787692,"ENSG00000137809.17"
2.25996907933692,1.38212397810707,10.5892703455888,1.31168072029525e-13,7.79297339457838e-11,20.7815666575035,"ENSG00000143786.8"
-3.26681773352074,1.98394860615726,-10.5243794220701,1.59195954391583e-13,8.91770251943248e-11,20.6237298989011,"ENSG00000167286.10"
3.77083263422611,2.90495180766022,10.4190508106664,2.18246636108934e-13,1.18859542987549e-10,20.3616195527843,"ENSG00000162849.16"
3.47570553235826,3.52146641890776,10.358649582287,2.6169716412053e-13,1.35746609554218e-10,20.1968552237329,"ENSG00000151388.11"
-2.48200980711882,3.4312268665261,-10.3568712878357,2.63101660872197e-13,1.35746609554218e-10,20.1915832347265,"ENSG00000100385.14"
3.33470656769774,10.2427630123056,10.2811721729759,3.30552132214697e-13,1.62635899150392e-10,19.9692253191344,"ENSG00000108821.14"
2.13425033493162,6.07249695574023,10.2799160042752,3.3180842425868e-13,1.62635899150392e-10,19.9394497148518,"ENSG00000113721.14"
2.50868206440671,0.497592436537021,10.2518687127359,3.61155125007069e-13,1.68590651925919e-10,19.7393389410955,"ENSG00000198108.4"
2.44913445253511,2.14537513084142,10.1959833218046,4.27722386563704e-13,1.95021514208558e-10,19.6881542815508,"ENSG00000152049.6"
5.61116493621325,-2.03620135337312,10.2660220401353,3.46030962209442e-13,1.65470318172642e-10,19.5313529829645,"ENSG00000083782.8"
3.07916664869982,-0.0268871117908819,10.1555451499283,4.83538062126011e-13,2.15460164682786e-10,19.4104348946224,"ENSG00000169436.17"
2.85865790622017,3.97930054465813,9.9974986831423,7.82506023489251e-13,3.21905297292767e-10,19.1220445972167,"ENSG00000113083.15"
4.02567064863731,3.40672157183069,9.99516839175112,7.88098249008101e-13,3.21905297292767e-10,19.1155781173521,"ENSG00000148848.14"
2.22169883909093,5.55312621771954,9.99831123919427,7.80565525039412e-13,3.21905297292767e-10,19.0962227625043,"ENSG00000130508.11"
-3.01126513537354,0.0972663738184078,-10.0085609363288,7.56502469728885e-13,3.21905297292767e-10,18.9852194541742,"ENSG00000188389.11"
-2.28255388792899,2.775629384415,-9.78248329220645,1.51389306807927e-12,6.05742601893105e-10,18.4734409562206,"ENSG00000013725.14"
1.91683980113872,2.38601822428564,9.77444096461172,1.55190105827876e-12,6.08531442972269e-10,18.4448165206875,"ENSG00000166073.11"
2.64462930973089,7.75272099233908,9.76057045016573,1.61973929919057e-12,6.22678601959419e-10,18.3776563015147,"ENSG00000139329.5"
-3.24444546327908,2.43797042278374,-9.70440119683484,1.92662018272157e-12,7.26409909662292e-10,18.2287841485902,"ENSG00000173762.8"
4.83939586645612,4.22743993222777,9.69729006766494,1.96946280964339e-12,7.28552600865439e-10,18.2191459549649,"ENSG00000122641.11"
3.68439094558091,2.46405630065166,9.68713153024397,2.03234511255485e-12,7.3789181993982e-10,18.1801415874567,"ENSG00000182667.14"
-2.52217762087518,1.92509102943483,-9.63827783933098,2.3643825920409e-12,8.42837910900981e-10,18.0176745725976,"ENSG00000198821.11"
2.76902654622956,6.03936189523865,9.60302601739933,2.63766391888484e-12,9.23464978458145e-10,17.8896401500379,"ENSG00000166147.14"
-3.50254642585555,2.46944401614376,-9.55920915952381,3.02242018635727e-12,1.0396064942758e-09,17.7907117244427,"ENSG00000145649.8"
-3.29350661777013,1.78094229632448,-9.54403052300155,3.16857345083898e-12,1.07108708753705e-09,17.7266188947831,"ENSG00000089692.9"
-2.40719186355047,1.9275849811198,-9.46559888831713,4.04606323423822e-12,1.32211859617458e-09,17.4975474866932,"ENSG00000096996.16"
3.18217360664467,6.88282782961106,9.47047648704721,3.98492948913529e-12,1.32211859617458e-09,17.4826492437331,"ENSG00000133110.15"
2.83338107287005,3.16583212475348,9.41423635467335,4.75045417225125e-12,1.5268426967403e-09,17.3571478532883,"ENSG00000151617.17"
2.10562259075466,8.00483309105638,9.32717000965008,6.24029844585476e-12,1.97334340853917e-09,17.0426651744324,"ENSG00000187498.16"
3.79911954225389,9.05475338838677,9.30313361322977,6.72947021816725e-12,2.09425385868869e-09,16.98771064899,"ENSG00000115414.21"
-2.59460782960693,1.56035298710563,-9.26964329281403,7.47648379681077e-12,2.29037408312925e-09,16.8910639714102,"ENSG00000104814.13"
-3.49635901642028,4.53899664656749,-9.17841802506696,9.96594718823772e-12,3.00603631650136e-09,16.6166523423963,"ENSG00000133321.11"
2.20247354889537,2.01587985079626,9.10495209708215,1.257039072893e-11,3.67843403927466e-09,16.4022943012234,"ENSG00000061337.15"
4.14296378595207,0.590640176107189,9.10533352667079,1.25552269715878e-11,3.67843403927466e-09,16.3531571445697,"ENSG00000086991.13"
2.70158884902157,4.0328986571018,9.08873791743386,1.32324161266451e-11,3.81521692027947e-09,16.3342540339132,"ENSG00000162745.10"
3.41142111820171,2.42285575674136,9.05265704495858,1.48350379290037e-11,4.15508219480068e-09,16.2441253941873,"ENSG00000011201.12"
2.40161748249718,7.12448924841554,9.0694653302138,1.40653739081829e-11,3.99660464991065e-09,16.2278917305928,"ENSG00000100234.12"
2.95845576579684,2.90427672746206,9.04207026273942,1.53415459836426e-11,4.22844907194763e-09,16.2107242664073,"ENSG00000172061.9"
3.82469011240004,3.53654980807771,9.03649805190489,1.56151302932526e-11,4.22844907194763e-09,16.1892727233428,"ENSG00000106819.13"
3.12626201624844,1.12216783914541,9.03390751191416,1.57439958304691e-11,4.22844907194763e-09,16.1608419505398,"ENSG00000180730.5"
-2.87681832010752,2.13143092376343,-8.94933092051994,2.05983130747681e-11,5.45743954248519e-09,15.9212266877383,"ENSG00000172215.6"
-2.48560061928129,1.95042975040814,-8.93253777570244,2.17294409030595e-11,5.68036557793847e-09,15.8673488276555,"ENSG00000115085.14"
1.96704228291174,7.10019646589823,8.91808879227698,2.2752844948688e-11,5.86963523768392e-09,15.7477554149392,"ENSG00000163430.12"
-3.32506522176342,-0.2970010047592,-8.87672443609276,2.59603942444602e-11,6.61012324099854e-09,15.598856284764,"ENSG00000197540.8"
2.94747933807619,-0.367018448252296,8.86222963475209,2.71895135160514e-11,6.83432823071414e-09,15.5622975776828,"ENSG00000233098.9"
-2.3255358170943,2.35477332869014,-8.79534511546303,3.36695328988645e-11,8.05030319530655e-09,15.4447297287086,"ENSG00000175463.12"
3.81239165411386,0.0676099467244168,8.81542610153917,3.15748996075695e-11,7.7382185213251e-09,15.4432148662062,"ENSG00000145244.12"
2.00451291979548,5.80398285394184,8.79943433353706,3.32318912628679e-11,8.04375876666404e-09,15.3710843824239,"ENSG00000204291.11"
3.83634964385064,-2.8164013985178,8.82253853812574,3.08650183772439e-11,7.65999430764865e-09,15.2879681627454,"ENSG00000177234.7"
2.73049351080503,5.98241009956128,8.76578394860343,3.7011500329979e-11,8.53702912317139e-09,15.2712072328822,"ENSG00000101825.8"
-3.23951659411321,-0.869266646361605,-8.76835939913085,3.67074582746494e-11,8.53702912317139e-09,15.2306911865139,"ENSG00000167664.8"
3.53193353120496,-2.44484232637295,8.78630941461926,3.46573372455766e-11,8.18664763899729e-09,15.1901421858331,"ENSG00000138311.18"
2.03712913862183,5.07172506144178,8.70937973638507,4.43478558690871e-11,9.99406968010714e-09,15.0999672402663,"ENSG00000119681.12"
2.05320306633254,5.25501682899432,8.68968095085953,4.72428767795194e-11,1.05254982061279e-08,15.0319672319322,"ENSG00000134013.16"
2.8032286327386,-2.15061688276969,8.72324471782835,4.24183059372744e-11,9.67038728146746e-09,15.0149130272331,"ENSG00000232021.7"
2.3819129852597,3.44696436974828,8.65682001762999,5.25038529534914e-11,1.14194873679145e-08,14.9913140124114,"ENSG00000145431.11"
-2.92528151640472,2.27944773772908,-8.65000058109925,5.36677651603769e-11,1.14370674318951e-08,14.9902190779529,"ENSG00000211751.9"
1.98961576072931,3.82408074331015,8.65387799889547,5.30028231398662e-11,1.14194873679145e-08,14.9660820785949,"ENSG00000164294.14"
2.32298253685624,2.54353928484909,8.62763205157773,5.76717481011551e-11,1.20288541837367e-08,14.9177708630144,"ENSG00000225614.4"
2.10290386549387,5.58649797276798,8.63421903044721,5.64622855517582e-11,1.19032211884707e-08,14.849235683058,"ENSG00000168461.13"
1.53409513135599,4.72490267653555,8.61834569326371,5.9421461457309e-11,1.22633386666526e-08,14.8150507554067,"ENSG00000183853.18"
-4.39208643104226,-2.04824708184639,-8.65390164519937,5.29987936555296e-11,1.14194873679145e-08,14.8118862313291,"ENSG00000189013.14"
-2.84909953218926,0.100458076447255,-8.60627238486316,6.17767498906382e-11,1.24865459624315e-08,14.7993827842024,"ENSG00000122223.13"
-4.72063572416729,-0.907337879938632,-8.60927353855001,6.11826108170772e-11,1.24865459624315e-08,14.7361298531381,"ENSG00000229754.1"
2.48095413939158,4.76993483392583,8.57267370820352,6.88399503043071e-11,1.37722047516964e-08,14.6786246030782,"ENSG00000087116.16"
1.87500029786615,4.99459928245035,8.54053870426403,7.63583452345983e-11,1.51220375421165e-08,14.5612698562266,"ENSG00000136859.10"
2.92601039462171,0.970636356694066,8.50576914951583,8.5431139805685e-11,1.67496292703026e-08,14.5248963318087,"ENSG00000122691.13"
2.80717276578873,3.06359446285643,8.47348538447736,9.48285244891665e-11,1.84080005062832e-08,14.422614033913,"ENSG00000104415.14"
4.0161503311411,0.547823574015291,8.43061221655925,1.08943310353994e-10,2.09406131647099e-08,14.2777138814273,"ENSG00000101230.6"
3.62654539192915,1.51335198023529,8.42147332804524,1.12216469649382e-10,2.11549625379403e-08,14.2697984997062,"ENSG00000101115.13"
2.60972228490981,7.12952040779374,8.42560963768227,1.1072289483685e-10,2.10760492832164e-08,14.1831339876137,"ENSG00000106624.11"
2.64565673454441,1.72123901890975,8.38213137481791,1.27480203529584e-10,2.35790270792549e-08,14.1476297880854,"ENSG00000149256.16"
-2.29629036000231,5.47838854099575,-8.4007961726201,1.19993481737165e-10,2.24056400279892e-08,14.1107853544358,"ENSG00000204257.15"
2.62728806056972,2.66630311130457,8.33882168301358,1.46721396720915e-10,2.66353676306505e-08,14.002848272396,"ENSG00000176971.4"
2.45751737853852,3.15846969517127,8.32695364282226,1.52488572381729e-10,2.74283573405153e-08,13.9523130995713,"ENSG00000165617.15"
4.62436452336908,-1.36483182788689,8.33886628382809,1.46700143879461e-10,2.66353676306505e-08,13.9011298678517,"ENSG00000123572.17"
2.70625970089863,-1.28684098683095,8.31623469531628,1.57893849817661e-10,2.81424256320461e-08,13.8394663959917,"ENSG00000132321.17"
1.25489320895158,2.96671938883327,8.27708519876485,1.79332895506634e-10,3.13928638330631e-08,13.7948193191215,"ENSG00000079150.18"
3.86894857358696,-1.05916627593018,8.29032596129206,1.71771590394067e-10,3.03401243357305e-08,13.7700488188,"ENSG00000259807.2"
2.28877039100489,1.66945391541053,8.25375958239373,1.93480084139676e-10,3.35696507048008e-08,13.742142947242,"ENSG00000219438.9"
-2.52999490068735,2.00898159824947,-8.22508779455266,2.12423377925987e-10,3.65330942773412e-08,13.650959622308,"ENSG00000153283.13"
-2.40464045170822,0.406653267834962,-8.21166057527894,2.21927758044358e-10,3.75096174501524e-08,13.5880787796423,"ENSG00000160185.15"
-3.10781997092595,-0.382992645593927,-8.22076202557133,2.15439634253577e-10,3.67296475580489e-08,13.5840022543514,"ENSG00000117560.8"
2.31793860930776,5.95430804921948,8.20301003163589,2.28277163438171e-10,3.82530091142631e-08,13.461493039104,"ENSG00000113657.13"
3.73397897950329,-0.626734471975582,8.14152948877325,2.790104900703e-10,4.55856639026525e-08,13.331446066738,"ENSG00000176887.7"
4.55245436574459,0.424512775769767,8.11927917532055,3.0005588808217e-10,4.82204568995001e-08,13.2995429625525,"ENSG00000198542.14"
1.98489221424171,5.10591732010999,8.14530387734441,2.75591143911992e-10,4.54053778784748e-08,13.2871043719938,"ENSG00000169439.12"
3.14331271843223,7.04399268954326,8.1457108441363,2.75224993028332e-10,4.54053778784748e-08,13.2844057909572,"ENSG00000182492.16"
1.96767281281422,3.13511817478789,8.11241629570686,3.06864929684861e-10,4.89137708244015e-08,13.2634146821291,"ENSG00000213694.6"
1.6334565141538,5.80612413902245,8.13454799996486,2.85448475070751e-10,4.62520892746872e-08,13.2335989147453,"ENSG00000112769.20"
-2.67267534433717,1.44529711336059,-8.09334158829713,3.26620075536517e-10,5.16428483949109e-08,13.2329250321172,"ENSG00000160654.11"
3.11399128698223,0.139986212484436,7.971497872602,4.86927969156415e-10,7.63736781062454e-08,12.8289072853936,"ENSG00000171502.15"
1.98869363067579,2.82712728834192,7.96290228627639,5.0086529009158e-10,7.79362291867899e-08,12.7937319310276,"ENSG00000120820.12"
-3.58921125187689,4.51738733749752,-7.95249342132349,5.18282411522415e-10,8.00113776402242e-08,12.7232278553512,"ENSG00000007171.18"
3.79223783042233,0.367220355484139,7.93471562365564,5.49454185755938e-10,8.35085175653559e-08,12.7178446895916,"ENSG00000132031.13"
2.84850024302707,-0.337625914129453,7.93793994044747,5.43663524239984e-10,8.32739613769463e-08,12.7094470960477,"ENSG00000157103.12"
-3.30365350520929,0.0897637771560594,-7.87311880045939,6.72836251093759e-10,9.99365722647291e-08,12.5131086063456,"ENSG00000100450.13"
-2.21360284065542,7.32477224324368,-7.90243535687134,6.10968914214705e-10,9.21435117853347e-08,12.4865993921591,"ENSG00000168394.11"
3.16184170535827,0.822677593178211,7.85736132885827,7.08660771741745e-10,1.03686590229617e-07,12.4800090284284,"ENSG00000170558.10"
-5.00102109568034,1.41141129077135,-7.85001233011285,7.26020123039063e-10,1.03900368848933e-07,12.4580449697897,"ENSG00000156234.7"
2.60890394283893,5.41528665751329,7.88774038375955,6.41228265459699e-10,9.59688654397165e-08,12.4511303336166,"ENSG00000140937.14"
4.98641731245624,3.49808377762344,7.85205031231734,7.21163622941545e-10,1.03900368848933e-07,12.438555848303,"ENSG00000106483.12"
3.16184401460659,3.88507419269797,7.86246315076234,6.96856139601573e-10,1.02726026112996e-07,12.4378383404709,"ENSG00000116132.12"
-2.73829833352289,-0.958846645797426,-7.85127701257245,7.23002525338885e-10,1.03900368848933e-07,12.4088762044599,"ENSG00000073861.3"
2.43681178525356,0.708314714474914,7.76754978533939,9.52836954958953e-10,1.34397995244066e-07,12.1932516220432,"ENSG00000117600.12"
1.09628438650778,6.9954407140736,7.79073177956941,8.82676931837528e-10,1.25404086417439e-07,12.1120785148243,"ENSG00000135862.6"
2.42971292594109,1.55602898194336,7.73721145537661,1.05321818055912e-09,1.46449614525121e-07,12.0961894917073,"ENSG00000105928.16"
-2.35288292961392,1.62628335282504,-7.72631351939984,1.0918222583118e-09,1.50748360538459e-07,12.0615665613215,"ENSG00000181847.12"
3.41139977824126,-0.275525083387283,7.72311344453429,1.1034264436914e-09,1.51285166818277e-07,12.0336722781286,"ENSG00000157680.15"
1.59283665355911,5.3677107236905,7.76223888604664,9.6968599958084e-10,1.35797597912728e-07,12.0281121448553,"ENSG00000168386.18"
-2.77001145408389,0.607096605523198,-7.69029775057153,1.22983707020927e-09,1.65151956154266e-07,11.944862227038,"ENSG00000139193.4"
-1.85258922155771,2.58607149735588,-7.68809272208798,1.23883664554532e-09,1.65228784167085e-07,11.918023762141,"ENSG00000105122.13"
2.7004565550004,0.745320144673996,7.67463215321568,1.29523116318601e-09,1.70647169045261e-07,11.8971904028599,"ENSG00000121005.9"
-2.52134192106235,0.0805690373795251,-7.67222774938648,1.30557356711155e-09,1.70647169045261e-07,11.8793661073367,"ENSG00000174946.7"
1.69749733241676,2.30617800493103,7.67239792502598,1.30483883909212e-09,1.70647169045261e-07,11.8726139460449,"ENSG00000157510.14"
2.09734026949424,4.11507563886809,7.69661371012717,1.20442194730386e-09,1.62854459991996e-07,11.8725785176441,"ENSG00000133026.13"
1.67052505779722,5.60173439703345,7.70493283670601,1.17175155990865e-09,1.59537229747007e-07,11.8362138718972,"ENSG00000049323.16"
2.84747895326282,0.43212297912653,7.64393416911929,1.43371019994978e-09,1.84843119586731e-07,11.7965829879472,"ENSG00000156103.16"
1.41858538212683,3.27604797318494,7.65720355417162,1.37210990816182e-09,1.78156204367024e-07,11.781429989218,"ENSG00000204301.6"
-2.25196334123791,2.82357075655686,-7.64012672713875,1.45189433930208e-09,1.84843119586731e-07,11.7564123432952,"ENSG00000180644.8"
1.49775971100618,4.00524736021939,7.64117252050837,1.44687667394222e-09,1.84843119586731e-07,11.6888656855729,"ENSG00000071282.12"
2.39293844487416,1.67770893928275,7.60821396229901,1.61373504394798e-09,2.04121866268671e-07,11.6798288452154,"ENSG00000184304.16"
2.91398993230881,1.19640549692734,7.59637170940331,1.67831083223052e-09,2.08845096674652e-07,11.6466696761959,"ENSG00000117069.15"
2.66384708632579,0.18825023359517,7.59552399694907,1.68303199401179e-09,2.08845096674652e-07,11.6393009330416,"ENSG00000113578.18"
2.94263848116889,1.14249675153721,7.58194462490355,1.76050852630672e-09,2.1572831354231e-07,11.6006063318783,"ENSG00000221866.9"
4.45312297653129,-1.98642704056498,7.57765582752785,1.78571664669326e-09,2.16628225372814e-07,11.520965052421,"ENSG00000232679.2"
1.60502755968201,8.05788284626296,7.60248293826271,1.64466782747742e-09,2.06701009137963e-07,11.5183335331165,"ENSG00000134871.19"
-2.47388882644442,4.39299902689385,-7.57694145568873,1.78995065339161e-09,2.16628225372814e-07,11.4817339965203,"ENSG00000179583.19"
-1.29524283662703,5.87463138156292,-7.59267445596437,1.69900017289442e-09,2.09500612514264e-07,11.4611574291522,"ENSG00000116514.17"
2.06660413072034,5.55018260935274,7.55969946903267,1.89526545321794e-09,2.27966714575404e-07,11.3654338841003,"ENSG00000074181.9"
-3.29182841621428,-0.767565827252115,-7.49360931433682,2.36009256244457e-09,2.79002023502325e-07,11.2897955912054,"ENSG00000227191.8"
2.39167512478263,2.81790622002606,7.4817555029558,2.45487206360611e-09,2.86489414756318e-07,11.2371173038172,"ENSG00000171812.13"
-3.68230716559322,-2.25173761207026,-7.48414712001222,2.43544579428842e-09,2.8592425295101e-07,11.2108305740398,"ENSG00000111537.5"
4.44151473422363,5.50252257156259,7.49333379334107,2.36225318276987e-09,2.79002023502325e-07,11.1960354540252,"ENSG00000118785.14"
1.54975371875033,5.50631429899472,7.49557147559708,2.344762811648e-09,2.79002023502325e-07,11.1489590567386,"ENSG00000050165.18"
-3.00284186198827,-1.89947007847553,-7.4601836332162,2.6372939417515e-09,3.05957307822366e-07,11.1445886945996,"ENSG00000204475.10"
-2.73207898694337,0.856991702578835,-7.43144136520414,2.90173196308704e-09,3.30763702722584e-07,11.1182262125861,"ENSG00000111796.4"
-1.63253980537417,3.80495273187976,-7.45436285736018,2.68881373369594e-09,3.10099306252015e-07,11.0975711151097,"ENSG00000007968.7"
-3.70449862736608,-2.67319313693317,-7.44925275392256,2.73487759206887e-09,3.13567310351475e-07,11.093784891574,"ENSG00000170128.5"
2.10446821108159,2.04469048660113,7.4254281854624,2.96034523987598e-09,3.35494385971147e-07,11.0805496275478,"ENSG00000178033.6"
2.29307076872293,3.05737499433477,7.42174654571803,2.99681836783643e-09,3.36369967225741e-07,11.0299485652922,"ENSG00000122870.12"
-3.10215254469111,0.232567680163317,-7.38861618835303,3.34606494041739e-09,3.68555894504626e-07,10.9775950040089,"ENSG00000172673.11"
1.61158954055467,3.71000223343052,7.40809448784449,3.13605756472617e-09,3.47375958271307e-07,10.9438426841739,"ENSG00000069122.19"
-2.33324570414686,6.18491781629797,-7.42118869377452,3.0023841816028e-09,3.36369967225741e-07,10.9063168956445,"ENSG00000240065.8"
-2.63526595256449,5.05848677257773,-7.40970332795282,3.1193161666599e-09,3.47375958271307e-07,10.905959415947,"ENSG00000137752.24"
3.02671970880172,0.859814491828366,7.3626251890294,3.64849596033073e-09,3.99622412280694e-07,10.8966181210523,"ENSG00000049192.15"
2.83442278329034,-1.94273995171556,7.35489702563832,3.74361726111973e-09,4.0776311123063e-07,10.8201361877209,"ENSG00000254585.5"
2.47573929861339,-2.10942437270977,7.3479614299021,3.83110549509866e-09,4.14987040535383e-07,10.792138681893,"ENSG00000241749.4"
-2.71718823120439,-0.860558083913012,-7.33588666315576,3.9883570234936e-09,4.29646856058327e-07,10.7895557636975,"ENSG00000109943.9"
3.62553558443034,0.471476323895027,7.29611856234489,4.55364564838654e-09,4.84723573919084e-07,10.6832888527666,"ENSG00000091656.19"
2.59807529452618,2.27742085219451,7.30062888236174,4.48568003568705e-09,4.80580561637597e-07,10.6681590946653,"ENSG00000131459.13"
2.34788215734582,2.92251151465934,7.2947942963275,4.5737968568311e-09,4.84723573919084e-07,10.6218365202685,"ENSG00000119699.8"
2.4618012670714,1.26519904116485,7.26611631140495,5.03287598170577e-09,5.3050842202862e-07,10.5811324464711,"ENSG00000169515.8"
3.44556445444392,1.44798821506455,7.26002516310431,5.1361995737846e-09,5.38504432318828e-07,10.5587398593624,"ENSG00000146197.9"
3.2659639363304,1.84534658078817,7.25375533154704,5.24478221415545e-09,5.44069841749904e-07,10.529778586339,"ENSG00000173391.9"
3.0359006417318,2.45114465201907,7.25663235126311,5.19467359036437e-09,5.41738140492999e-07,10.5202789749868,"ENSG00000143341.12"
-2.90053142097906,-0.927962179268766,-7.24419333349587,5.41484012178916e-09,5.55829086009415e-07,10.4962270470151,"ENSG00000163519.14"
3.62983477861403,-1.06435679270321,7.23041195101143,5.66973917865745e-09,5.72994362560608e-07,10.4520256691964,"ENSG00000176692.8"
2.90263665546721,0.223574487899533,7.22186689963628,5.83381131093394e-09,5.86552331088056e-07,10.4441427992555,"ENSG00000121904.17"
2.31258296174934,-0.843849904677366,7.2089697095395,6.09053198517372e-09,6.06147056351857e-07,10.3902556287494,"ENSG00000156140.10"
-2.47733721697549,4.92297194980828,-7.24876907594417,5.33278080059087e-09,5.50286844086235e-07,10.3777776918181,"ENSG00000162654.9"
3.96819477937653,-1.15801734360739,7.20628327084931,6.14541884094498e-09,6.08520615129128e-07,10.372978200464,"ENSG00000102452.18"
-1.25380857849742,4.03813260826395,-7.23848037520306,5.51907802888478e-09,5.60658258208886e-07,10.3694475913426,"ENSG00000083457.12"
-2.75805880728918,0.107565300964474,-7.191582355544,6.45469948292612e-09,6.23403143163791e-07,10.3456643676514,"ENSG00000183918.17"
-2.08520040225631,4.92236141215804,-7.23999430954057,5.49126009769347e-09,5.60658258208886e-07,10.3415988001082,"ENSG00000168062.10"
-3.09601021307385,-1.38155773089327,-7.19770887385312,6.32395113993082e-09,6.16852666912854e-07,10.3353439189714,"ENSG00000256262.1"
-2.16680965535386,10.0521010803308,-7.21563664285454,5.95643847862761e-09,5.95826187816188e-07,10.2974461101457,"ENSG00000019582.15"
1.84152892550338,1.18222699441778,7.17421054815913,6.84040270558664e-09,6.57416350224174e-07,10.2848908419322,"ENSG00000067445.21"
2.61058425810001,0.518385255728928,7.17066009259242,6.92204003153538e-09,6.58803479894576e-07,10.2794385184809,"ENSG00000183876.9"
6.15892827454622,1.78063671690039,7.17074003098509,6.92019123866402e-09,6.58803479894576e-07,10.2702376487024,"ENSG00000105664.11"
3.42266097892765,-0.437053603802175,7.15130854382584,7.3845231329601e-09,6.99424930168192e-07,10.2119852990437,"ENSG00000145536.15"
-2.20690896181683,8.76967061572645,-7.20035922763545,6.2682169339401e-09,6.14473306034148e-07,10.2112948711929,"ENSG00000204287.14"
1.43645849243864,6.22294611317285,7.20084181279225,6.25812192416629e-09,6.14473306034148e-07,10.1670326588355,"ENSG00000159216.19"
2.1882829054978,7.29609379884724,7.19426839299636,6.39704454854489e-09,6.20893343657283e-07,10.1607278692345,"ENSG00000087245.13"
2.24563079508165,-2.39962728089678,7.149603838767,7.42672294932147e-09,7.00040048771138e-07,10.1578564103222,"ENSG00000230479.1"
2.59979416575169,-0.078801648325479,7.12975024992966,7.93641263859817e-09,7.4095860091598e-07,10.1469111558297,"ENSG00000101134.12"
4.41850372429026,-1.32746599669515,7.13255702228847,7.86227636679658e-09,7.37549236590496e-07,10.1346714251349,"ENSG00000197301.7"
4.71254938931819,-1.01650266948211,7.11168436966165,8.43069649237642e-09,7.80098285718038e-07,10.0748530947074,"ENSG00000137745.12"
2.79962320347199,-2.16071529307055,7.10601620925089,8.59206445934293e-09,7.908733135675e-07,10.0290389237482,"ENSG00000260517.3"
3.16335718286178,-1.04554827732268,7.09366518589592,8.95451812429376e-09,8.16568755092574e-07,10.0178532996863,"ENSG00000189320.9"
1.84799156905437,2.7130204558103,7.10439871685679,8.6386797089609e-09,7.91448384924707e-07,10.0061644754883,"ENSG00000091879.14"
-1.87545291454566,6.13891677210515,-7.11152415548788,8.43521557544752e-09,7.80098285718038e-07,9.876979614052,"ENSG00000156587.16"
2.15756646181406,1.87536147489705,7.05017192989084,1.0357618832541e-08,9.35813248068197e-07,9.864769127291,"ENSG00000102802.10"
4.71289148424799,-0.833883786737787,7.04392777406511,1.05764320785771e-08,9.51199666663219e-07,9.86216355102786,"ENSG00000184937.16"
1.82891428252082,5.71917585143731,7.08330896962664,9.27024675804374e-09,8.41446564528729e-07,9.78667147654122,"ENSG00000161638.11"
3.22230355714301,-2.18045698199836,7.0127850733101,1.17390813614905e-08,1.04616558715174e-06,9.73419014236284,"ENSG00000261327.5"
2.67171813654034,-1.68163661160432,6.98738742993351,1.2781678132863e-08,1.12881793456267e-06,9.66674825176853,"ENSG00000073146.16"
2.74736942514676,4.63875749316701,7.02211734202541,1.13778148943762e-08,1.01860017725635e-06,9.6389127311351,"ENSG00000106366.9"
1.58052360834041,3.70714389453549,7.00886141046522,1.18943914037339e-08,1.05521012607062e-06,9.63000029782361,"ENSG00000087303.18"
2.35711729640628,-0.49861293499834,6.95732141320416,1.41367819458496e-08,1.22099447942876e-06,9.59061353072903,"ENSG00000109738.11"
2.64912722967719,2.54767784043381,6.95913309100905,1.40511889542637e-08,1.21897172848361e-06,9.5413475765934,"ENSG00000170624.13"
2.16353201126822,0.93187541233656,6.93982963216261,1.49905892447642e-08,1.27094195483288e-06,9.52882507943741,"ENSG00000101463.6"
1.7994549639352,1.87835472168912,6.93886409218031,1.50391988942787e-08,1.27094195483288e-06,9.50115930893815,"ENSG00000113361.13"
1.42379016427972,4.32290462813037,6.97876982316502,1.31561697662054e-08,1.15151725194742e-06,9.49008294222939,"ENSG00000074657.14"
1.77170396790735,3.90681764011709,6.96826906738254,1.36274202117227e-08,1.18746311409349e-06,9.4856418850054,"ENSG00000145623.13"
1.34971440132502,5.81300211969253,6.98123088033764,1.30481107127582e-08,1.14718053199254e-06,9.44129010066632,"ENSG00000106799.13"
1.34802516606857,2.86851062890652,6.93318072912971,1.53285488888983e-08,1.28983489062549e-06,9.433665676744,"ENSG00000113555.6"
-1.69817580253219,2.4541473658019,-6.92281805976933,1.58705909864181e-08,1.31846952067675e-06,9.42822443773908,"ENSG00000180096.12"
-4.60276332456524,5.77379881868675,-6.95227808050741,1.4377821732919e-08,1.23636654778776e-06,9.42227321990808,"ENSG00000211899.10"
-2.9772977793665,4.0501211506686,-6.94117149736051,1.49232954628102e-08,1.27094195483288e-06,9.42090639423323,"ENSG00000138755.6"
1.83616911480905,3.11178149030051,6.93155548881661,1.54123155615369e-08,1.29134127734826e-06,9.4153511422386,"ENSG00000163909.8"
-3.71378555864171,-1.01261868730705,-6.88455722260276,1.80439779532963e-08,1.48642954517785e-06,9.34752539965706,"ENSG00000188820.13"
2.18342128252465,3.62025858608144,6.91694133704896,1.61864923472754e-08,1.33903953147967e-06,9.33977083179939,"ENSG00000139926.16"
1.07071195562475,5.5351395305085,6.94816773461794,1.45773190337463e-08,1.24804767238266e-06,9.33368776652166,"ENSG00000174705.13"
3.94506582450561,0.484492816611322,6.87288468138664,1.87647223394056e-08,1.5334077411019e-06,9.31814677895259,"ENSG00000144057.15"
-2.38066354560523,-1.49927898706187,-6.86720531959958,1.91257839070973e-08,1.55593410490685e-06,9.28562660655588,"ENSG00000211747.3"
1.64148481527805,7.0653568482174,6.92702693867841,1.56481538459825e-08,1.30552214597588e-06,9.26729225650591,"ENSG00000035862.12"
1.90332607482058,2.43768890813119,6.85979963790652,1.96070877100013e-08,1.58849818860449e-06,9.2182327906924,"ENSG00000072840.13"
-2.06819792701788,3.57399026928587,-6.87279015919674,1.87706751945555e-08,1.5334077411019e-06,9.2053510996418,"ENSG00000010030.14"
-3.14647844807527,-2.84887262350795,-6.8300003767826,2.1669794718492e-08,1.72706502134453e-06,9.1410118468108,"ENSG00000211789.2"
-4.00744085430174,-1.89105910698508,-6.80521041269938,2.35507383915009e-08,1.8322848289832e-06,9.07966406786897,"ENSG00000256039.2"
1.78772900306488,1.51600782563576,6.8034085747472,2.36936738493951e-08,1.83611924700095e-06,9.07117942373284,"ENSG00000150630.4"
1.69874835070565,-1.28511170708827,6.78609496834617,2.51122580392583e-08,1.92324582467851e-06,9.03384499198653,"ENSG00000224982.4"
1.88146677922459,5.3582060721812,6.85051087604456,2.02279941760907e-08,1.63205783463553e-06,9.0243298230646,"ENSG00000011028.14"
1.89173270031188,3.16425710575789,6.8131174292179,2.29336496947758e-08,1.79919905833664e-06,9.02268803143252,"ENSG00000102038.16"
2.18033959086019,0.622845809918571,6.77981790971336,2.56473481294321e-08,1.94899964118468e-06,9.01441081962145,"ENSG00000278709.2"
1.73794396501433,3.72095567634084,6.80884489000055,2.32650504743583e-08,1.81726924143533e-06,8.96979562905469,"ENSG00000183722.9"
-1.98017462677713,7.122392652903,-6.83382099305651,2.13936194432248e-08,1.71902992952404e-06,8.95963790268673,"ENSG00000231389.7"
1.7207623732612,5.95956072755142,6.83239614724717,2.14961998731408e-08,1.72022242739918e-06,8.94901838578573,"ENSG00000143387.14"
-1.73872793461073,2.89954926193601,-6.7815325960461,2.55000540094319e-08,1.94534653271954e-06,8.94074114466358,"ENSG00000143851.15"
-3.69433036405205,-0.348953491103038,-6.75133958793882,2.82222996963364e-08,2.12002455113552e-06,8.92852164347206,"ENSG00000117215.15"
-1.46775917715505,5.10528432995452,-6.81330331217731,2.29193396070602e-08,1.79919905833664e-06,8.90823292441605,"ENSG00000185880.13"
1.37625812514056,7.18191642245514,6.81799068358408,2.25614309425373e-08,1.79084783424852e-06,8.90541548185106,"ENSG00000124766.7"
1.85695622017629,5.52720532652589,6.8130097354266,2.29419445365786e-08,1.79919905833664e-06,8.89432655891181,"ENSG00000166033.13"
1.92100341305677,7.61665043608454,6.80088595886561,2.38952500078997e-08,1.84444988840504e-06,8.86097104494911,"ENSG00000115461.5"
2.03562983052012,5.88358138303893,6.79835932981785,2.40988711516957e-08,1.85287242274567e-06,8.8413079894431,"ENSG00000183742.13"
1.87558853522467,2.47219571445459,6.73206602974649,3.01105600308782e-08,2.25323526704351e-06,8.79665968736837,"ENSG00000140945.17"
2.42670389516743,0.263413366660509,6.69951566793334,3.35916501686796e-08,2.48527506870616e-06,8.75870738296919,"ENSG00000153976.3"
1.9057137342032,6.80016743865733,6.77148716539003,2.63752063857819e-08,1.99657257297158e-06,8.74953423780636,"ENSG00000118523.6"
-2.21841810307757,7.79355115777459,-6.7648788489117,2.69672822053778e-08,2.03354051891783e-06,8.7442224927078,"ENSG00000196126.11"
3.21520388561094,2.21865176033388,6.70695482742175,3.27620840637392e-08,2.43308113694572e-06,8.73100670140999,"ENSG00000206538.9"
-4.09493860331442,2.83656051292684,-6.6893890851361,3.4754846878325e-08,2.54851363557141e-06,8.66569953738329,"ENSG00000131203.13"
-1.96235687574902,-1.41404828246579,-6.65968040087028,3.8405610671801e-08,2.74810365996836e-06,8.62645769847453,"ENSG00000100298.16"
-1.85669068806526,3.40672662384351,-6.68869224541172,3.4836358988735e-08,2.54851363557141e-06,8.60365007962149,"ENSG00000005844.19"
-1.68527924640581,6.04647998000456,-6.72476948260271,3.08580271508737e-08,2.30038965901152e-06,8.59173241896661,"ENSG00000073605.18"
2.49190606760545,-1.74743973725433,6.64354935510109,4.05464286438678e-08,2.88895126651191e-06,8.57162521546789,"ENSG00000259969.1"
-2.74496176959741,3.54879241696518,-6.67280747245899,3.67473371199472e-08,2.65614843515059e-06,8.55719093623308,"ENSG00000026751.17"
-2.59549988714157,3.66779896976107,-6.66774427691818,3.73782681403533e-08,2.6843894694497e-06,8.5321977479376,"ENSG00000135114.12"
-1.91383014708316,4.58060706786816,-6.68682055424084,3.50562480227705e-08,2.55506616629903e-06,8.52421785508174,"ENSG00000242574.9"
-2.01136149311736,0.99726044699879,-6.62861068259,4.26355257954006e-08,3.00687812498066e-06,8.51788347774267,"ENSG00000186891.14"
-1.30757726755147,5.33260798169124,-6.69320345663626,3.43120403112103e-08,2.52902955767515e-06,8.49761451537343,"ENSG00000003400.15"
2.35724567662009,3.05310410815396,6.64265398209941,4.06687008853048e-08,2.88895126651191e-06,8.47118157083449,"ENSG00000211448.13"
1.90415212269809,4.79750558857655,6.67519190194407,3.64539185607084e-08,2.64709454556018e-06,8.46351142811607,"ENSG00000166741.8"
2.23603736947348,-0.297838198764407,6.60283153762476,4.64974522573896e-08,3.23272712396589e-06,8.4503038413781,"ENSG00000204442.4"
2.28002438106872,-2.47660992247146,6.60644763869374,4.5935290006276e-08,3.20500817033113e-06,8.43993676986846,"ENSG00000175170.16"
1.80985090075372,0.0175102071688462,6.59806306156223,4.72493154143175e-08,3.27339250181311e-06,8.43273508433324,"ENSG00000272841.1"
-1.3038032122667,6.76039595581138,-6.67198129155281,3.68495549505743e-08,2.65614843515059e-06,8.41258512687075,"ENSG00000104687.14"
2.26980786889436,-1.20266878399467,6.58595066076,4.9214344012145e-08,3.39752263627505e-06,8.39412025042959,"ENSG00000254535.4"
1.64562859698113,3.52005442082952,6.62578263946119,4.304299088549e-08,3.02473433441189e-06,8.37808637662103,"ENSG00000074590.13"
1.8899370985876,4.71428664317285,6.63492620446051,4.17394830101053e-08,2.954311566412e-06,8.3345506940326,"ENSG00000152661.9"
-2.63520609893308,-1.59301431199515,-6.56393388753286,5.29982348187911e-08,3.6459066380955e-06,8.31741550689473,"ENSG00000113088.6"
1.94022241491399,4.19584649554659,6.61764810190846,4.42369016259527e-08,3.09753104742296e-06,8.30845061412931,"ENSG00000118263.15"
3.23577489298307,1.241726038213,6.5573360286768,5.41879370662778e-08,3.71471571371134e-06,8.27683766409016,"ENSG00000218336.9"
1.51747168124511,1.87504168067602,6.54629561911252,5.62388378211421e-08,3.82853699417122e-06,8.21651686828721,"ENSG00000142279.13"
-1.85307258082138,1.88584543790266,-6.53707556174202,5.80110367418304e-08,3.9355169078212e-06,8.19000644300679,"ENSG00000077984.6"
-1.77045733456064,2.79830339050382,-6.54735342914583,5.60390137578785e-08,3.82822614542497e-06,8.17625505725689,"ENSG00000239713.9"
-2.96184249386176,1.17572680690218,-6.52294710696916,6.0835810658448e-08,4.09878661089186e-06,8.17042412381828,"ENSG00000172543.8"
3.73171010940435,-2.08546234008752,6.51129525676356,6.32687805381006e-08,4.24810860010274e-06,8.14568997980925,"ENSG00000235669.1"
2.97842208366639,-1.45700072173992,6.50144565324314,6.54012705305626e-08,4.36141942184425e-06,8.12128144810979,"ENSG00000102468.11"
2.04672626852406,3.2158104896865,6.53343757356085,5.87255907191133e-08,3.97025493668598e-06,8.09843700645623,"ENSG00000166963.13"
2.9655540116847,-2.66472781151789,6.4985590984926,6.60397541754485e-08,4.37424128501298e-06,8.09668916451219,"ENSG00000227496.3"
-2.98951998365716,-2.68916963810847,-6.48779970617395,6.84751263530202e-08,4.50511183650105e-06,8.060216539201,"ENSG00000211788.2"
2.89710541903532,-1.9526676945113,6.48272278825597,6.96553041604591e-08,4.56743108150488e-06,8.05613637213283,"ENSG00000223485.4"
3.03514870760944,2.18562309242595,6.50004891151366,6.57094435271095e-08,4.36711643997461e-06,8.05288754765644,"ENSG00000180447.7"
3.17198647086029,-1.27584854207486,6.47661488373643,7.11021632728096e-08,4.64676337708902e-06,8.04312529059469,"ENSG00000258754.8"
1.91476504529108,0.155548795535155,6.46325281403043,7.4373184215679e-08,4.82834652229339e-06,7.99479081709571,"ENSG00000188766.12"
-2.06411672601054,0.139488468492724,-6.43721984416478,8.11849655781216e-08,5.21471806954759e-06,7.91207370928684,"ENSG00000105246.6"
1.87811370817597,5.63904824808237,6.509320883047,6.36905892778227e-08,4.26183513099314e-06,7.88171948227149,"ENSG00000154096.14"
4.53624421527191,-2.18690860789703,6.42476092082458,8.4662509258548e-08,5.40681809942375e-06,7.87113052537697,"ENSG00000178776.5"
2.34874082727712,1.99118915718218,6.43948722103671,8.05676448964869e-08,5.19608304552803e-06,7.86141286773325,"ENSG00000106823.12"
-1.8465697822145,2.29454547137851,-6.43647590849742,8.13885407161869e-08,5.21471806954759e-06,7.84091793124197,"ENSG00000185338.6"
2.04621998243655,6.26953216117144,6.48980331592031,6.80148964476685e-08,4.48989919108751e-06,7.81208462692998,"ENSG00000131389.17"
2.1547442318074,5.22897483563564,6.46735075578925,7.33543094860537e-08,4.77802189961318e-06,7.76026810193332,"ENSG00000120594.17"
2.75922066967236,1.3291401307487,6.39962214120284,9.21397296479639e-08,5.80865446777485e-06,7.75884614476611,"ENSG00000185008.17"
1.56205826880044,7.81792347607982,6.45995315188545,7.5203868666923e-08,4.866161878164e-06,7.73088176247261,"ENSG00000157227.13"
-1.95843667914818,3.00946608314435,-6.40773092546112,8.96583461917533e-08,5.68880755804374e-06,7.70484491018822,"ENSG00000169442.9"
-2.77883145804194,-1.97956174997274,-6.37236327765488,1.00996112620329e-07,6.26623349377899e-06,7.70198700911202,"ENSG00000211746.3"
1.76860873074635,2.66408614416366,6.4014325509064,9.15798307069612e-08,5.7919811640022e-06,7.69716528174851,"ENSG00000019549.13"
2.94958140102973,-1.28303522994644,6.36304251027056,1.04215858863811e-07,6.38517540276211e-06,7.67934186834078,"ENSG00000168779.20"
1.76091357748715,1.79635639021115,6.3764820421108,9.96052230167375e-08,6.19955556338462e-06,7.66377943724881,"ENSG00000212747.5"
1.61563501326011,2.12953115517834,6.3800460947437,9.84171327989224e-08,6.14511562310724e-06,7.65851708604945,"ENSG00000138792.10"
2.38927596647304,1.70214002249152,6.3644563228297,1.03720947354741e-07,6.37477396187162e-06,7.62898946397337,"ENSG00000118473.22"
-2.38756855379209,3.04822722905241,-6.36865050002451,1.02266546830377e-07,6.3051506828817e-06,7.57741776602852,"ENSG00000161405.17"
-1.19697387349852,4.2197259909993,-6.3963917639984,9.3147298945223e-08,5.85335238179501e-06,7.56929429428222,"ENSG00000157184.7"
3.50442936551759,-0.287378092336087,6.32741629662774,1.17497579233132e-07,7.06643416700855e-06,7.56182069513645,"ENSG00000280219.1"
-2.97808337570054,-2.66545125147085,-6.31949439903699,1.20673809347371e-07,7.23526209805673e-06,7.52681955101468,"ENSG00000211694.2"
2.32026016473846,1.63791746888486,6.32858294455008,1.1703693653322e-07,7.06038823898556e-06,7.51430492288275,"ENSG00000163083.6"
-3.17983761796003,4.43276270239779,-6.36910282001609,1.0211092124895e-07,6.3051506828817e-06,7.51343281836973,"ENSG00000151882.11"
1.38992928879484,2.9438150572304,6.34911132063349,1.09220653327286e-07,6.65024884824464e-06,7.50384492444559,"ENSG00000161381.14"
-1.93825968771496,1.30679923939856,-6.31367690652687,1.23060844813762e-07,7.35588696164212e-06,7.48223943436601,"ENSG00000100351.17"
1.88647648196225,-0.553088303645449,6.29300540103858,1.31931242675554e-07,7.86213964710306e-06,7.45257410746749,"ENSG00000113212.7"
1.77612308755806,0.0693892440125837,6.28691670356233,1.3466386355639e-07,8.00066578450481e-06,7.42502111125343,"ENSG00000135454.14"
-5.94532321062827,6.59575018187748,-6.33930276493721,1.12887939112935e-07,6.85226295432883e-06,7.40376130572367,"ENSG00000211890.4"
4.10373761962493,-0.515409054813743,6.272747260944,1.41244233459969e-07,8.31601934299142e-06,7.3879183112461,"ENSG00000233532.6"
1.97268236814116,7.02328366397861,6.35118998638784,1.08458903902424e-07,6.62444009318046e-06,7.35544718953891,"ENSG00000124225.16"
3.37638337536506,-0.334085721165389,6.25042369041447,1.52269679351142e-07,8.83254240638609e-06,7.31369040490294,"ENSG00000196711.9"
2.47156002103854,-1.40522254611462,6.24519753023541,1.54972725318066e-07,8.96281785423602e-06,7.30166434918382,"ENSG00000183671.12"
1.47324591755346,2.81119086522036,6.2831181820073,1.36397239729709e-07,8.07916701553071e-06,7.29636678135835,"ENSG00000123342.16"
-2.11227550123776,6.54220001162372,-6.33176210677975,1.15790813209199e-07,7.00677371536898e-06,7.28758186672978,"ENSG00000204642.14"
2.51793829861402,1.47382120566513,6.25666962647905,1.49100939273351e-07,8.72103055790917e-06,7.28620797732192,"ENSG00000069431.11"
3.56115335752927,-2.65743496711503,6.23426871307071,1.607812838916e-07,9.21718670169214e-06,7.25968342637828,"ENSG00000229847.9"
-1.68696787473751,2.67212068902353,-6.26483962101234,1.45055361828286e-07,8.51483659881849e-06,7.25289974595452,"ENSG00000123329.20"
1.86438851233109,1.23345870327195,6.24007185239483,1.57670382610872e-07,9.06535343539223e-06,7.2416462961993,"ENSG00000182218.9"
2.18083380610727,2.35866852028135,6.24415692452342,1.55516640594795e-07,8.96782133971044e-06,7.20028094593571,"ENSG00000107186.17"
2.10366646698073,0.808954941071312,6.22099286631516,1.68130747920337e-07,9.52708509747433e-06,7.19372528336352,"ENSG00000120324.9"
-2.36566343533676,-0.235444744780235,-6.20975879513679,1.74611539895648e-07,9.83745359538529e-06,7.18205639500279,"ENSG00000163564.15"
3.0768541262694,1.60435261241542,6.20977584964553,1.74601514554421e-07,9.83745359538529e-06,7.12791841624019,"ENSG00000272168.8"
2.1173714233166,7.33272204376142,6.27307350991715,1.41089164595998e-07,8.31601934299142e-06,7.10228877926177,"ENSG00000122786.20"
1.57248238757112,0.00613202401937826,6.18350602178458,1.90746432107723e-07,1.05345761912789e-05,7.0914038722485,"ENSG00000228624.7"
2.25572265415357,2.19524851342319,6.20307527107176,1.78585007007925e-07,1.00324860956945e-05,7.0749430427952,"ENSG00000243244.7"
2.07390625525274,5.03786623959523,6.25595995863264,1.49457628657425e-07,8.72103055790917e-06,7.06399755722989,"ENSG00000117707.16"
2.59556395516494,-2.28628317551806,6.16790107838289,2.01034507257006e-07,1.09485626368913e-05,7.05021718878378,"ENSG00000196460.14"
-1.66217466863061,5.51323826338172,-6.25091425400388,1.52018385043135e-07,8.83254240638609e-06,7.02656549135424,"ENSG00000117228.10"
1.71153341985336,1.78810522889286,6.17666707662796,1.95188845159024e-07,1.07195308072488e-05,7.00985515266707,"ENSG00000169621.10"
-2.18823293862921,4.96522018527585,-6.23155195820792,1.62258669863178e-07,9.27476233626086e-06,6.99957090112953,"ENSG00000205220.12"
1.95559889383094,4.44321233963006,6.22498917385118,1.65883765129124e-07,9.42700608441044e-06,6.99155081387311,"ENSG00000153250.20"
2.44078917812583,1.2281187918923,6.15700007376856,2.08548469301847e-07,1.12639153970579e-05,6.9706854323716,"ENSG00000154864.13"
1.8255201401762,7.82145593818716,6.22773374016115,1.64358000252417e-07,9.36745044461884e-06,6.96077761186055,"ENSG00000137801.11"
1.71535597433526,3.27212834925247,6.19113595258757,1.8590933031612e-07,1.02964359609544e-05,6.96034569662635,"ENSG00000138795.10"
-3.18584026651343,4.51524418902831,-6.2000799659374,1.8039496448557e-07,1.00764207228036e-05,6.94808511356968,"ENSG00000141574.8"
2.13962916178995,0.947109273705196,6.14525101136275,2.16961406076956e-07,1.15590905639804e-05,6.9427735872125,"ENSG00000235531.11"
2.5642205774127,-0.476095286027876,6.12922962908584,2.28982456090228e-07,1.21335946867703e-05,6.92423500619105,"ENSG00000002746.15"
1.23270035420164,4.22288008127056,6.1969924683115,1.82279817234515e-07,1.01240172711045e-05,6.90098755250744,"ENSG00000140931.20"
4.45366613658172,4.92873332198772,6.18064958840425,1.92589483461276e-07,1.06064871144432e-05,6.88660235444837,"ENSG00000145423.5"
-1.48153658655738,6.11501155161097,-6.19914562866849,1.80963293553154e-07,1.00794498108044e-05,6.84034951149872,"ENSG00000157873.17"
-1.70101259551649,0.56416525045169,-6.10374937975006,2.49485494143826e-07,1.31137066975438e-05,6.82203972187415,"ENSG00000130487.9"
-1.9342840644082,3.63475035894252,-6.15052158116828,2.13146275406866e-07,1.14465211436305e-05,6.81388078462504,"ENSG00000116663.11"
-4.89449594780434,8.00955239744449,-6.17066696126537,1.9917141797134e-07,1.08773114784014e-05,6.80230902452035,"ENSG00000211895.5"
1.39674593993399,2.99219248405827,6.13264729650341,2.26363534016277e-07,1.20273264171358e-05,6.78661149461484,"ENSG00000158186.13"
4.30107246001799,-1.39495592088928,6.0828137529748,2.67696233330665e-07,1.38847945785212e-05,6.78202882552369,"ENSG00000029559.7"
-1.3822207968046,4.68176732551607,-6.16475614077115,2.03174088083483e-07,1.10344353766337e-05,6.77406843530974,"ENSG00000150782.12"
2.59448428593449,1.05606104907417,6.09276822531413,2.58877577040227e-07,1.34988132325816e-05,6.7679203084899,"ENSG00000117152.14"
-2.57303625666655,-2.42335677118833,-6.07672079680015,2.73241295528933e-07,1.41350101322962e-05,6.75817685271236,"ENSG00000232869.2"
-1.14774881216294,6.22980939888161,-6.17556533776659,1.95914113016229e-07,1.07293075413301e-05,6.75812008706887,"ENSG00000138496.16"
-1.64740343638332,7.75801523446122,-6.15412173015386,2.1057887981783e-07,1.13423338398582e-05,6.71102471533226,"ENSG00000138449.11"
-1.83136880201623,3.26067095085734,-6.10397654092165,2.49294840521745e-07,1.31137066975438e-05,6.68372585691555,"ENSG00000122122.10"
2.55602806319262,-1.70095331492734,6.05189178723328,2.97048587257742e-07,1.50879134761018e-05,6.68336216419014,"ENSG00000197977.4"
1.47222393324024,1.35366556730818,6.06929396594581,2.80155583512138e-07,1.43788753150235e-05,6.67978039093411,"ENSG00000162944.11"
-2.57936906648361,1.70877802665599,-6.07105595517631,2.78499552357518e-07,1.43313969121299e-05,6.6751452369537,"ENSG00000115523.17"
-2.08869180834721,1.30783708160954,-6.05675047428173,2.92232295142273e-07,1.4881834749505e-05,6.64466154405367,"ENSG00000172116.23"
1.95386101921292,1.95956848306945,6.06640190110264,2.82895068184995e-07,1.44815684251567e-05,6.63980000733854,"ENSG00000169184.6"
1.98836957854231,3.53138018716095,6.09405701405173,2.57757254045399e-07,1.34762365941709e-05,6.6229939487886,"ENSG00000147027.4"
2.86718716658053,-2.34560269370274,6.03207978459337,3.17521803393909e-07,1.58405406548116e-05,6.61817577242696,"ENSG00000286289.1"
-2.0419524000739,1.40180875012397,-6.04468626332573,3.04337492996542e-07,1.53784558961087e-05,6.601240553219,"ENSG00000008516.17"
1.78685901189468,1.00421751268224,6.04048173425219,3.08672867335378e-07,1.55574299151091e-05,6.59999208615485,"ENSG00000175264.8"
-1.45664566012034,11.3789325580375,-6.08434937988956,2.66316509979039e-07,1.38498713385916e-05,6.5985688719977,"ENSG00000166710.21"
-2.41409412541342,1.00141619324719,-6.03719466510642,3.12105115481033e-07,1.56900843439003e-05,6.59305842858012,"ENSG00000078589.13"
1.19103649718746,4.16346715811851,6.09908239941637,2.53434816252707e-07,1.32856764905095e-05,6.5809730707212,"ENSG00000169826.8"
1.86143799598907,-2.09503794597601,6.00937684238513,3.42719300532106e-07,1.69205445827125e-05,6.54710045665541,"ENSG00000233321.2"
-2.05538369401574,-1.35553439190091,-6.00396015598077,3.49020216092481e-07,1.71072258917729e-05,6.5299109305477,"ENSG00000226979.9"
1.92831493820662,4.24259148651557,6.07385883874901,2.75885334998366e-07,1.42342312578367e-05,6.50313209711439,"ENSG00000073712.15"
1.95690771671363,2.74381277698565,6.03286628194653,3.16682834572205e-07,1.58389889148537e-05,6.48007179849449,"ENSG00000058091.17"
-1.52198657727064,3.05064465414588,-6.0345031427547,3.14943856555385e-07,1.57922998762785e-05,6.46666283906321,"ENSG00000072818.12"
-2.51807572794855,-1.94643979046247,-5.98112505423916,3.76878727262416e-07,1.80790980220212e-05,6.45716761759097,"ENSG00000282939.1"
1.38173988914393,4.091102205529,6.04846460993497,3.00493435706286e-07,1.52234478047996e-05,6.42189418534271,"ENSG00000118762.8"
2.16075215518619,2.49465122144714,6.00871288213816,3.43485501577046e-07,1.69205445827125e-05,6.41840780611848,"ENSG00000154736.6"
2.66094257812762,1.66647832040442,5.989670641069,3.66202543866691e-07,1.77278199383959e-05,6.40513629586813,"ENSG00000123610.5"
1.68762093132753,2.47481452098302,6.00289764506304,3.50269666462694e-07,1.71256535677496e-05,6.39896238493608,"ENSG00000181458.10"
3.88695516869878,-2.48738798017385,5.96178844212554,4.02196444897542e-07,1.90931319580175e-05,6.39521141619176,"ENSG00000110680.13"
-1.41708792477225,2.56873505266778,-6.00006621552703,3.53621096433304e-07,1.72037102150654e-05,6.38786248073604,"ENSG00000164099.3"
-1.2000888179771,7.50322610667388,-6.0570932453254,2.91895473370656e-07,1.4881834749505e-05,6.380991571276,"ENSG00000050405.13"
2.16344296973142,-1.21996261254187,5.95691911049196,4.08834948120357e-07,1.9268312482807e-05,6.37812084573141,"ENSG00000161681.16"
2.48250480847543,-1.09481499098438,5.95164896469913,4.16143092492159e-07,1.9565710962593e-05,6.36033507411164,"ENSG00000102271.14"
-1.19106001260558,4.364682206545,-6.0276313802349,3.22308907293499e-07,1.60385493309552e-05,6.33748489286404,"ENSG00000134470.21"
3.13066670827336,0.289335755067449,5.94672134844664,4.23094060807464e-07,1.98449333880171e-05,6.31942814031837,"ENSG00000258227.7"
2.90865006533905,-1.4527315413809,5.93721681759729,4.36830018102573e-07,2.02949984239788e-05,6.31669706984117,"ENSG00000184408.10"
-2.2052965462638,-2.69660959702897,-5.93619545983031,4.38332295008004e-07,2.0316650061293e-05,6.31088610859897,"ENSG00000189430.13"
1.79189614391851,4.13896060957125,6.01413427549395,3.37278948735362e-07,1.67026971865852e-05,6.30948657703405,"ENSG00000162493.16"
1.69184876008122,0.278882848288416,5.9422447720193,4.29509108340372e-07,2.00498942336222e-05,6.30454931553782,"ENSG00000196208.14"
2.19241907438712,-0.280875907577123,5.93017882065611,4.47287093459527e-07,2.06341429514529e-05,6.2792308301236,"ENSG00000206052.11"
1.97474259503859,2.2451493358269,5.95989878152624,4.04759812207377e-07,1.91453928997336e-05,6.27397214136468,"ENSG00000138411.13"
2.14787374449029,3.68932350210172,5.98637423296608,3.70284596054142e-07,1.78373459219595e-05,6.25757718126577,"ENSG00000166503.9"
3.76197117367737,0.799781588292612,5.93041489346434,4.46932322808943e-07,2.06341429514529e-05,6.25060068740302,"ENSG00000113389.16"
-1.76730348989509,1.70611162641223,-5.93925746408335,4.33843867498201e-07,2.02041398246312e-05,6.24262124215219,"ENSG00000162739.14"
2.17310804578443,6.03866984936564,6.01406338089619,3.37359384162387e-07,1.67026971865852e-05,6.23510432143017,"ENSG00000041982.16"
2.96903696462481,-1.02515074575941,5.90338663344361,4.89429914686437e-07,2.24200067928558e-05,6.20533089376847,"ENSG00000221818.9"
-1.3594198762128,6.09229808000703,-6.00140657489324,3.52030606760384e-07,1.71689355127962e-05,6.18284609992963,"ENSG00000114023.15"
1.17296892344834,5.90473378954677,5.99634414161666,3.58075460336315e-07,1.73772957310737e-05,6.16534077410173,"ENSG00000116962.15"
-1.91476095815842,10.3369049170572,-5.96234893808754,4.01439237771019e-07,1.90931319580175e-05,6.16077579748591,"ENSG00000204525.17"
1.75389619251245,4.81713247060133,5.98091316144188,3.77147357492944e-07,1.80790980220212e-05,6.15680713678852,"ENSG00000118257.17"
1.27347320428945,7.30784963062917,5.98887574931486,3.67182758360246e-07,1.77314905428842e-05,6.15225035906842,"ENSG00000026025.16"
-1.19260516707872,4.48122200881481,-5.97434181048118,3.8557377568136e-07,1.8437949868314e-05,6.15194364293918,"ENSG00000099308.10"
1.44850341748987,3.40919775778345,5.94338543085747,4.2786536393737e-07,2.00208313254322e-05,6.12958967477893,"ENSG00000163638.13"
-2.80106087633908,0.635022259356318,-5.8840353056811,5.22309367061891e-07,2.35953858309111e-05,6.10971425908127,"ENSG00000166823.5"
2.11702370513352,-1.7647142740619,5.86722915095176,5.52645254677774e-07,2.47378147561928e-05,6.09462710269822,"ENSG00000248334.6"
-1.12030455813716,6.27614623635822,-5.97320850051786,3.87045885838779e-07,1.84633129872387e-05,6.08615228400428,"ENSG00000137364.5"
3.0706655403234,-1.00133147723145,5.86586911713351,5.55175648827093e-07,2.47944732822414e-05,6.08504483732451,"ENSG00000092607.15"
1.84000107843685,2.06113891873216,5.89823016687116,4.97983950123566e-07,2.2600632699358e-05,6.0835687547513,"ENSG00000198795.11"
3.64993395693587,-2.69418528661333,5.86021361717035,5.65822352467454e-07,2.50417901636047e-05,6.07244001183681,"ENSG00000261650.1"
-1.46561194919935,6.24574145126871,-5.9595385399122,4.05250334254282e-07,1.91453928997336e-05,6.0443521046072,"ENSG00000162645.13"
-4.60687324577124,1.07932536927161,-5.86444654719299,5.57834749979318e-07,2.48002451430714e-05,6.03703872736222,"ENSG00000244575.3"
1.26500290434726,3.11291636963165,5.90267476930847,4.90602049555357e-07,2.24213141808446e-05,6.01878841545698,"ENSG00000168140.5"
2.39058961591102,1.93084879023092,5.86509557691547,5.5661999752595e-07,2.48002451430714e-05,5.98398848031406,"ENSG00000106571.15"
-1.6732232307793,4.0955255082479,-5.91040263875724,4.78025881104989e-07,2.20004117956442e-05,5.97855290007817,"ENSG00000107742.13"
-1.41639623533358,3.65159982733772,-5.89992411465643,4.95157556232661e-07,2.25244989501103e-05,5.97578588918515,"ENSG00000167895.15"
1.90054071131711,2.92613832104224,5.88312446490047,5.239100905237e-07,2.36132901949601e-05,5.9741602387527,"ENSG00000151718.16"
3.61013028522466,-1.51360144335929,5.82764928551661,6.31206020014081e-07,2.75473663220924e-05,5.96745764523416,"ENSG00000138696.11"
-1.94040850981605,2.8788885576751,-5.87725967650437,5.34334700967699e-07,2.39729202452465e-05,5.96708569258903,"ENSG00000101445.10"
-1.50539770146935,4.17607047290817,-5.90352771413656,4.89197946999019e-07,2.24200067928558e-05,5.94645472493256,"ENSG00000128284.19"
1.23616774469567,3.73973138148811,5.89113444608705,5.09999176582555e-07,2.30924800371306e-05,5.92770003004211,"ENSG00000106080.11"
2.58381965148595,0.632422388794416,5.82811648604942,6.30216704390295e-07,2.75473663220924e-05,5.92413869416633,"ENSG00000228221.6"
3.45611386945953,-0.830589022556673,5.81409692555723,6.60586970189992e-07,2.85274628580286e-05,5.9173181673383,"ENSG00000215386.13"
1.99167347323626,1.52046166627408,5.82714693634821,6.32271490612139e-07,2.75473663220924e-05,5.88252129733358,"ENSG00000139971.15"
2.50647290509577,2.03496170719733,5.83219646770659,6.21642573823058e-07,2.73223313062264e-05,5.87031415476412,"ENSG00000157766.19"
-2.41059606952623,6.07286897819989,-5.90186437771583,4.91939823601785e-07,2.24301678640386e-05,5.86913531009339,"ENSG00000198502.6"
1.86012800152926,1.65521945892495,5.82347419782989,6.40115912937596e-07,2.77044428014448e-05,5.86334577316743,"ENSG00000074047.22"
2.54295676900584,-0.183446990702152,5.79996940778948,6.92665873827173e-07,2.95226241788164e-05,5.85798200370029,"ENSG00000197046.12"
3.1103055462316,-1.33148262065728,5.79357995527216,7.07679299088359e-07,2.99025007282896e-05,5.85732106001956,"ENSG00000198768.11"
1.66608272019044,0.834899963173602,5.79526782725298,7.03682054901358e-07,2.98023525308915e-05,5.81033964072677,"ENSG00000135299.17"
-1.66758661703161,2.60623125684999,-5.82375532497659,6.39512055538194e-07,2.77044428014448e-05,5.80971567669777,"ENSG00000136514.3"
-2.2154736698792,6.28694407169273,-5.88160074966344,5.26598827192283e-07,2.36800380869998e-05,5.79611376543864,"ENSG00000136826.15"
2.27601170104914,-0.830732341804887,5.77143862119666,7.62257170619011e-07,3.17299662147693e-05,5.77955261232267,"ENSG00000196368.5"
3.81835918892962,-2.36032291108424,5.76558516986431,7.77373429676507e-07,3.21283850575334e-05,5.77259614089399,"ENSG00000204767.4"
2.44346200181915,3.39254317248452,5.8263728172137,6.33916888032058e-07,2.75578148708571e-05,5.75931126536679,"ENSG00000060982.15"
2.62958187964204,2.19983730876527,5.79522249944339,7.03789106487951e-07,2.98023525308915e-05,5.74056686444645,"ENSG00000182463.16"
1.36023694242139,4.63664153431713,5.85300419235028,5.79689893165792e-07,2.55977478500192e-05,5.7375042572737,"ENSG00000102755.12"
1.44920383274274,1.06359870893194,5.77459900549254,7.54217685286975e-07,3.14621105058222e-05,5.73405534946986,"ENSG00000184838.15"
-1.49883035353011,6.24358558144091,-5.86247114533889,5.61548280880224e-07,2.49088588120762e-05,5.7233138415489,"ENSG00000165806.21"
1.88990334691577,1.00193728728963,5.76519816921592,7.78383296048576e-07,3.21283850575334e-05,5.70593792602508,"ENSG00000092969.12"
-2.09609180868887,6.39032013902042,-5.84933832573907,5.86870667852289e-07,2.58565984582292e-05,5.68727002481962,"ENSG00000158467.16"
1.93607161496256,2.38120874091948,5.77613162871882,7.50349409666162e-07,3.13674851298823e-05,5.6635176773883,"ENSG00000118946.12"
-2.33073542347853,0.694734804498048,-5.74598336751108,8.30201083785187e-07,3.39102551014424e-05,5.6599926752072,"ENSG00000139725.8"
2.59289905914182,-1.8509205323137,5.72873087895943,8.79645879365108e-07,3.56329279149428e-05,5.65446512839646,"ENSG00000086717.18"
-1.54358157763394,5.60163927854107,-5.83158232045908,6.22925741807773e-07,2.73223313062264e-05,5.63181714194953,"ENSG00000140968.11"
2.38084978658773,3.27828422344125,5.78272427959235,7.33933877686864e-07,3.08787716865422e-05,5.62439335656965,"ENSG00000214548.18"
1.55212233108325,1.18358199506799,5.73896531965293,8.49971517748084e-07,3.4645616584135e-05,5.61299664550032,"ENSG00000115226.10"
2.34808512685606,-2.06000155357609,5.71392527505,9.24408254374551e-07,3.69876494597295e-05,5.60845835746155,"ENSG00000146001.5"
-1.51121087519594,2.84984070569318,-5.76789898107501,7.7136277071281e-07,3.19732314642608e-05,5.6074650764251,"ENSG00000204397.8"
-1.49596795600533,2.83409463508232,-5.76424652657031,7.80872137653301e-07,3.21634015353584e-05,5.59620067884788,"ENSG00000128203.7"
1.49983859205121,4.58906498071532,5.80799486052772,6.74257043356326e-07,2.88635012926728e-05,5.59463441796727,"ENSG00000134369.15"
-5.07204538973933,0.639813678538231,-5.7163849045471,9.16817948136021e-07,3.69099233904617e-05,5.57606080293336,"ENSG00000163687.14"
-1.3840040407955,5.25372913572927,-5.81094014082719,6.67624089179938e-07,2.86420960447743e-05,5.57374788825252,"ENSG00000128340.15"
-1.19114218614536,8.04152971677539,-5.80559582518208,6.79708300659296e-07,2.90334661061572e-05,5.56334841449213,"ENSG00000154518.10"
-1.56688872670858,6.54297533922253,-5.81220199652474,6.64802239519083e-07,2.85909990738046e-05,5.55763200151188,"ENSG00000223865.11"
-1.31648983651382,6.44262309195067,-5.81212468708659,6.64974782089917e-07,2.85909990738046e-05,5.55475383492879,"ENSG00000117118.10"
1.92160679015116,2.20596965202301,5.73603868565777,8.58353936159592e-07,3.49147038845331e-05,5.54443188771543,"ENSG00000132000.13"
-1.32734974593238,5.11649836885916,-5.79918718590417,6.94486696943394e-07,2.95360220830199e-05,5.53938827290811,"ENSG00000128335.14"
1.64579670488242,2.42097718326947,5.7339071231768,8.64510872897273e-07,3.50923399048115e-05,5.52217207204558,"ENSG00000121297.8"
-2.44072722482801,-0.101773034620268,-5.68864709256246,1.00613312696139e-06,3.98510021963737e-05,5.50093587582721,"ENSG00000145832.14"
-2.23320980794186,1.02259284414649,-5.70051198674437,9.66915042089071e-07,3.84530148381305e-05,5.49987268751201,"ENSG00000137078.9"
1.52052905147445,1.53486903684225,5.70064744950976,9.66476184110566e-07,3.84530148381305e-05,5.47062826983215,"ENSG00000142303.14"
1.39428126839614,2.43683433672992,5.71534428500698,9.20021653129795e-07,3.69630010886532e-05,5.45979753450638,"ENSG00000161940.11"
2.05335027284059,1.97310426083539,5.70222478432939,9.61380670402515e-07,3.83886546311847e-05,5.44987004884829,"ENSG00000082196.21"
-1.19919501438329,6.7604674184128,-5.77959726052543,7.41675000631455e-07,3.11376446731912e-05,5.44865734538159,"ENSG00000138796.17"
-1.46039642799983,5.19363270255211,-5.77019758472124,7.65437442882687e-07,3.17948442905889e-05,5.44297823710377,"ENSG00000103089.9"
-1.30127550065509,9.59279841832473,-5.75275260109218,8.11565522572722e-07,3.32182748132793e-05,5.44262556466776,"ENSG00000204592.9"
-1.17057661566283,5.45566726889864,-5.76345109668263,7.82958512987203e-07,3.21817287329709e-05,5.40537807500759,"ENSG00000026950.17"
-2.02873474354076,-2.33365007090846,-5.64579380186356,1.16142656649003e-06,4.52178327049753e-05,5.39401370940034,"ENSG00000124334.17"
1.15817104960738,5.98748265484274,5.76231453955709,7.85949284663511e-07,3.22370746341272e-05,5.38985578361735,"ENSG00000213949.10"
2.10166767004233,0.166572080305369,5.6455465528581,1.1623884363617e-06,4.52178327049753e-05,5.35079971102319,"ENSG00000182013.18"
1.88544927641107,4.18325666864703,5.72068696164082,9.03690833671706e-07,3.64563014093981e-05,5.3418032896641,"ENSG00000169855.20"
2.32355777744144,2.77569721071945,5.6824052445691,1.02739616326093e-06,4.06111475340599e-05,5.33022105530343,"ENSG00000117122.14"
-1.55693163529592,0.956027083899246,-5.64380597068507,1.16918226279692e-06,4.53920543453393e-05,5.31830078129949,"ENSG00000187624.9"
5.06621342448963,-1.4555816425867,5.62132655113361,1.26055511187066e-06,4.85548988670651e-05,5.31008600443252,"ENSG00000204542.3"
3.0986108290323,2.11152091406671,5.65728268919438,1.11759389906292e-06,4.39109137976506e-05,5.29830876278542,"ENSG00000145147.20"
-1.57333354504275,2.03566607286312,-5.65266156521726,1.1350231134832e-06,4.44176909440151e-05,5.28907847016228,"ENSG00000167984.18"
2.19377114759001,2.38707654986528,5.6612119469326,1.10298376876482e-06,4.34238951212912e-05,5.28893387855345,"ENSG00000163637.13"
-2.47231179859147,4.20769961451016,-5.69580003966876,9.82304361793243e-07,3.89859500350573e-05,5.28430211351713,"ENSG00000237988.5"
2.48139517388661,-1.95469517926464,5.61177590176482,1.30149370436232e-06,4.96441353457737e-05,5.28415293141252,"ENSG00000168334.9"
2.52899987717581,2.02055530062356,5.65137898640424,1.1399082951672e-06,4.45200040538809e-05,5.28232126251128,"ENSG00000255248.9"
2.92529611086835,-1.60275116803634,5.60782218012315,1.31882569667872e-06,5.0110264746285e-05,5.2686075465419,"ENSG00000155886.11"
3.76423894481188,-1.68270143527538,5.59708356068661,1.36706758192754e-06,5.14447735341102e-05,5.2355097250642,"ENSG00000171864.5"
-1.2213792576178,6.85971874333469,-5.71450352060641,9.22618209990567e-07,3.69876494597295e-05,5.23515133390023,"ENSG00000103187.8"
2.64102888151238,2.03921975666446,5.63701433212724,1.19607115663457e-06,4.63442116541055e-05,5.23498685982377,"ENSG00000173068.18"
-1.42404467769953,3.04242396085925,-5.65348524610887,1.13189680411958e-06,4.4383937483137e-05,5.21659435359998,"ENSG00000108798.9"
-5.61332037433806,9.68644977501662,-5.66796850233002,1.07830385105097e-06,4.25376766674153e-05,5.18573456958142,"ENSG00000162896.6"
3.53137654939973,-0.603572473011545,5.5785284805443,1.45459394531684e-06,5.41153109902884e-05,5.15953137022077,"ENSG00000206195.11"
1.69280805708682,2.0361699661952,5.61088128895521,1.30539549900653e-06,4.96962799097514e-05,5.14828135130509,"ENSG00000134874.18"
2.38375762880953,0.707017878053692,5.58526764624507,1.42217839564132e-06,5.31109135713213e-05,5.1367037672687,"ENSG00000171016.13"
-1.34869889319388,2.73391601567806,-5.61665410541406,1.2804208792093e-06,4.89355394888451e-05,5.1211872181526,"ENSG00000116761.12"
1.43042709397475,3.07377350619087,5.61810285398933,1.27422818335058e-06,4.87939800054131e-05,5.0903351731193,"ENSG00000122863.6"
2.16873717281678,0.468814047695259,5.56785867874039,1.50742421368475e-06,5.56583034529251e-05,5.09022022597807,"ENSG00000180914.10"
-2.87060691712472,-2.34836608071686,-5.54865206043168,1.60737467008056e-06,5.90153329243435e-05,5.0875600754341,"ENSG00000168913.7"
1.62218392400971,2.04566458909544,5.59082924791152,1.3959685945865e-06,5.23314727829118e-05,5.08244283717789,"ENSG00000117586.11"
1.76491583180215,2.84495105316741,5.60406452284353,1.33551084930314e-06,5.05483121842422e-05,5.06573747595047,"ENSG00000185052.12"
2.65834693130162,-2.1553724746348,5.54076346491627,1.65030998585736e-06,6.03656298185064e-05,5.06096529370241,"ENSG00000140873.16"
1.91286646997537,-1.52753387234186,5.53862552546944,1.6621411728584e-06,6.06770006506265e-05,5.04788670888031,"ENSG00000142549.9"
2.62763820115262,-2.63510114320851,5.52361996981884,1.7475861979248e-06,6.22966818118431e-05,5.00916505737388,"ENSG00000246095.2"
-1.50259584166695,3.11645572546048,-5.58696334591286,1.41413576031427e-06,5.29113467876367e-05,4.99492452897685,"ENSG00000174021.11"
2.59978004510753,-1.1033863013885,5.52001220287457,1.76877201854595e-06,6.29374667796948e-05,4.98244685061677,"ENSG00000166450.13"
-2.18020656739211,2.80586809824888,-5.57297289473728,1.48186794441791e-06,5.49215556110728e-05,4.97957341370689,"ENSG00000172159.16"
-1.48975596546383,7.29458288372517,-5.62943298078704,1.22681365195405e-06,4.73482450004157e-05,4.96406204914199,"ENSG00000140105.18"
-1.49873077114071,6.96496491990399,-5.63112461744924,1.21988663154185e-06,4.71737619290128e-05,4.96393817684297,"ENSG00000117676.14"
-2.08932773419703,-0.626960398021677,-5.51615428946554,1.79170913520329e-06,6.3638132798543e-05,4.96155903596538,"ENSG00000242258.1"
-2.76058367169279,0.86647578089181,-5.52796668056823,1.72239570495954e-06,6.18408347905496e-05,4.95072022163755,"ENSG00000204614.9"
1.45963981651471,0.769534380527403,5.52666280193083,1.72991395603567e-06,6.18917755876557e-05,4.94568500953162,"ENSG00000213190.4"
1.80996401820871,1.1635306280822,5.5257067054941,1.73544758332614e-06,6.19766581396947e-05,4.92389519940209,"ENSG00000143494.15"
-1.05449244264124,5.73481673181878,-5.61957178466481,1.26797962807877e-06,4.87137191357476e-05,4.92269561036214,"ENSG00000155363.18"
-1.05041011847879,6.86292420592241,-5.61917897369489,1.26964758126936e-06,4.87137191357476e-05,4.92010084773336,"ENSG00000140374.16"
1.34978732703816,1.59365830573725,5.53068874623573,1.70680456592059e-06,6.16272749897587e-05,4.91647795352848,"ENSG00000077092.19"
1.39486121337783,5.10979821727025,5.60717896056059,1.32166701344892e-06,5.01210898755889e-05,4.90253803723737,"ENSG00000196950.14"
1.32363629509013,4.97702000677422,5.60299681291335,1.34028998532663e-06,5.06314555921272e-05,4.89491089261786,"ENSG00000173706.14"
2.2259057108898,0.425832804043199,5.49842902185404,1.90095012776073e-06,6.66726801518371e-05,4.86881960601572,"ENSG00000139174.12"
-1.22267793517665,7.89680318298037,-5.59582391127595,1.37284014560367e-06,5.15630342810453e-05,4.8679602933479,"ENSG00000115415.20"
2.3006224669349,3.92027266965567,5.56569245894041,1.51838067280982e-06,5.5957465171258e-05,4.86160107948038,"ENSG00000174099.12"
1.36711625932704,-0.967869005676461,5.48191907200471,2.00864142805631e-06,6.95784873471237e-05,4.8573315379877,"ENSG00000204682.8"
2.09896722390388,-0.765387538022634,5.48198400708649,2.00820622037705e-06,6.95784873471237e-05,4.85363535357987,"ENSG00000173705.9"
-2.73986437104935,-2.23601268031008,-5.47224176138926,2.07455889536748e-06,7.16061767852185e-05,4.84649202727517,"ENSG00000143185.4"
3.11161848219604,0.4599022169217,5.48425946179989,1.99301466914575e-06,6.94870963497388e-05,4.82258745983106,"ENSG00000155011.9"
1.61428601417761,2.90581639418342,5.52805524024003,1.72188624295887e-06,6.18408347905496e-05,4.8124290348766,"ENSG00000143147.14"
1.19050252329189,3.16512749424273,5.53601052702015,1.67672701062393e-06,6.07650827547001e-05,4.81220358002432,"ENSG00000151468.11"
-1.50261724753887,7.18147657726784,-5.57762231442132,1.45900827716999e-06,5.41767353829446e-05,4.79145839190349,"ENSG00000178741.12"
1.50956781499396,2.51279436596377,5.51158657277356,1.81924867920222e-06,6.44994387060376e-05,4.7905840869764,"ENSG00000206190.12"
1.85209195721679,3.50112081331494,5.53005785125143,1.71040560419931e-06,6.16437725660507e-05,4.77103663005942,"ENSG00000117020.18"
-1.26064507408719,2.69753225543428,-5.50818295388815,1.84004271081001e-06,6.50015808795336e-05,4.77003600563321,"ENSG00000176890.16"
1.65755722074695,2.78108883229025,5.50938230312825,1.83268861779435e-06,6.48586516976101e-05,4.7622080132273,"ENSG00000165633.13"
1.34164804927901,5.8892821033516,5.5691127069304,1.50111745225287e-06,5.55300165450373e-05,4.75620798590602,"ENSG00000140545.15"
2.54690576040677,2.78183941436475,5.50428747741553,1.86413156853972e-06,6.54985009548204e-05,4.75231196680402,"ENSG00000179954.16"
2.76270664971231,0.323986622418771,5.45431783505167,2.20237293872105e-06,7.54890276863024e-05,4.73166432315843,"ENSG00000157551.19"
-1.43596082154179,5.48833511428054,-5.55748720749927,1.56060425319492e-06,5.74056416287796e-05,4.73071027577177,"ENSG00000030110.13"
1.23183584175348,4.25417601955799,5.53786441105392,1.66637343098224e-06,6.06770006506265e-05,4.72518927621166,"ENSG00000147251.15"
1.70892115416258,-1.96023598351112,5.43440036858468,2.35358980507927e-06,7.99731052311685e-05,4.72369810275813,"ENSG00000205488.9"
1.8643628393944,-2.2152095261599,5.42485498325545,2.42966964656193e-06,8.17085816303485e-05,4.69618113708578,"ENSG00000274565.1"
1.39506674805475,0.913352694002086,5.4506310424467,2.2296170622688e-06,7.62894801445761e-05,4.69469780781562,"ENSG00000183496.6"
1.02680009806649,3.45438469612893,5.50617008190697,1.85245105138546e-06,6.53222217868045e-05,4.68780968735697,"ENSG00000186318.16"
-1.02540104956781,8.03012842080699,-5.53649839472494,1.67399618381247e-06,6.07650827547001e-05,4.67681694219079,"ENSG00000165678.21"
1.17351549088695,4.52139145766319,5.52745608642548,1.72533594973124e-06,6.18408347905496e-05,4.67078716520197,"ENSG00000118200.14"
-1.23590168084968,6.56292153377316,-5.54082046535486,1.64999569792143e-06,6.03656298185064e-05,4.66061695066999,"ENSG00000164251.5"
-1.12472031261403,6.35008506565877,-5.53440953009148,1.68571968482595e-06,6.09782659422464e-05,4.63779680557957,"ENSG00000161267.12"
2.82849958168993,-1.60969163900201,5.40445626008729,2.60053232053225e-06,8.59798257611388e-05,4.62472276221594,"ENSG00000165323.15"
1.66278418509084,3.0645731845106,5.47172552618885,2.07813498881921e-06,7.16061767852185e-05,4.61542543176615,"ENSG00000008086.13"
-1.50238691480708,9.06406077633984,-5.5042916373869,1.86410567774267e-06,6.54985009548204e-05,4.60782535971834,"ENSG00000005022.6"
1.45015710060954,0.766230605183352,5.42045349454442,2.46556837845058e-06,8.27738589518873e-05,4.60449591716292,"ENSG00000169169.15"
1.65731559198244,2.17573129679388,5.44495562347475,2.27221178678806e-06,7.74764944204637e-05,4.60026077174303,"ENSG00000183580.10"
-2.74231467361985,0.288714345884533,-5.40611937057848,2.58616639317512e-06,8.56704846345978e-05,4.58347083726302,"ENSG00000147138.3"
-4.7687395295012,6.50452835843901,-5.48390545999569,1.99537056232291e-06,6.94870963497388e-05,4.54639467967952,"ENSG00000132465.12"
-2.44310330388363,8.17950085100992,-5.49079858840704,1.94999004208056e-06,6.82705442232706e-05,4.53711116209338,"ENSG00000117472.10"
2.12642402532694,-2.19453134433551,5.37404247559934,2.87765920292988e-06,9.35644881138364e-05,4.5361554936809,"ENSG00000248329.6"
2.34893084765974,5.01573096905376,5.48415498042775,1.99370970848803e-06,6.94870963497388e-05,4.52359373739808,"ENSG00000139292.13"
2.51428721548062,-1.36488028073256,5.37229626522883,2.89443125971578e-06,9.39540054271319e-05,4.51905894848629,"ENSG00000139220.17"
-3.84902710373034,5.70816383623835,-5.47527149773454,2.05369397096642e-06,7.10136225657276e-05,4.51899237561741,"ENSG00000188257.12"
2.83052522105641,-3.1722408025387,5.35639715594065,3.05166964962393e-06,9.84063078133665e-05,4.4857740671449,"ENSG00000204424.10"
2.45579710203479,6.03986864231427,5.48227784577158,2.00623802611835e-06,6.95784873471237e-05,4.48514694750992,"ENSG00000166923.12"
2.06412715161227,2.32001611840143,5.4087085010394,2.56395809785855e-06,8.52820639069648e-05,4.47292501000946,"ENSG00000244486.9"
2.19395277325568,-1.97715138390146,5.34989773672764,3.11836069195776e-06,0.000100127938506902,4.45771379591744,"ENSG00000277954.1"
1.24393586608149,2.60718229031744,5.41037168163223,2.54979208600782e-06,8.50841957459399e-05,4.45347754367025,"ENSG00000147113.17"
2.66838843314383,-2.05462635472761,5.3394154313073,3.22897860786093e-06,0.000102938787944262,4.42569180042163,"ENSG00000122824.11"
1.7943743118758,4.84259851539241,5.45501616974833,2.19724984234878e-06,7.54453247094399e-05,4.4246040757423,"ENSG00000196628.20"
2.57317858540714,-1.55561149612557,5.34048634281697,3.21750130173824e-06,0.000102739951990032,4.42196498384817,"ENSG00000159251.8"
1.6557219527874,-0.814760538743457,5.34574488646579,3.16172816682319e-06,0.000101123723391086,4.42148042327517,"ENSG00000162746.14"
3.80150468763926,-1.97459585946026,5.33839055233447,3.24000058307675e-06,0.000103122486090589,4.42135856717422,"ENSG00000244306.11"
2.34930063517974,0.05008732232702,5.35202119955831,3.09641421682559e-06,9.96852169705789e-05,4.41494815502321,"ENSG00000067798.16"
3.15964245615671,2.06963836788179,5.38329814020029,2.79035689671735e-06,9.14845105636128e-05,4.41219922780519,"ENSG00000105989.10"
-2.8871177970434,2.12599967851995,-5.38098004051863,2.81197212612273e-06,9.20392746323242e-05,4.40987578558692,"ENSG00000178462.12"
1.72951657557787,1.91239354880255,5.37869167229904,2.83347303620419e-06,9.24343965853899e-05,4.40484828252353,"ENSG00000175414.7"
-1.02045970898485,5.7079857120156,-5.4462520315931,2.26241144657649e-06,7.72767226856771e-05,4.35417460714175,"ENSG00000162813.18"
-2.51041398031827,8.60064969372788,-5.42895832537085,2.39667006845178e-06,8.11556362039131e-05,4.34786634658783,"ENSG00000130707.18"
-1.49589016467616,6.50194787177268,-5.4374491467221,2.32979194162523e-06,7.93019111241394e-05,4.32383965592223,"ENSG00000179163.12"
1.51548645018696,3.00328868029673,5.37936369158392,2.82714205932705e-06,9.23815786919437e-05,4.31961461200407,"ENSG00000126603.9"
-1.15798221063021,6.43670177381088,-5.43208277118128,2.37184157368422e-06,8.04538510270809e-05,4.30285039028306,"ENSG00000169021.6"
-1.6110955160765,7.26127940242555,-5.42550131645782,2.42444199151919e-06,8.16728688758165e-05,4.29505298350975,"ENSG00000100911.16"
-1.15800076719013,6.26011719147714,-5.42817246109788,2.40295545645572e-06,8.12281804815016e-05,4.29002685292609,"ENSG00000163082.10"
2.27092075742542,-0.322522604531387,5.30703682684352,3.59582876531413e-06,0.000112436368887851,4.28479925472102,"ENSG00000100625.9"
-1.97963259108098,2.49678143292714,-5.34970310008684,3.12038000753428e-06,0.000100127938506902,4.27803665587907,"ENSG00000100453.13"
2.05458768032241,-0.939058790784656,5.29762704570037,3.70998796379411e-06,0.000114548069319917,4.27290335367476,"ENSG00000197927.13"
1.85214799115136,1.92782589967394,5.33496134869386,3.27715161781264e-06,0.000104135874584821,4.26287331091995,"ENSG00000223960.7"
1.05253379340801,5.7528631759382,5.41801055247524,2.48571977795869e-06,8.33077298575351e-05,4.25980834447092,"ENSG00000106443.17"
-2.43226117968181,-1.37999246973376,-5.28902359407065,3.81750484216722e-06,0.00011768238983574,4.25910172188063,"ENSG00000211689.7"
2.31153748040809,5.23934623820156,5.40604507985803,2.58680643189238e-06,8.56704846345978e-05,4.25661950229362,"ENSG00000091986.16"
1.26145286865077,3.25195071671731,5.36692505235205,2.94663109246422e-06,9.54903292543032e-05,4.25430427208938,"ENSG00000162618.15"
-2.28019124620736,6.93780006922218,-5.41228117015722,2.53362392003069e-06,8.47683115633475e-05,4.25322755667475,"ENSG00000121900.19"
2.00100951599255,2.03943464561828,5.33419317298544,3.28553155412692e-06,0.000104144743373595,4.25272654899356,"ENSG00000153956.16"
1.99849257566453,0.500650093050706,5.3049498868315,3.62084313357988e-06,0.000112682937265027,4.24634853301962,"ENSG00000243701.7"
-1.50151450125013,6.14988172373047,-5.41014188510136,2.55174472603349e-06,8.50841957459399e-05,4.23507184336934,"ENSG00000176340.4"
-1.49051404817194,5.88232839291897,-5.40842523774597,2.56637854254357e-06,8.52820639069648e-05,4.23298606800597,"ENSG00000120053.12"
-1.06742345059717,8.23567597495774,-5.39615131392229,2.67346395885686e-06,8.80940073568868e-05,4.2243687854258,"ENSG00000231925.12"
1.93342954284737,-1.6840520853114,5.27645747058533,3.98011469223817e-06,0.000121738110227803,4.22243322600449,"ENSG00000147485.13"
1.5633399448227,2.29425777620849,5.3218575565365,3.42304626679956e-06,0.000108071248159215,4.19331904621198,"ENSG00000105419.18"
-2.09087026351262,1.93288964461016,-5.31057633431114,3.55379475673629e-06,0.000111303035144683,4.19123057305992,"ENSG00000162676.12"
-1.56433043608145,2.36001706823791,-5.31994408383498,3.44488248595466e-06,0.000108585797459207,4.18822989504304,"ENSG00000160791.13"
1.92100310280887,-2.51214346208649,5.26030615177526,4.19923421016902e-06,0.00012607991718924,4.18304780116647,"ENSG00000256694.1"
-4.96560864996479,-0.590150731935363,-5.26817465511905,4.09103117683467e-06,0.000124054229203461,4.1818173525254,"ENSG00000243264.2"
2.28486668926097,-2.33023650302336,5.25876484177084,4.2207591384925e-06,0.000126146651934884,4.17613212071464,"ENSG00000197106.7"
-1.524350779988,7.19897754291738,-5.38937126432759,2.73450626093911e-06,8.99542445502889e-05,4.17519858025566,"ENSG00000124762.14"
1.93777797905211,1.61743105548547,5.30116370335436,3.66666599925439e-06,0.000113747869590794,4.17489029310094,"ENSG00000079215.14"
2.2194705017193,0.746015293871142,5.28074168918295,3.92391865530302e-06,0.000120583619366569,4.15776120939558,"ENSG00000169946.14"
1.92320668380541,1.18110067999016,5.28645850664414,3.85015412446963e-06,0.000118502545940897,4.15385468876699,"ENSG00000180785.10"
1.38955196151521,-2.03975096673134,5.25215966843161,4.3142473968112e-06,0.00012819530303258,4.15198562290527,"ENSG00000271978.1"
-1.15935995282379,6.79755074624107,-5.3846917968006,2.77744110582228e-06,9.12135851268872e-05,4.15088469293879,"ENSG00000002549.12"
2.1911275861117,2.24276066883858,5.30656655163433,3.60145055909265e-06,0.000112436368887851,4.14949583197186,"ENSG00000234456.8"
1.35216340476396,2.41372682210062,5.30578527398391,3.61080942424529e-06,0.000112549331592612,4.1316687009473,"ENSG00000169744.13"
-1.56830435586078,7.27719447747834,-5.37528560654808,2.86577792089735e-06,9.3332959995205e-05,4.13095421674707,"ENSG00000204264.12"
1.35090280972017,2.73039578556361,5.31324548536603,3.52241929953764e-06,0.000110851609609527,4.12900231229803,"ENSG00000138316.11"
1.74550096826653,4.67552312449852,5.35835544422662,3.03185423806941e-06,9.79283924078893e-05,4.11723153062806,"ENSG00000167123.19"
1.14003132832521,2.83158417899379,5.31187721959908,3.53846859518735e-06,0.000111000344443589,4.114682093599,"ENSG00000172985.11"
2.10630087933458,4.36087593823371,5.34594486802425,3.15962615409349e-06,0.000101123723391086,4.10807841805677,"ENSG00000162733.19"
-2.03023037814585,-0.0348011494774451,-5.25174699205786,4.32015594900927e-06,0.00012819530303258,4.10223557340389,"ENSG00000241106.8"
3.03378602247237,0.467728434715751,5.25622347286312,4.25648919179987e-06,0.000126827852727095,4.09301576934263,"ENSG00000272674.3"
1.45153459314008,1.21909679456602,5.26797058525622,4.09380221843512e-06,0.000124054229203461,4.09281579769288,"ENSG00000135338.14"
-1.08395163074811,5.85519415334086,-5.36287032731563,2.98665425891507e-06,9.6627629373414e-05,4.07936266555596,"ENSG00000141401.12"
2.05780123569991,-2.19943819831602,5.22728444688002,4.68510305421274e-06,0.000137509177366609,4.07613545529721,"ENSG00000101198.15"
2.65007032275932,-2.05809408115955,5.2256978507644,4.70980030736924e-06,0.000138027421264994,4.06909387571847,"ENSG00000113211.5"
-1.94974337824757,1.6382649755499,-5.26652766515198,4.11344860180422e-06,0.000124399220506169,4.06815434821701,"ENSG00000113263.13"
-1.9624064389447,1.96066159781514,-5.27184687809173,4.04148291513423e-06,0.0001230393075064,4.0644931834168,"ENSG00000139626.16"
-1.74399056332714,0.897019162327882,-5.25161844138594,4.32199812835537e-06,0.00012819530303258,4.06142268645119,"ENSG00000158517.15"
2.44099673957135,4.07815495618873,5.32254891294887,3.41519042151142e-06,0.000107997134522827,4.05974718610385,"ENSG00000114270.17"
-2.32328486085402,0.429966218984632,-5.24352446531474,4.43956841553746e-06,0.000130693961494035,4.05824389680253,"ENSG00000122224.18"
-2.0368685882127,1.94569078032839,-5.26455116790382,4.14051172037656e-06,0.00012489057352262,4.04258743776763,"ENSG00000117091.10"
1.45546273120847,-0.791631704363857,5.22306676275737,4.75104081593023e-06,0.00013902821826437,4.03257566253198,"ENSG00000204815.10"
2.88286013912314,-2.39513866673799,5.2116614312276,4.93398582938108e-06,0.000142469785113136,4.02948677265177,"ENSG00000180999.11"
1.43214206519983,2.49208168349391,5.26917500649076,4.0774743800666e-06,0.000123942577822614,4.00723103756323,"ENSG00000136378.15"
2.09109929061543,-0.185872118426225,5.21993871852909,4.80053630106364e-06,0.000139637535240801,4.0035730020825,"ENSG00000120328.6"
-1.55839668080405,0.231025963025403,-5.22256507293953,4.75894496061282e-06,0.000139051974512332,3.99832033697063,"ENSG00000214212.9"
-1.180880377287,7.43048726993654,-5.33396228070121,3.28805448068221e-06,0.000104144743373595,3.9976269178515,"ENSG00000133313.15"
1.11964478651594,2.35162639729083,5.2622475375319,4.17227678962737e-06,0.000125462666775206,3.99621397530562,"ENSG00000134901.13"
2.51316391021661,-1.94906440320731,5.20092499737715,5.11256822919424e-06,0.000146545340206992,3.98992325916197,"ENSG00000224897.8"
2.02007905892863,-0.645991994331361,5.20441811465534,5.05377479644411e-06,0.00014507219422999,3.96999507758416,"ENSG00000108001.15"
-2.24642337420198,-1.98210820360609,-5.18804557163036,5.33525522353962e-06,0.00015203926440802,3.95264894420287,"ENSG00000211734.3"
1.65933444154431,5.02895530312702,5.31211071656553,3.53572463390353e-06,0.000111000344443589,3.94526260277014,"ENSG00000164125.16"
2.18629192013982,1.04503020763083,5.21061227037063,4.95116098525105e-06,0.000142753620995341,3.91865836942221,"ENSG00000152402.11"
1.82612984350555,0.992332028053315,5.20670881565034,5.01558344395454e-06,0.000144186992671807,3.90926731083418,"ENSG00000144935.15"
1.41705678474799,3.22952653555564,5.25890503071284,4.21879684074673e-06,0.000126146651934884,3.90840968336791,"ENSG00000006468.14"
-1.16034549562023,3.52271324980801,-5.2597298104148,4.20727025701964e-06,0.000126128043821295,3.88879937331052,"ENSG00000137496.18"
1.7328195964111,4.09738388470936,5.27365187244176,4.01734706852376e-06,0.000122494722590166,3.88428711064834,"ENSG00000165757.9"
-2.30312085497588,6.24074295293087,-5.29875999298663,3.69605508615565e-06,0.000114297880156416,3.88310950825902,"ENSG00000125968.9"
1.08855063993267,4.23801431957792,5.28016695908706,3.9314114712745e-06,0.000120624809555255,3.88290038937294,"ENSG00000179776.19"
-1.58765185798252,3.366002340221,-5.24986026533781,4.34727169206594e-06,0.000128633571751618,3.87878035603653,"ENSG00000171428.15"
-1.86983733660248,0.326658031850049,-5.18440475620226,5.39992804242378e-06,0.000153436216231537,3.87378007903265,"ENSG00000165178.9"
2.40497221760819,0.271757039304028,5.18181167009142,5.44646232796054e-06,0.000154534501305346,3.86472807089839,"ENSG00000061455.11"
-2.12585136551472,0.00963925489496949,-5.1767970843671,5.53758055406719e-06,0.000156440640263748,3.86334632789537,"ENSG00000115607.9"
2.26908790590169,-1.74212585489317,5.15580126780446,5.93575540934819e-06,0.000165307415562046,3.845138246099,"ENSG00000287703.1"
1.40686732235122,4.91924966641058,5.27591467531551,3.98729121326875e-06,0.000121767650354123,3.8295101764463,"ENSG00000039560.14"
-1.69672258698869,3.95247591741403,-5.24659735559756,4.39456420340228e-06,0.000129758773752869,3.81700068112089,"ENSG00000183317.17"
2.67626767873662,-2.5151475863712,5.1403934316646,6.2458579579402e-06,0.000172231070497012,3.80887440391969,"ENSG00000157502.13"
-2.55013490028089,-1.82399269051423,-5.14098003527377,6.23376350946071e-06,0.000172139672347164,3.80344197438208,"ENSG00000134545.14"
1.75306124034097,0.306658558452687,5.16295971527791,5.79691424116829e-06,0.000162363286589065,3.80308657049827,"ENSG00000198796.7"
-2.15631521308365,3.29110691552474,-5.21495841013208,4.88039612193561e-06,0.000141336848399807,3.78190221350705,"ENSG00000137825.11"
-1.46241663396814,-0.737225831368695,-5.14243036420786,6.20396035668109e-06,0.000171558317000126,3.77919434548016,"ENSG00000134594.5"
-2.49557810907538,0.892845502355885,-5.16207703120847,5.813859020267e-06,0.000162605591942018,3.77786255394215,"ENSG00000159307.19"
1.02890043302961,5.43594352828958,5.26620337526649,4.11787687996042e-06,0.000124399220506169,3.77186903275695,"ENSG00000124177.15"
1.36323319826091,0.392652767114342,5.15380146143251,5.97512713450637e-06,0.000165932496599337,3.77038315787098,"ENSG00000086205.18"
-1.16899948174471,7.41029328277738,-5.2626972668221,4.16605650280687e-06,0.000125462666775206,3.76505665569307,"ENSG00000187446.12"
2.2187654756234,-1.45148033140008,5.13074846304345,6.44807694623814e-06,0.000177060219338858,3.76070017834785,"ENSG00000134760.6"
-2.53668988679363,-1.34297219437242,-5.12769278385093,6.51348407504267e-06,0.00017835666030068,3.75217393684145,"ENSG00000172005.11"
2.15234830634432,3.53322225452911,5.2116575052272,4.9340499893818e-06,0.000142469785113136,3.73815747796874,"ENSG00000131711.15"
1.80515468837337,3.3343969119917,5.20754677476758,5.00168420633105e-06,0.000143998561746441,3.73690964730702,"ENSG00000075213.11"
1.36194263609881,3.82189230155628,5.22024651738277,4.79564339208526e-06,0.000139637535240801,3.72827048744983,"ENSG00000157388.19"
-1.27214146895279,-0.247483828015283,-5.12628230906013,6.54389640632972e-06,0.000178901017699836,3.71139111545101,"ENSG00000167083.7"
1.90853479143077,-1.54984073911141,5.11391909795101,6.81655160191614e-06,0.000185104308458681,3.71006248927973,"ENSG00000120332.16"
1.49637676922523,2.36149148072025,5.17163508947219,5.63295326912836e-06,0.000158223039820245,3.70470811052839,"ENSG00000108797.12"
1.2982222985882,2.59318206641597,5.17565507292589,5.55854164878825e-06,0.000156806859807399,3.69744865474979,"ENSG00000128656.15"
-2.66946282117112,2.24066009256356,-5.15915667898637,5.87027077510042e-06,0.000163949471248745,3.68900457332648,"ENSG00000137757.11"
1.88139506368929,-1.42096944191085,5.10734059066483,6.96618161713766e-06,0.000187608457123078,3.68634040090338,"ENSG00000174740.8"
2.23932286775076,-1.4970822578191,5.10122026989723,7.10830464886691e-06,0.000190389919324706,3.66936683254636,"ENSG00000113209.9"
1.90969037931643,-1.00727305133574,5.1054672302255,7.00938279084338e-06,0.000187997207930609,3.66929994940484,"ENSG00000228203.7"
-3.88624787701196,-0.0978424842993841,-5.10852862682639,6.93892111870986e-06,0.000187131344502649,3.65851168950667,"ENSG00000211951.2"
2.08868818589686,3.89054731496475,5.19589416783286,5.19843502665397e-06,0.000148572182409005,3.65716443559412,"ENSG00000196739.15"
3.19467727880019,-2.00453931048092,5.09238377037583,7.31857351919348e-06,0.000194691930009915,3.65199655185672,"ENSG00000102466.16"
2.50377143891668,-2.08309705538444,5.08927980860802,7.39388392527137e-06,0.000196163042271814,3.64368059276617,"ENSG00000156466.10"
-1.77298798743406,1.00581083470012,-5.12202976651685,6.63644145303964e-06,0.000180965328412093,3.64328521196469,"ENSG00000117090.15"
2.41597433928004,-0.413554845022349,5.10047949028069,7.12570002386667e-06,0.000190595463394175,3.63500227344121,"ENSG00000270547.6"
-1.93931346275877,0.557569068287153,-5.1107033164177,6.88929405009119e-06,0.000186562844124431,3.63023664063084,"ENSG00000187808.5"
1.86832439049786,0.0726621519108944,5.09098496661003,7.3524178889186e-06,0.000195327242723764,3.58542268353159,"ENSG00000184156.17"
3.74642581236085,0.613276446726843,5.09828080511424,7.17757897257433e-06,0.000191557487175631,3.58533284036666,"ENSG00000150893.11"
1.68908530547882,2.13817681291178,5.12874202785674,6.4909512451276e-06,0.000177988237918842,3.5853210381415,"ENSG00000182963.11"
-2.84556977722595,-0.650338266533861,-5.07690106287054,7.7019220191489e-06,0.000201070416920684,3.57463431644997,"ENSG00000176083.18"
2.06072158777619,4.9645941357424,5.19346738588154,5.24036457732741e-06,0.000149552529698808,3.5708635107395,"ENSG00000170801.10"
2.1155884886486,0.16927475601197,5.08579314846524,7.47939364582668e-06,0.000197629369029755,3.5650474507105,"ENSG00000164197.12"
2.49170390613045,-2.48133836436459,5.06182147077612,8.09435165550473e-06,0.000207719710154222,3.56459438390493,"ENSG00000102230.14"
1.67762267712123,-0.168630173860846,5.07866366479392,7.65729811882461e-06,0.000200439234870061,3.55619926578319,"ENSG00000214870.9"
-1.12552615150703,7.38053909859389,-5.19854132307758,5.1530765876168e-06,0.000147490831499,3.55580524059647,"ENSG00000116459.11"
-3.08289243765329,-2.70345417964886,-5.05815155166924,8.19280904112254e-06,0.000208337502023669,3.55564060434037,"ENSG00000227243.3"
1.13447998060591,1.86003805543684,5.11262591066561,6.84571231922408e-06,0.000185639053569443,3.55493771767603,"ENSG00000108387.15"
2.38895582837705,-1.69525962154051,5.06220183634993,8.08421425551084e-06,0.000207719710154222,3.55196389030596,"ENSG00000260941.1"
1.72738516016634,-0.762668931893434,5.0700947745161,7.87666319945049e-06,0.000204272299852416,3.55065365487962,"ENSG00000273179.1"
2.15155368842841,-0.585134251939436,5.07172799831901,7.83437859634336e-06,0.000203714624350011,3.55035681084981,"ENSG00000166546.14"
1.61809487484785,4.47132344583778,5.1774815517802,5.5250549868359e-06,0.000156312017419776,3.54090215480017,"ENSG00000105855.10"
-2.23014144417869,0.889917411440023,-5.08638971020993,7.46469405489728e-06,0.000197507141215001,3.53729969579695,"ENSG00000170703.15"
2.38496740133428,-0.134945408678872,5.0621247002797,8.08626905023174e-06,0.000207719710154222,3.50360941859431,"ENSG00000154654.15"
-1.0584080214893,2.58084449183245,-5.10895453610759,6.92917398096968e-06,0.000187125874753294,3.4895945712402,"ENSG00000146955.11"
1.98857634498495,0.0373523464212006,5.05998896052991,8.14336757289686e-06,0.000208088206365915,3.48924819913213,"ENSG00000186310.10"
-1.94288166671213,0.133171870491563,-5.05969844834131,8.15116507645733e-06,0.000208088206365915,3.48787842609203,"ENSG00000281103.2"
-2.56370941598383,-2.59774732610803,-5.03544477099096,8.82885055267371e-06,0.000222205961406573,3.48583787799463,"ENSG00000285417.1"
-1.11379942228902,7.06145781226818,-5.17874117760542,5.50207742272337e-06,0.000155886892991206,3.48456008932122,"ENSG00000112695.11"
1.52759558733553,5.25354566992204,5.17257084833061,5.61554441529794e-06,0.000157960349793876,3.4810026003141,"ENSG00000084636.18"
1.7816786436734,3.67200768440102,5.13528664711904,6.35213391470464e-06,0.000174915642600701,3.47414860954822,"ENSG00000166025.18"
-3.05522331008937,0.607000757686798,-5.06067181956666,8.12506828757573e-06,0.000208088206365915,3.47297741994884,"ENSG00000163568.15"
2.32605345543394,0.696704305894665,5.06332334289994,8.05439715753735e-06,0.000207719710154222,3.46904091241826,"ENSG00000230630.5"
1.88665230818387,-2.30942217521015,5.0302802034022,8.98019194968241e-06,0.000225436163079992,3.46445860414942,"ENSG00000227992.1"
1.94338265750575,0.537523715460454,5.05885156890094,8.17393791205311e-06,0.000208337502023669,3.4629197939321,"ENSG00000169122.11"
2.75747981439452,1.8145599290931,5.08098782761688,7.59884765469235e-06,0.000199196644765149,3.45806566456613,"ENSG00000164283.13"
-2.44940336218961,3.70809751111507,-5.11741106320292,6.73842190213624e-06,0.000183236476856149,3.44212967158388,"ENSG00000169245.6"
1.86244989810552,2.79704149950514,5.09380096406968,7.28444129757029e-06,0.000194047222935004,3.41932619993964,"ENSG00000127990.19"
1.25912125664132,5.27924010320304,5.15396135027595,5.97196979833281e-06,0.000165932496599337,3.41533562267194,"ENSG00000125810.10"
2.12478981827327,3.36422750338979,5.10619417344535,6.99258753701408e-06,0.000187803659247532,3.41139085690975,"ENSG00000159167.12"
-1.85856605701843,-1.23990751889996,-5.01737773246244,9.36957441956269e-06,0.000234012580980823,3.40294685061582,"ENSG00000267369.1"
1.27831654006913,4.32882899703444,5.13183894254139,6.42489277684388e-06,0.000176671034758487,3.3988481085011,"ENSG00000110237.5"
1.5494719821596,-1.31136188327394,5.01582094895445,9.41766978642113e-06,0.000234318317046412,3.39725633533382,"ENSG00000272970.3"
-2.33298928266672,6.7803240647655,-5.14774306335785,6.09598752989522e-06,0.000169049408077971,3.39252209676088,"ENSG00000185499.16"
-1.28912762131049,2.73905764994751,-5.08188389000519,7.57643054855228e-06,0.000199196644765149,3.39027100816631,"ENSG00000015285.11"
-4.07265495031269,3.27881893356643,-5.07765247227327,7.68286719117449e-06,0.000200840392200223,3.38424229737084,"ENSG00000211653.2"
1.03598074760851,5.53019474732395,5.14387808849178,6.17435132744671e-06,0.000170980695093108,3.37227484442803,"ENSG00000213626.13"
-3.87676895014644,2.13004065484641,-5.04574375438522,8.53453538083676e-06,0.000216186176584865,3.34553408630298,"ENSG00000211648.2"
2.56021678027418,3.28405458941174,5.08149347252008,7.5861897105894e-06,0.000199196644765149,3.34373380143254,"ENSG00000113739.10"
1.69787736035016,1.13206883909977,5.03029696100659,8.97969676737379e-06,0.000225436163079992,3.34097992508933,"ENSG00000134986.14"
1.76374719614686,5.0933517516943,5.12592544257478,6.55161331778445e-06,0.000178901017699836,3.34003119630617,"ENSG00000162576.17"
4.21100382817532,-1.53982879538256,4.99258136064414,1.01653077575026e-05,0.000246659683036628,3.33279222770479,"ENSG00000260573.4"
1.825371135159,-0.503265490768236,5.00154616748843,9.87020090158274e-06,0.000241290721791061,3.32680280995433,"ENSG00000253159.3"
3.33465907616991,0.94349354940402,5.01903671560845,9.3185887217575e-06,0.000233333653229601,3.31621551138823,"ENSG00000112837.17"
1.72873675033034,1.88883674513915,5.03637556573323,8.80184402284253e-06,0.000221810994745309,3.30968521804531,"ENSG00000187391.22"
1.9325776742508,0.954195611062652,5.0154299574918,9.42978736674612e-06,0.000234322447544264,3.30394896204567,"ENSG00000134668.12"
1.34284738008752,3.13970534812468,5.06858682394939,7.9159047091075e-06,0.000204748321539263,3.30301903357012,"ENSG00000105137.13"
2.03438026756993,-1.53724625688913,4.98211069945527,1.05210299253536e-05,0.000254660879896893,3.29898414913045,"ENSG00000276141.4"
-2.32533298985351,-2.29723612190439,-4.9731646454866,1.08346727351439e-05,0.000260244388459394,3.28979960178508,"ENSG00000173585.16"
2.92334513917648,-2.08799181756404,4.97288505484239,1.08446223284364e-05,0.000260244388459394,3.28237737155081,"ENSG00000164935.6"
2.77593854353481,-2.44996584266178,4.96695608839443,1.10577488208508e-05,0.000264710895459829,3.27028031727107,"ENSG00000144278.15"
2.08057326248265,-1.35887328021633,4.97332010138569,1.08291445356915e-05,0.000260244388459394,3.26684842498266,"ENSG00000186684.14"
1.4746854698938,0.34363549011668,4.99298617113663,1.01517961565152e-05,0.000246659683036628,3.26453470801611,"ENSG00000196345.13"
1.52944249857542,1.53561104157125,5.0136618928023,9.48477567326394e-06,0.000235092935335035,3.2627059700364,"ENSG00000222009.8"
-3.29833445953605,4.99804318638397,-5.08235551139488,7.56465810559827e-06,0.000199196644765149,3.26091229057761,"ENSG00000145287.11"
1.77904569459409,2.85970660760814,5.04411585503536,8.58040243730347e-06,0.000217067574433254,3.2545528371751,"ENSG00000048342.17"
1.52372354131229,3.7972646372923,5.07014845995442,7.8752696898318e-06,0.000204272299852416,3.248679438151,"ENSG00000111817.19"
-1.5716928018137,-0.472348841471146,-4.97563173718724,1.07472678060874e-05,0.000258858639565294,3.24740090629011,"ENSG00000172974.11"
-1.42135997926056,6.409590548218,-5.1066322734614,6.98248492579258e-06,0.000187789574012468,3.24684146249499,"ENSG00000158158.12"
-2.23846728465007,7.72072145074987,-5.09812761528954,7.18120744027792e-06,0.000191557487175631,3.24614065902936,"ENSG00000143167.12"
1.21041775722953,3.76783269897637,5.06969129127266,7.88714419189154e-06,0.000204273908885371,3.24553304706701,"ENSG00000183688.4"
-3.60336634729458,-2.67550841112572,-4.95596263311412,1.14639243806992e-05,0.000271123885896246,3.23782139625494,"ENSG00000241566.1"
2.49246083220459,-1.95925937435036,4.95891791160231,1.13533103887493e-05,0.000269483055062736,3.23662129094248,"ENSG00000162723.10"
-1.00700461466854,5.05236448138776,-5.08866300110254,7.40894032938532e-06,0.000196296870402606,3.21504614157737,"ENSG00000102096.9"
-1.32565039090606,4.07344350289904,-5.06412437526309,8.03316696450883e-06,0.000207507604092438,3.21104220590109,"ENSG00000026103.22"
1.11775445658576,3.98001890394469,5.06252665692146,8.075567160333e-06,0.000207719710154222,3.2025673343736,"ENSG00000173482.17"
2.41811660391958,-0.0584107544449453,4.96531830730088,1.11173468954723e-05,0.000265548745747371,3.1963494669498,"ENSG00000226445.2"
2.87851005660367,-0.726989697511635,4.95451223998446,1.15186000344604e-05,0.000271761338478497,3.18951375073607,"ENSG00000183145.9"
-1.02486497960999,5.0023585506664,-5.07588443559813,7.72777683285544e-06,0.000201477117799154,3.17702684166564,"ENSG00000134716.11"
1.99495313709458,-1.91972959646649,4.93554616779075,1.22576996975916e-05,0.000287067461609409,3.16350439980821,"ENSG00000165685.8"
-1.07435851557801,6.51839019565057,-5.08095508721593,7.59966797329038e-06,0.000199196644765149,3.16117052574393,"ENSG00000100744.15"
-1.00454361390923,7.13549022392848,-5.07307916969657,7.79956607636008e-06,0.000203078741690725,3.14407785647468,"ENSG00000057294.15"
1.5609207857316,-1.86799212475016,4.92687324271263,1.26110882847053e-05,0.000292607096934831,3.13563117352459,"ENSG00000280132.1"
1.88479106619575,1.97371378789812,4.98025068146478,1.05854940007823e-05,0.00025559014209278,3.12518971110859,"ENSG00000204131.9"
-1.79001806580306,0.350974440259466,-4.94461750160084,1.18985320983344e-05,0.000279609211504098,3.11574421162834,"ENSG00000135426.16"
2.17976003254592,-1.3981596832672,4.92211659950128,1.28091522449859e-05,0.00029647724488253,3.10904202484504,"ENSG00000201363.2"
-1.18079684636346,3.51921771065935,-5.01673622184492,9.38936382722403e-06,0.000234208482438364,3.10785172363328,"ENSG00000073578.17"
-4.09803150265557,3.65807691584195,-4.99710272442419,1.0015398730469e-05,0.000243927835415621,3.10425821765346,"ENSG00000241351.3"
1.73186637743725,5.93490498767837,5.05988694116907,8.14610498721314e-06,0.000208088206365915,3.10149462887439,"ENSG00000142871.18"
-1.19468603654995,4.71934810442171,-5.04166142136032,8.65001847452473e-06,0.000218546729654036,3.08758407240498,"ENSG00000184076.13"
-1.52688973658329,6.21401520304806,-5.05526670657277,8.27103439006175e-06,0.000210054274937242,3.08251013489969,"ENSG00000140853.16"
-1.61989516805756,7.23622527741575,-5.05053519430802,8.40093505456912e-06,0.000213077273842021,3.07709687358308,"ENSG00000127884.5"
-2.04457339000475,-2.4714082016255,-4.89875775731808,1.38272248559098e-05,0.00031449718158349,3.0632494892163,"ENSG00000233093.6"
1.68520992014157,-0.443821391025594,4.91511752303317,1.31061821611408e-05,0.000301449653462376,3.0542469963134,"ENSG00000189420.8"
-1.941924407425,0.956940884831406,-4.93335437179844,1.23460733555904e-05,0.00028816323120203,3.04989822040224,"ENSG00000125910.6"
3.90050151464226,-0.293980819891366,4.91254411125989,1.3217093612658e-05,0.000303081096338915,3.04440349906548,"ENSG00000183036.11"
-1.15658863942858,6.74171217764255,-5.0385991049793,8.73765912936576e-06,0.000220476891750766,3.02727130891288,"ENSG00000130770.18"
1.27075046691843,0.465260953405911,4.91834425943772,1.29684096842335e-05,0.000299480141659696,3.02434240064847,"ENSG00000270504.1"
1.44541663013903,2.45552656616488,4.95951906076036,1.13309390813049e-05,0.000269278050458259,3.019179132947,"ENSG00000184254.17"
1.23330488142144,2.15921226467613,4.95129833985662,1.16406735430694e-05,0.000274311352746898,3.01827750887961,"ENSG00000247400.4"
1.15390701264474,4.66150951881702,5.02016683089121,9.28401381401455e-06,0.000232765185214283,3.01417882831555,"ENSG00000140836.17"
-1.39836055020014,1.42128151970274,-4.92950064120326,1.25029835631036e-05,0.000291132417741341,3.00890568546175,"ENSG00000176894.10"
1.46019875237503,3.01377486577491,4.97117639362725,1.09056235422391e-05,0.000261388331502616,3.00480484714148,"ENSG00000061918.14"
1.44242504696547,4.66498853356829,5.01317387187641,9.50000923477829e-06,0.000235112311977958,2.99582442955478,"ENSG00000077782.21"
-3.62558728226341,5.33918422445038,-4.99857622411615,9.96701710965727e-06,0.000243051414741219,2.98331743921859,"ENSG00000104267.10"
1.21981613983891,4.63659442494745,5.00649142779929,9.7110487631768e-06,0.000238900587855118,2.97272386615146,"ENSG00000143322.21"
2.14342389430609,1.2047053533773,4.91453395244015,1.31312526922118e-05,0.000301465269652815,2.97072045823867,"ENSG00000127863.16"
1.527108674026,4.58921634375008,5.00356296478053,9.80498609814058e-06,0.000240596442353122,2.97056196294086,"ENSG00000018408.15"
1.34603698323766,1.37291329829199,4.91568025677488,1.30820515146934e-05,0.000301394479432526,2.96403997044627,"ENSG00000155974.12"
-2.73031181742646,6.01014316903884,-5.00829005096551,9.65379490569581e-06,0.000238078368454179,2.95835744206887,"ENSG00000140297.13"
-3.78548012040605,3.4468101775804,-4.94896742355584,1.17300066797274e-05,0.000276084647014088,2.95765160831949,"ENSG00000211662.2"
-3.84774263129538,3.86906174422097,-4.95524723307521,1.14908608166285e-05,0.000271433514663637,2.94994644059845,"ENSG00000211666.2"
-1.56115412297468,2.46576799041499,-4.93524408523105,1.22698425394616e-05,0.000287067461609409,2.94919472079736,"ENSG00000147443.13"
-3.75948758711096,2.0218671294103,-4.91746256828815,1.30059128921165e-05,0.000299992856662161,2.94437963185366,"ENSG00000270550.1"
-1.53054196057575,6.10996898013627,-5.01188631069837,9.54031651597772e-06,0.000235576127975138,2.94404938684718,"ENSG00000137767.14"
-1.71497158619281,5.4088503861481,-5.00505113813465,9.75713782808298e-06,0.000239722361224806,2.94332245474877,"ENSG00000250479.9"
-1.11345112409736,5.25622287837873,-5.00647713489604,9.71150507602411e-06,0.000238900587855118,2.94211449648447,"ENSG00000204267.16"
2.57007471625422,-2.38848227626134,4.85799897466073,1.57981852989374e-05,0.000348021596596592,2.93386272838456,"ENSG00000145040.4"
-1.46463111121937,7.26972471532697,-5.00178013685292,9.86261339776983e-06,0.000241290721791061,2.92007667565839,"ENSG00000151715.8"
2.9962322443827,-1.96928560062466,4.85478210381274,1.59650434811445e-05,0.000350908792030626,2.9152795680375,"ENSG00000112319.19"
-1.41516218194731,5.805393391908,-5.00199909651314,9.85551786898798e-06,0.000241290721791061,2.91508856275875,"ENSG00000196735.13"
1.33033700905397,2.28486895532316,4.92178072580431,1.28232532724873e-05,0.00029647724488253,2.9141468434978,"ENSG00000116157.6"
1.73740468037256,-1.10001741986879,4.86157161915305,1.56148874338892e-05,0.00034475842683427,2.91143689991668,"ENSG00000163673.7"
-3.21001310395013,-1.51945083149966,-4.85382605085946,1.60149676686393e-05,0.000351611932935434,2.90703294785143,"ENSG00000136573.14"
1.09171338745304,0.884298803001555,4.88787170467593,1.43285538667916e-05,0.000324020331156074,2.90684881166185,"ENSG00000178665.16"
-1.46743397926444,4.97615475580758,-4.98633093826439,1.0376199843426e-05,0.000251465728220285,2.89942806622105,"ENSG00000130545.16"
2.02305749762966,-2.39746699445959,4.84620157782526,1.64186559154747e-05,0.000357671297643108,2.89814351826853,"ENSG00000256540.1"
1.3011696598758,1.24875616815031,4.88912871075115,1.42697625283707e-05,0.000323735913701247,2.88860242859849,"ENSG00000215105.4"
1.45101152228665,2.34983903048349,4.91490755415243,1.31151971031014e-05,0.000301449653462376,2.88694814966492,"ENSG00000005243.10"
-1.44093777255269,9.69467391934242,-4.96507238639599,1.11263231785985e-05,0.000265548745747371,2.88514834324015,"ENSG00000110955.9"
-1.00720161502729,5.79352329048417,-4.99290927606666,1.01543613638968e-05,0.000246659683036628,2.88106578000419,"ENSG00000167113.11"
2.38239952833153,0.603377819897783,4.87471628588593,1.49583567843348e-05,0.000334024536575932,2.88022772790092,"ENSG00000119938.9"
-1.6677214512348,0.602208153329881,-4.87237709338233,1.50731669486842e-05,0.0003362053597223,2.87717632906001,"ENSG00000225131.2"
1.44454534312521,5.01188804554997,4.98169460466768,1.05354171017212e-05,0.000254694682732855,2.87466767281067,"ENSG00000103196.12"
1.77462570169699,-0.838446825432739,4.85180015739505,1.61212669743306e-05,0.000352760669976255,2.87226616023072,"ENSG00000198046.12"
1.79023537485476,-2.02097152890134,4.83922520718689,1.67968063269021e-05,0.000362685225600488,2.86874456008936,"ENSG00000234869.1"
1.52104006503116,2.47214041489188,4.91116932193053,1.3276724554756e-05,0.000303761942212446,2.86459362240893,"ENSG00000149633.12"
-2.04170299739251,-2.4264653377794,-4.83211671109353,1.71909447533245e-05,0.000369162828952551,2.85804701625587,"ENSG00000278030.1"
1.46092014645232,2.55473315243849,4.910968965469,1.32854370640745e-05,0.000303761942212446,2.85630057868049,"ENSG00000168679.18"
-2.20641255286822,5.58341798657087,-4.97614422928997,1.07291985842482e-05,0.000258741288367492,2.85604584117135,"ENSG00000122971.9"
1.79220778243883,1.2476574052181,4.87886176858007,1.47570059840991e-05,0.000331494008366906,2.85597185478458,"ENSG00000237187.9"
1.04218828067977,3.64982648774213,4.94410524229762,1.1918534727757e-05,0.000279609211504098,2.85321057252572,"ENSG00000118965.16"
-1.4344775215117,4.46515767682294,-4.95974578125309,1.13225131555555e-05,0.000269278050458259,2.84621410669594,"ENSG00000172183.15"
1.94585793684112,0.125145971508626,4.85267982012648,1.60750256256554e-05,0.000352535740958166,2.83520669797431,"ENSG00000230461.9"
-2.41013385870526,-1.7736558470931,-4.82820202034887,1.74118757842958e-05,0.000373089876094977,2.83306832745661,"ENSG00000284194.3"
-3.58779458408204,-1.83212841585839,-4.8230079368421,1.77093344703735e-05,0.000377401316984939,2.81911635849856,"ENSG00000282600.2"
1.78313540306261,1.52623480815081,4.86976143753657,1.52025752900762e-05,0.000338322010371434,2.80871768354472,"ENSG00000146521.10"
-1.01470093222228,2.78120978901592,-4.90081780046001,1.37343205634716e-05,0.00031274690936983,2.80846903543576,"ENSG00000163170.12"
-3.31949113661139,4.31430119061571,-4.92422656371667,1.27209186099287e-05,0.000294806536957756,2.80612358692187,"ENSG00000125144.14"
1.22109346467598,4.79180133629265,4.9564512863333,1.14455613111097e-05,0.000271123885896246,2.80171631368104,"ENSG00000137507.11"
1.59846600428896,1.89528273275647,4.87540886387459,1.49245300188631e-05,0.000334024536575932,2.79938591266757,"ENSG00000166173.11"
1.76905863922695,4.10934642300897,4.93470126472243,1.22916921828969e-05,0.000287235896231081,2.79299858741793,"ENSG00000139211.7"
-2.32949023188154,-2.14873131374144,-4.81198076424476,1.83575423815089e-05,0.000388680319580846,2.79118716623739,"ENSG00000197921.6"
-1.21762120213405,6.20777422162541,-4.96306297207449,1.11999367510909e-05,0.000266811615968271,2.7828265641187,"ENSG00000107521.19"
-4.22170992875217,2.78742184240747,-4.87553202642244,1.49185224401585e-05,0.000334024536575932,2.77213862299134,"ENSG00000211938.2"
2.22449491108776,-1.61643739442537,4.80803632765848,1.85950371423495e-05,0.000391594305277019,2.76261425313628,"ENSG00000162641.20"
-1.36577936378503,6.40645583573072,-4.95607413545999,1.14597316818698e-05,0.000271123885896246,2.76165724068661,"ENSG00000110013.13"
2.05781603021276,2.47108624111591,4.8776569641484,1.48152476233881e-05,0.000332342957556233,2.76052548898475,"ENSG00000123094.15"
-3.00963144355521,2.45506867642623,-4.86893140833453,1.52438690703343e-05,0.000338856345797023,2.75370103344856,"ENSG00000167701.14"
4.58071297242221,1.42226634677109,4.84569020695014,1.64460871964605e-05,0.000357871238150727,2.74619078793077,"ENSG00000214039.9"
2.27030702944073,2.0482526907539,4.85954535743375,1.57185878018266e-05,0.000346657629294278,2.73795691920845,"ENSG00000115363.14"
-1.96388031026709,3.11753496005972,-4.88448498441928,1.44881452298541e-05,0.000327251814949908,2.73536096577164,"ENSG00000154451.14"
2.44078497271489,2.29087866216464,4.8628077627302,1.55519553789623e-05,0.000344144059999927,2.73021997568636,"ENSG00000140285.12"
-1.40191505066129,-1.61356030575503,-4.78847309416822,1.98184030976232e-05,0.000412046247223755,2.70413892989431,"ENSG00000267364.2"
-2.68944855607226,-0.684570129679468,-4.7938369136504,1.94753089962913e-05,0.000405773547482771,2.69351128495274,"ENSG00000189233.12"
1.30467854195168,0.0835251211372379,4.80211441726614,1.89572890056235e-05,0.000397940694051665,2.67946498260845,"ENSG00000082684.16"
-4.53752817439176,2.40118832604898,-4.83574674515079,1.69885481123512e-05,0.000365617425127066,2.67509365026223,"ENSG00000211668.2"
1.33879242702065,3.39520885147421,4.87878945723647,1.47604952210706e-05,0.000331494008366906,2.6723719171049,"ENSG00000129038.16"
-1.13479840552595,6.0687230460826,-4.92762821804991,1.2579930629951e-05,0.000292229999918032,2.66929834035471,"ENSG00000095380.11"
-4.22488284574097,0.683617686838494,-4.79802442655508,1.92115285972073e-05,0.00040155781415442,2.65087042847193,"ENSG00000241294.1"
2.33231801196355,1.22420667832858,4.81093454254066,1.84202427173886e-05,0.000389587139932169,2.64408082544019,"ENSG00000050628.20"
2.4985325157696,2.23741109321994,4.83362888917149,1.7106344445512e-05,0.00036774889166525,2.64247627680205,"ENSG00000138061.12"
1.49108979201479,4.51940072437628,4.89778021112737,1.38715270266521e-05,0.000315139233933421,2.63806970070315,"ENSG00000057019.16"
2.8403431869023,-2.18809069090512,4.7622072909799,2.15863100052942e-05,0.000440396663854108,2.63597431856573,"ENSG00000268460.2"
2.056344621097,0.0660707860016344,4.78752471714399,1.98796817446139e-05,0.00041288245792892,2.63527967517466,"ENSG00000131080.15"
-1.04228169230882,5.41523877068762,-4.91078906993391,1.32932646342078e-05,0.000303761942212446,2.62900462954532,"ENSG00000111775.3"
-1.47746251145882,7.7287823613143,-4.90677529576322,1.34690988723425e-05,0.000307288035734,2.62736745964772,"ENSG00000092010.15"
2.12938667576266,-0.777138021084034,4.77245439797556,2.08788505715992e-05,0.000429088830510246,2.62493732124814,"ENSG00000262772.2"
-1.26674896531054,6.73520378612226,-4.90655262920399,1.34789202657982e-05,0.000307288035734,2.60443519264163,"ENSG00000120306.11"
1.46247817083301,4.28208116654418,4.88008661596926,1.46980268677462e-05,0.000331229327320726,2.59743059700764,"ENSG00000158352.16"
2.32040511055045,2.58587607255985,4.8246641651624,1.76139446980729e-05,0.000376596510087696,2.58494571373668,"ENSG00000124212.6"
1.50096484914109,0.183760841830818,4.76754391780446,2.12149746202979e-05,0.000434629877121799,2.56729997264807,"ENSG00000120658.13"
1.14161452911056,5.12988072455723,4.8885634598402,1.42961703449849e-05,0.000323735913701247,2.56694281215597,"ENSG00000188042.8"
1.65733439247074,4.22616291988489,4.86651476729117,1.53647271346543e-05,0.000341156104419063,2.56228139181747,"ENSG00000142552.8"
1.30130387304833,2.53716707185637,4.81626590072061,1.8102919677975e-05,0.00038422120983594,2.55825277620159,"ENSG00000126785.13"
2.69798614394895,-1.31690833195911,4.74157422562692,2.30831549528141e-05,0.000463554975758993,2.54992965366976,"ENSG00000225680.1"
2.48720396664319,-2.15433994528665,4.73182982744436,2.38251347836267e-05,0.000474710968056692,2.54244947139839,"ENSG00000183715.13"
1.44348514486448,5.15282392194798,4.87962907557978,1.47200312072735e-05,0.000331344353444092,2.54179626404272,"ENSG00000099250.18"
1.69631714718684,0.0652620476314988,4.7566600050702,2.19790847784567e-05,0.000445627648569205,2.5392512500124,"ENSG00000108947.5"
2.14424328703636,2.59141205181847,4.80839150603498,1.85735284269717e-05,0.000391561933698072,2.53194508374206,"ENSG00000018280.17"
-4.73235124269869,1.07223056312222,-4.76479521807911,2.14054436096054e-05,0.000437617442554666,2.52966204557649,"ENSG00000211649.3"
-4.06068145752807,-0.155204932717039,-4.74458507812897,2.28585286329627e-05,0.000460598796575276,2.52506685990584,"ENSG00000156738.18"
2.5042806467543,-1.58165703833962,4.73079579338158,2.39052344564108e-05,0.000475823377413595,2.52451878049321,"ENSG00000173077.16"
-1.28948836883996,4.65248847930849,-4.86367882309542,1.55077599357828e-05,0.000343553831978483,2.5239134688674,"ENSG00000204564.12"
1.19314170409697,-1.82468644957731,4.72799157461316,2.41237943775911e-05,0.000478715700978796,2.52252200967997,"ENSG00000258457.5"
-4.32139296755245,-0.417014939904174,-4.73650882568884,2.34659727770846e-05,0.000469942658087355,2.5136523801165,"ENSG00000211642.3"
-4.05156964262691,1.86263809693918,-4.77504182422916,2.07038550657771e-05,0.000426386326071036,2.50930957719683,"ENSG00000211962.2"
1.61011114893535,1.61198725212505,4.77529874773822,2.06865575613943e-05,0.000426386326071036,2.5062587998553,"ENSG00000179431.7"
1.58337888782583,0.279224977976615,4.74872610187369,2.25530954105076e-05,0.000455851534658156,2.50419423590931,"ENSG00000166770.11"
1.97437296019711,1.25019808125559,4.76502921655029,2.13891635321567e-05,0.000437617442554666,2.49909640265255,"ENSG00000118557.16"
2.40319690742101,-1.82078889058199,4.71919258312498,2.48224253606656e-05,0.000487155627248459,2.49549510336448,"ENSG00000148948.8"
-2.17142851949074,0.439588987650796,-4.74662777085329,2.27073585653988e-05,0.000458496881599597,2.49438175215509,"ENSG00000159958.7"
-4.78813686643058,-0.327252046254235,-4.73002901102893,2.39648029583877e-05,0.000476042479029532,2.49193070842323,"ENSG00000154165.5"
1.23527820176433,4.13750035089362,4.84384074547705,1.65456747816818e-05,0.000359639134999616,2.49130693745558,"ENSG00000164741.15"
1.08858268070963,6.71984284421466,4.87055683219673,1.51631080504398e-05,0.000337827155041958,2.48867120057679,"ENSG00000138448.12"
1.06303795753547,4.64167187766883,4.85531801528714,1.5937125812721e-05,0.000350688315021558,2.48664143574997,"ENSG00000178904.19"
1.86417301215481,-0.349317420559368,4.73221994064026,2.37949839894506e-05,0.000474592529091728,2.48275839412447,"ENSG00000228784.9"
1.69254174896031,3.18122042433347,4.80968790612443,1.84952294346359e-05,0.00039033096694884,2.47877261491201,"ENSG00000172965.17"
1.57280722686301,1.55257578812001,4.76392713583961,2.14659457020124e-05,0.00043839722024339,2.47496592140925,"ENSG00000153558.16"
1.99821354888,0.555032812877015,4.74395404585022,2.2905428269963e-05,0.000460598796575276,2.47494023535862,"ENSG00000166402.9"
-4.22622246969909,-0.672140427364359,-4.71737219763129,2.49694275805349e-05,0.000489550597143968,2.46464261375956,"ENSG00000211942.3"
-1.53431772859421,6.36886918216275,-4.86229735940173,1.55779096445964e-05,0.000344329759291947,2.4637296542477,"ENSG00000105755.8"
-3.09184641467784,-2.53595187773821,-4.69828308937009,2.65634451034184e-05,0.000512097251423422,2.44895162347909,"ENSG00000226025.9"
-1.36013386563307,5.3935249018591,-4.85195979698613,1.61128654523063e-05,0.000352760669976255,2.44672717130898,"ENSG00000122490.19"
-1.65772074411659,-0.828065332328942,-4.71216810240389,2.5394415283393e-05,0.000495187818853695,2.44384276053478,"ENSG00000127774.7"
-1.05211230001176,4.96729143431105,-4.84224797809245,1.66319163343278e-05,0.000360315305691526,2.43123405648445,"ENSG00000151729.11"
2.27075333547021,0.223924400126693,4.72406748460294,2.44329403864631e-05,0.000481923771848084,2.43081716989137,"ENSG00000142623.11"
-1.51786309023417,3.51803457033812,-4.80106436754055,1.90222436403761e-05,0.000398450970954288,2.42884137110205,"ENSG00000182866.17"
1.25169254081544,0.456599739907407,4.72639499733725,2.42491081429173e-05,0.000479879690982892,2.4259685048808,"ENSG00000184194.6"
-2.76348337654481,-0.711360332386323,-4.70662369070488,2.58550229756767e-05,0.000501398200258276,2.42586065947095,"ENSG00000160856.21"
3.22645217263713,-2.06298467426975,4.6925848924464,2.70583700738955e-05,0.000519086500654398,2.42047999323079,"ENSG00000231172.2"
-1.14399639480879,5.94220605723705,-4.84746018252751,1.63513329648416e-05,0.000356600927818335,2.41498181283535,"ENSG00000108788.12"
1.77220410812122,-2.38326785903725,4.68351121057672,2.78652526870066e-05,0.000528873324473815,2.40095506216077,"ENSG00000036530.9"
-1.10472111549437,6.63829032686007,-4.8431747700617,1.65816807644244e-05,0.000360022627981511,2.40000138328497,"ENSG00000067057.18"
1.29051696080482,-0.199509387449111,4.70714389782548,2.58114592396385e-05,0.00050108835570404,2.39813679620617,"ENSG00000213071.11"
-2.97745412844092,0.432735109946301,-4.7143665276045,2.52140218678662e-05,0.000493359393953477,2.39767899441759,"ENSG00000172724.12"
1.03328721976245,4.50793636370098,4.8238103176168,1.76630582997828e-05,0.000377235208088825,2.39565523459269,"ENSG00000127946.17"
-1.91926548026406,1.10929467251717,-4.72566449713917,2.4306657706778e-05,0.000479915741187401,2.39090002028917,"ENSG00000126353.3"
-1.44097929599507,5.19718618736264,-4.82960119754847,1.73325918671304e-05,0.000371797369963849,2.3856491793622,"ENSG00000163874.11"
-1.46004676674123,1.05970222793059,-4.71979437239043,2.47740163551084e-05,0.000487096905776317,2.37479847294043,"ENSG00000134256.12"
-1.36550923387043,3.48409032162426,-4.78192706230991,2.02451887983441e-05,0.000419584747970756,2.36789374123688,"ENSG00000136490.9"
2.26753670999454,-0.527670044699483,4.6897703026854,2.73061696347473e-05,0.000522817150252789,2.3604132815013,"ENSG00000100181.22"
1.23255825751642,3.15565711936702,4.77126219253796,2.0959972323006e-05,0.000430304939649063,2.35569165595011,"ENSG00000196083.10"
2.47033487287123,-2.40062277014361,4.66855032285895,2.92476091915791e-05,0.000549668032844066,2.35541491232274,"ENSG00000263745.7"
1.2728111142135,-0.00814763159276427,4.69505623722362,2.68426142169394e-05,0.000516463488064097,2.35201948903127,"ENSG00000145949.11"
2.09053547745573,-1.70515046429014,4.67300780287701,2.88288443717135e-05,0.000542957082374462,2.35124709555821,"ENSG00000286039.1"
-3.70589196067022,0.891855705152387,-4.70622955726933,2.58880770560306e-05,0.000501543121304877,2.35105589362129,"ENSG00000231475.3"
1.18566353492366,5.78486294756332,4.82339117068322,1.76872171215303e-05,0.000377340129363137,2.34038655375797,"ENSG00000157654.19"
-1.50811557002401,3.90265064942759,-4.78386125855238,2.01181505604044e-05,0.000417393079245809,2.33857323123679,"ENSG00000100162.15"
-1.1065733835914,5.47758148046847,-4.820100045057,1.78780460214222e-05,0.000380583029637354,2.33797088349351,"ENSG00000162437.14"
-1.86888855505321,2.2040700133546,-4.73030641480661,2.39432356379838e-05,0.000476042479029532,2.32702180234853,"ENSG00000205436.7"
1.37820135035059,3.78642861230456,4.78080630719805,2.03191612189445e-05,0.000420229403859309,2.32597307886203,"ENSG00000167693.17"
-2.36909239625064,-2.73424392270499,-4.65482232607561,3.05752244478238e-05,0.000567668419056851,2.3224082532138,"ENSG00000237702.2"
1.41013573842616,3.12483845283892,4.75907366653335,2.1807328789952e-05,0.000443061645860932,2.3218379560726,"ENSG00000175745.14"
-1.14505366267485,6.70856895710648,-4.81815963319022,1.79915056385258e-05,0.000382582927927262,2.32136578682846,"ENSG00000008394.13"
-1.43386912813064,4.76416734225956,-4.8013176998971,1.90065528148305e-05,0.000398450970954288,2.32131492307859,"ENSG00000168765.17"
-1.46347885339998,5.48729577782753,-4.81025276577286,1.84612152481167e-05,0.000390032959218294,2.31241037536374,"ENSG00000139192.12"
1.84920260205679,-1.35878256196703,4.66398774441612,2.96824389114915e-05,0.0005538392504775,2.31238810443742,"ENSG00000113205.5"
2.57587707616395,-1.24783322212701,4.66391806685094,2.96891284429181e-05,0.0005538392504775,2.3092727658771,"ENSG00000126778.12"
2.87754709444829,-2.00407731156477,4.65533076719464,3.05250141280258e-05,0.000567273390515709,2.305532644651,"ENSG00000260604.2"
-1.54634678119636,3.45971263757265,-4.75978262250237,2.17571310163605e-05,0.00044250032230992,2.3021478018248,"ENSG00000060140.9"
-4.11643911201644,3.11661820375833,-4.73272232860015,2.37562110790947e-05,0.000474301705108687,2.30104374506596,"ENSG00000211663.2"
-2.87642684911674,1.881909296107,-4.70711965659153,2.58134876701561e-05,0.00050108835570404,2.28535552115171,"ENSG00000100079.7"
-1.50497734883011,-2.02339031083397,-4.64720164654657,3.13375893637718e-05,0.00057908084549115,2.28473067323361,"ENSG00000243811.11"
1.02021619526188,-0.262862340751913,4.66821037805145,2.92797901004473e-05,0.000549668032844066,2.28087892423375,"ENSG00000286177.1"
1.26032354696617,6.71881716158902,4.80368064560014,1.88608099937523e-05,0.000396339807864423,2.27707586412676,"ENSG00000169504.15"
-1.41453648524352,-0.887976434717504,-4.65741187935056,3.03203403515316e-05,0.000564527782169437,2.27691403712751,"ENSG00000189350.13"
-1.11720891082605,5.11147067985689,-4.79516886570534,1.93910219859887e-05,0.000404877930838438,2.27476391870112,"ENSG00000178802.18"
-1.5590147136996,4.59002957650029,-4.78130419022268,2.02862669980244e-05,0.000419992133857726,2.27351840980567,"ENSG00000162482.5"
1.36526961794288,1.76691760490433,4.70235203706439,2.62154897649509e-05,0.000505886705050814,2.26674032383444,"ENSG00000099260.11"
-4.30997411977997,1.22909765199938,-4.68398127523977,2.78228769412871e-05,0.000528873324473815,2.26615930182594,"ENSG00000240382.3"
1.86434641100832,4.64059042898188,4.77970399255725,2.03921760937373e-05,0.00042129505215365,2.26000652684927,"ENSG00000100985.7"
1.3118960920375,5.58199019157908,4.7943381381148,1.94435488486951e-05,0.000405542785880337,2.25303794509007,"ENSG00000159674.12"
-3.77714638670323,0.634122976378003,-4.66971985814046,2.91371603402957e-05,0.000548237203101571,2.25271534761962,"ENSG00000211976.2"
1.77075019936626,3.88702798294481,4.75856005184974,2.18437665743977e-05,0.000443342533600044,2.25110734704475,"ENSG00000158859.10"
-1.4515013984815,2.19879806822618,-4.70534856238933,2.59621122177726e-05,0.000502480920179319,2.24701362276241,"ENSG00000179144.5"
-1.12959399978907,7.07388704271516,-4.79125256820382,1.96398789211345e-05,0.00040876801075134,2.24149976958409,"ENSG00000173660.12"
-3.30561846541521,4.39982337640571,-4.74467888124306,2.28515650620492e-05,0.000460598796575276,2.22694778186823,"ENSG00000211679.2"
2.21230130316828,-1.29288366729524,4.63584380219472,3.25085994254219e-05,0.00059678239731725,2.22476065498559,"ENSG00000102383.14"
1.49590333651281,2.52387106005529,4.70855566706609,2.56935968385237e-05,0.000500246931098407,2.22146515045082,"ENSG00000104723.21"
2.4263320696827,-1.60217986052186,4.6290384280745,3.32307278120289e-05,0.000604941178721113,2.21428714209412,"ENSG00000129596.5"
2.57018189001419,-1.13671876067812,4.63288351190286,3.28208058910089e-05,0.000600826069373595,2.21101188253947,"ENSG00000233672.9"
2.9345312048215,5.84393732189495,4.77317568633597,2.0829921787467e-05,0.000428532472786021,2.20941127329167,"ENSG00000099953.10"
-3.61846697443709,-1.3667250619453,-4.62449173950672,3.37219400225311e-05,0.000612745464394574,2.20136119893453,"ENSG00000254709.8"
2.97506776742186,3.01795877914002,4.71199716642675,2.54084946326031e-05,0.000495187818853695,2.20014254402623,"ENSG00000196549.12"
1.27718685733597,1.9243847097523,4.68351529770452,2.78648839641952e-05,0.000528873324473815,2.19553959733143,"ENSG00000034053.14"
-1.773320266658,5.3829849048087,-4.76935845077347,2.10901532208843e-05,0.00043252462766596,2.19353395819252,"ENSG00000080031.10"
-1.7946496518842,0.350922698873117,-4.64800495632572,3.12563544696767e-05,0.000578124609181586,2.19305435185937,"ENSG00000163600.13"
1.2438690821128,6.56595752651874,4.77557438701881,2.06680158284243e-05,0.000426386326071036,2.18624594792856,"ENSG00000146674.15"
1.22207432079702,2.15277554504991,4.68583003054611,2.76568276851378e-05,0.000527470587154486,2.18351968859303,"ENSG00000072832.15"
1.72617414316213,-0.0821767491544464,4.63854632744354,3.22261267882384e-05,0.000592706793442967,2.18165654434757,"ENSG00000246695.8"
1.60335258603079,3.96162795307102,4.73805601401359,2.33483860631599e-05,0.000468065907110749,2.17857403189232,"ENSG00000148516.22"
-1.21216247564185,8.73251217083091,-4.75449590886347,2.21342133474547e-05,0.000448309283977476,2.17738619606215,"ENSG00000152234.16"
2.5730955316043,3.84035528379889,4.72630895705913,2.42558795146407e-05,0.000479879690982892,2.17373154106554,"ENSG00000224078.15"
-1.49825988370595,3.22274508558678,-4.70750104565191,2.57815923909062e-05,0.00050108835570404,2.16213972205328,"ENSG00000115286.20"
-1.56405590471164,6.20538444070328,-4.76046856564816,2.1708670932953e-05,0.000442110416800743,2.14098595189935,"ENSG00000173369.17"
-3.9402462421004,1.31676815235836,-4.64443860726823,3.16185894289549e-05,0.000582626000323393,2.1353302512359,"ENSG00000240864.3"
-1.34387655334232,1.28633380324477,-4.64637718059459,3.14211793941815e-05,0.000579538314450536,2.13243276216938,"ENSG00000178977.3"
1.7432764351725,-2.08613633992578,4.59571252946512,3.7000797010566e-05,0.000656845511451593,2.1270584473426,"ENSG00000140557.12"
1.26320101846602,3.84525967584375,4.71953848542091,2.47945890015692e-05,0.000487096905776317,2.12463626607229,"ENSG00000176788.9"
2.82696858917983,-0.175475947964878,4.61562031062549,3.47010066083616e-05,0.000627048788537822,2.11727014276319,"ENSG00000160161.9"
1.10362249168975,0.859992536057637,4.63069906379741,3.30530751622504e-05,0.000602266349099518,2.10740337504029,"ENSG00000136114.17"
1.88605239600683,-1.07772291404135,4.59987856256602,3.6507467413646e-05,0.000651254481030657,2.10645576479188,"ENSG00000267640.6"
1.38208631985025,1.22077576384966,4.63484492056369,3.26136187581188e-05,0.000598013866152927,2.0968499688734,"ENSG00000150636.17"
-1.66437407258308,7.82890171460445,-4.73467562240622,2.36060510757286e-05,0.000472265548357893,2.08427539175143,"ENSG00000181885.18"
2.3031837731203,1.30887424739298,4.63255655716904,3.28554682136428e-05,0.000600899542720783,2.08308060090942,"ENSG00000134769.21"
-3.86807286697681,-1.24250653447498,-4.58404994997605,3.84169148663164e-05,0.0006761239074228,2.07525608810803,"ENSG00000240671.4"
1.89165835234416,-0.808024389888541,4.59243988814123,3.73929184377518e-05,0.000662263377498248,2.07312111707512,"ENSG00000151917.18"
-1.27412994108219,4.989476762701,-4.72740619172317,2.41696663506326e-05,0.000479141029798284,2.06927894750644,"ENSG00000204610.13"
2.18639429707045,2.16202720848798,4.64888761315685,3.11673341597644e-05,0.000577022430157073,2.06849018416884,"ENSG00000137747.16"
2.09831373375509,-2.35330399600847,4.57345978393528,3.97488194008956e-05,0.000690882405296063,2.06661245785899,"ENSG00000125872.8"
-1.53200990528987,10.767604899745,-4.6929553584052,2.70259189622967e-05,0.000518971760210371,2.06576032427719,"ENSG00000234745.12"
2.19273068567837,0.0100246161152181,4.60102376945727,3.63729907466965e-05,0.00065007188384661,2.062310035653,"ENSG00000013297.12"
1.6318559573011,0.386885798231722,4.60654401565587,3.57315646391553e-05,0.000640945156738591,2.05935001926083,"ENSG00000251442.6"
2.43190572461488,-1.16469023547648,4.58277482446856,3.85749353512942e-05,0.000678296127800425,2.05888433810268,"ENSG00000154027.19"
-4.23404358138142,-1.17988439380134,-4.5760909932042,3.94137263163504e-05,0.000687871905527444,2.04984506367417,"ENSG00000241244.1"
1.6684149532745,4.69146941653568,4.71348105494786,2.52865278812633e-05,0.000493854689383065,2.04383137786232,"ENSG00000059804.16"
1.77509581083268,3.0893983125026,4.66772975775202,2.93253474627611e-05,0.000549668032844066,2.04212087796667,"ENSG00000183098.11"
1.56431806245551,1.02947853305472,4.61158798090035,3.5155198868897e-05,0.000633504438440804,2.03740500630702,"ENSG00000109944.11"
1.44190308141074,0.444114849318876,4.60002119813306,3.64906917629273e-05,0.000651254481030657,2.03623880644236,"ENSG00000173040.13"
1.6463112082504,3.74824792621378,4.68586191471211,2.76539725155262e-05,0.000527470587154486,2.03329524055774,"ENSG00000080573.7"
1.95256481193369,5.1672736067255,4.71655544759072,2.50356608614368e-05,0.000490358808041289,2.03263102880631,"ENSG00000129009.13"
-1.30526471818203,6.03593716376109,-4.72590728234018,2.42875159447892e-05,0.000479915741187401,2.02978849677432,"ENSG00000198435.4"
1.85162738676555,-1.64403891366827,4.56331116065068,4.10676684679261e-05,0.000710655523373486,2.01569088180246,"ENSG00000182329.14"
2.14517053967914,1.96677922529715,4.62343529371679,3.38370927815047e-05,0.000614268556550168,2.00571464581363,"ENSG00000185070.11"
-4.58513382815777,1.28516560668562,-4.59904848161308,3.66052452359372e-05,0.000651254481030657,2.00298104336813,"ENSG00000211637.2"
1.44982838850184,4.13904968857417,4.68619197489935,2.76244332427253e-05,0.000527470587154486,1.99644679848551,"ENSG00000152104.12"
-4.03747478205758,1.99917747473368,-4.61099993388792,3.52219210311167e-05,0.000634123952007415,1.98921593991055,"ENSG00000241755.1"
-1.3313757605591,4.53803480824936,-4.69194092040267,2.71148702678207e-05,0.000519661922258937,1.98900317079144,"ENSG00000119917.14"
-1.43521332108858,4.67980951601328,-4.69325931872622,2.69993220208712e-05,0.000518969321118825,1.98609283984178,"ENSG00000119986.7"
1.74109046239309,3.14458856695924,4.65153886260964,3.09014378715109e-05,0.000573182205211772,1.98538275399862,"ENSG00000122591.12"
-1.81472222911505,0.0927911226849701,-4.57592112174003,3.94352760284019e-05,0.000687871905527444,1.98507725895924,"ENSG00000076662.10"
-1.83027096418728,6.04999525116178,-4.70341975356474,2.61249290745853e-05,0.000504635822104748,1.96620899513817,"ENSG00000179344.16"
1.43018651075923,0.582758604811389,4.57929500509935,3.90094268899289e-05,0.000684027852870293,1.9648549718847,"ENSG00000158163.15"
-3.31477521238125,5.30350435166934,-4.67908849243927,2.82670750048604e-05,0.000533915484147681,1.96030338924211,"ENSG00000211677.2"
-1.17821697705786,6.26986439414312,-4.70435050656157,2.60462362847072e-05,0.000503611941418116,1.95894248733715,"ENSG00000100348.10"
-1.44876111475616,2.95820836037702,-4.63462595592504,3.26366845243105e-05,0.000598013866152927,1.95803385889446,"ENSG00000177989.13"
1.5944761062597,4.60034001551048,4.68467463480876,2.77604870627378e-05,0.000528419523642755,1.95705474717175,"ENSG00000106333.13"
1.82166214657574,4.5428061124176,4.68095143948196,2.80971288530511e-05,0.000531730027309768,1.95476731116139,"ENSG00000115380.20"
1.90785246492924,0.740415304467935,4.57904795729004,3.90404553382565e-05,0.000684027852870293,1.95464653819494,"ENSG00000134363.12"
-1.64505825906907,3.57981861722078,-4.650783069328,3.0977009103747e-05,0.000574040870026524,1.9518572667516,"ENSG00000223572.10"
-1.73543859052373,-0.282541443817076,-4.55822083745343,4.17452490310517e-05,0.000719206812392619,1.94936323196408,"ENSG00000238000.1"
1.36531131113566,0.913955689438549,4.57748052513054,3.92378851764881e-05,0.000686873193544844,1.93976901542699,"ENSG00000231160.10"
1.24912018067368,1.80137615434982,4.59555139753451,3.70200086786703e-05,0.000656845511451593,1.93227581525415,"ENSG00000111087.10"
1.71312495575903,-2.06967823183389,4.52891776284468,4.58644888785323e-05,0.00077652777975173,1.9248232841839,"ENSG00000223685.6"
2.94019608776846,2.47979785796122,4.60829959668916,3.55299121630391e-05,0.000639082071439031,1.92116586482961,"ENSG00000197614.11"
1.71941798365848,-0.243391901003409,4.55094266643103,4.27331479668399e-05,0.00073300621088177,1.92100573670665,"ENSG00000176293.20"
1.29808733754389,4.96940627116694,4.68170134152789,2.80290034249305e-05,0.000531466770937318,1.92077244991297,"ENSG00000168172.9"
1.44372767867176,0.0863316329401782,4.55485366729059,4.21994731686592e-05,0.000725911314515434,1.91649986811657,"ENSG00000081818.4"
-2.11634004131856,-0.931849229587791,-4.53699821944353,4.46903699025025e-05,0.000758614192474861,1.91403861856596,"ENSG00000251584.2"
-1.07849985637218,7.35328501422786,-4.68479837703302,2.77493669637412e-05,0.000528419523642755,1.91091519432949,"ENSG00000099875.15"
1.92515998305251,-1.57533495744949,4.52777232084486,4.60333550588662e-05,0.000778043068348389,1.90591593284186,"ENSG00000271550.1"
1.66246856193968,-2.16933639755456,4.51884900004607,4.73699125659178e-05,0.000797606480987315,1.89736344539147,"ENSG00000260118.1"
-3.84581283761852,2.377810942151,-4.58835199429264,3.78884560740666e-05,0.000668623825191854,1.89320868594329,"ENSG00000211651.3"
2.2283587552925,-2.47089894893808,4.51100569592811,4.85760702319299e-05,0.000810538240823163,1.88146183241879,"ENSG00000253746.1"
-1.01967653459924,6.3887167046501,-4.67694341370526,2.8464010351541e-05,0.000537117793024364,1.87113826944201,"ENSG00000091483.7"
1.76116872460309,-1.66199684993475,4.51392213467251,4.81240988808419e-05,0.000806284299947796,1.86695990203338,"ENSG00000270890.1"
-1.34922956079232,5.41421931338772,-4.66789170139427,2.93099892616953e-05,0.000549668032844066,1.86266587561756,"ENSG00000100299.18"
1.79937076161527,-1.42342959055483,4.51336968452867,4.82093964253404e-05,0.000806284299947796,1.85672158930312,"ENSG00000162267.12"
1.73326621238582,-1.93171380227565,4.50750810343353,4.9123595364889e-05,0.000814819975231823,1.8562753689135,"ENSG00000158164.7"
-3.53362875969099,0.574751949875947,-4.53701781476186,4.46875587783764e-05,0.000758614192474861,1.84607781572227,"ENSG00000117322.18"
-3.54767876650437,4.40162890076095,-4.61838064071696,3.43934173001324e-05,0.000622638356035452,1.83877768340351,"ENSG00000243466.1"
-1.38249552803922,3.200356695614,-4.6035264713688,3.60807999184166e-05,0.000645936857090056,1.83494930396739,"ENSG00000238164.6"
1.54445715088235,2.66987407083989,4.58803399366598,3.79272734823456e-05,0.000668706945948622,1.83243758224389,"ENSG00000187098.17"
1.72909743081064,3.05872946834867,4.59921199227256,3.6585964492255e-05,0.000651254481030657,1.83057917925456,"ENSG00000185532.20"
-1.22610620874801,2.3355009987177,-4.57493953390343,3.95600258654587e-05,0.000689434548549496,1.82853559865691,"ENSG00000128394.17"
2.13137034792517,-1.20351694195654,4.50281515462816,4.9867759884605e-05,0.000822985943011419,1.81709139966277,"ENSG00000066382.16"
-1.60133511433022,6.36227380075085,-4.6571249483288,3.0348479159777e-05,0.000564527782169437,1.8148484672339,"ENSG00000100342.21"
-1.91850774881512,-0.777382493222684,-4.50621453500028,4.9327623750319e-05,0.000816822120987123,1.81366709647564,"ENSG00000102245.8"
-1.16344973864222,5.31495267433173,-4.64637437460016,3.14214642589473e-05,0.000579538314450536,1.79581878136124,"ENSG00000075239.14"
2.79267525814018,0.993876675972594,4.52841780575208,4.59381199474285e-05,0.000777103347445455,1.78306211665839,"ENSG00000158258.16"
1.46225325905921,-1.37328542588541,4.48867401195555,5.21775784216907e-05,0.000855345821518117,1.77985611894375,"ENSG00000226711.7"
3.2885650170171,-2.11804283317147,4.47730241768844,5.41107880931198e-05,0.000881875404284046,1.77049865537136,"ENSG00000162951.11"
-1.31757416019,4.99183480242036,-4.63135903464692,3.29827316941232e-05,0.000602103759399421,1.76744767068699,"ENSG00000006555.11"
1.97496641367291,0.301248979719904,4.50887315565789,4.89091893079344e-05,0.00081458860280712,1.76479832087307,"ENSG00000171451.14"
1.10602129493083,3.54105919568944,4.59494575536951,3.70923066696667e-05,0.000657533241017617,1.76207553467082,"ENSG00000100311.17"
1.121315533253,2.74137604859615,4.56826194490469,4.04190187684492e-05,0.000701287860154172,1.76203623677685,"ENSG00000248124.8"
1.63393831530944,3.1047965670206,4.57704703010084,3.92926598892249e-05,0.000687157663365968,1.75529139879666,"ENSG00000184867.14"
-1.42113487631648,7.72641027883841,-4.63102173137926,3.30186650126666e-05,0.000602199019756597,1.75350302706451,"ENSG00000182054.10"
1.77080018162556,3.66830599228763,4.59044701203103,3.76336964202445e-05,0.000665325745730671,1.74372994503208,"ENSG00000182621.18"
-1.14370891354302,5.57215734447588,-4.63168410662434,3.29481377408161e-05,0.000602032794544679,1.74032964920458,"ENSG00000053371.12"
2.0095721000891,1.59694055649973,4.52373387006938,4.6633599867264e-05,0.000786831634249207,1.72644184045008,"ENSG00000044524.11"
-1.37816174598266,3.58036241420532,-4.57994590534845,3.89277916615347e-05,0.000683509245610059,1.72499818927095,"ENSG00000134326.11"
1.42167781588177,4.50761958483307,4.60699279261155,3.56799098039344e-05,0.000640604680966976,1.71668533291525,"ENSG00000172638.13"
-3.06709671513014,3.02372763637462,-4.54877520621465,4.30317539823891e-05,0.000736838924522901,1.71211991830787,"ENSG00000166816.15"
-2.00459292132437,-0.418389993013466,-4.47765547421036,5.40497250387987e-05,0.000881613069143667,1.71134021379783,"ENSG00000163508.13"
-3.68246304120011,0.903225422069673,-4.49824753495911,5.06026579216309e-05,0.000832311838264678,1.70887197127237,"ENSG00000243290.3"
1.49445659587435,-1.99378713708705,4.45274827123066,5.85275309173017e-05,0.000939026817646987,1.69378380515347,"ENSG00000235997.3"
1.43121540401752,6.02451202979844,4.6161985771741,3.46363462763377e-05,0.000626457753776639,1.68503665098146,"ENSG00000152767.17"
1.12718197894181,1.36024500847758,4.50415197470369,4.9654660991444e-05,0.000820159463688502,1.6846011111492,"ENSG00000245498.7"
-1.44938190191799,1.52458623433361,-4.50546551411891,4.94461427631228e-05,0.000818093734188849,1.6811437002015,"ENSG00000159753.14"
-1.41668091823358,6.58425826688531,-4.61413509718742,3.48676232281021e-05,0.000629479393195369,1.67819044583992,"ENSG00000088256.9"
-1.31365907077893,5.37463386055773,-4.60785979859863,3.55803238263933e-05,0.000639402226343049,1.67514781082844,"ENSG00000182179.13"
-1.60984236514227,1.99454009579753,-4.51466759439756,4.8009235416668e-05,0.000805407383986205,1.6731840293934,"ENSG00000162894.12"
-3.63763994442213,-0.510307104358203,-4.46095950793169,5.7012580490267e-05,0.000920748478659123,1.67260642665102,"ENSG00000048462.11"
-3.68306567251025,-1.09431409789527,-4.45210318961506,5.86482032426403e-05,0.000940193518213577,1.67080405229254,"ENSG00000211655.3"
1.87230574427186,0.290505085842551,4.47357930131461,5.47588501515633e-05,0.000890217260424171,1.65778887564967,"ENSG00000169083.18"
-2.16543686520031,-0.407663991200799,-4.45632959155842,5.7861999954824e-05,0.000932163000093903,1.64652273788956,"ENSG00000124203.6"
1.01135373994077,3.14664480156823,4.54413466970255,4.36779692702323e-05,0.000746600057116107,1.64480293268169,"ENSG00000084731.15"
2.15463047898688,-1.33866662729523,4.44177831723154,6.06131150348769e-05,0.0009651508352463,1.63821705354088,"ENSG00000186479.5"
1.3012069493346,-0.919831275562423,4.44742024471138,5.9531554008946e-05,0.000952019288661823,1.63675356374815,"ENSG00000259426.6"
1.05009220060831,3.34810799355247,4.54698930931022,4.32793302116902e-05,0.000740431542871203,1.63261799137224,"ENSG00000154783.12"
1.58267900820095,-0.312269473554931,4.45388414950255,5.83156384050337e-05,0.000937160988991058,1.62901848645481,"ENSG00000247746.4"
1.87762433083181,2.28092003560137,4.50860570418754,4.89511249923815e-05,0.00081458860280712,1.62347899866405,"ENSG00000104447.13"
1.41246184129077,1.98051274154736,4.49928550413366,5.04347295014942e-05,0.000830246269190843,1.62029149667934,"ENSG00000224397.7"
1.34547753270115,-1.41505208165381,4.43484198846408,6.19692064709992e-05,0.000977448320249727,1.61924739466041,"ENSG00000149201.10"
-1.20697794068647,6.46778830679526,-4.59574736929815,3.69966443643374e-05,0.000656845511451593,1.61789056299599,"ENSG00000075234.17"
1.02038459817054,2.54278309946482,4.51520126521775,4.7927170383418e-05,0.00080519288992056,1.61743660987487,"ENSG00000013016.16"
1.87480056266767,-1.11955061522179,4.43769134942794,6.14085827192546e-05,0.000972517506295401,1.61665373305357,"ENSG00000112852.7"
1.58350593498297,0.275761634908664,4.45741235927398,5.76622482389713e-05,0.000929708913629335,1.60937209056541,"ENSG00000101074.5"
1.12550912553547,-1.22949356192326,4.43234705403851,6.24642077909246e-05,0.000982095635885219,1.60408310312509,"ENSG00000260086.3"
-1.05414965925994,5.69485272281097,-4.58951193485626,3.77471958052039e-05,0.000666731099961107,1.60383888184025,"ENSG00000117305.15"
-1.18641718573105,2.59585013889496,-4.50840016302844,4.89833772556896e-05,0.00081458860280712,1.5977451640278,"ENSG00000159618.16"
1.96267223966698,2.5243433678491,4.50664142951758,4.9260200045242e-05,0.000816395166599336,1.59534946325859,"ENSG00000146411.6"
1.48050486060133,2.38148974566521,4.50080974503192,5.01891189365413e-05,0.000826897366277166,1.58907985390224,"ENSG00000197859.11"
1.51393187736894,0.601610053259165,4.45533499650478,5.80460824592102e-05,0.000933985071839633,1.58459251919943,"ENSG00000124743.6"
1.23838056565095,4.51413807061891,4.56277293793,4.11387987963922e-05,0.000711240521140251,1.5751513269695,"ENSG00000165507.9"
1.32151195450169,-0.276731740038474,4.43621813184688,6.16978216273077e-05,0.000975522170020157,1.57354465310587,"ENSG00000269155.2"
1.85619880969529,-0.997672616758325,4.42448349894893,6.40498185224039e-05,0.000999809507922174,1.57180251064962,"ENSG00000215246.5"
2.16737214264737,-2.0462301872383,4.41108530042863,6.68426546751307e-05,0.00103287806108029,1.57028462688741,"ENSG00000277840.1"
-2.35431335366849,3.85344345047386,-4.52904917899203,4.5845153811922e-05,0.00077652777975173,1.56495457287702,"ENSG00000171227.7"
-1.41628638262554,3.17243081396363,-4.5132817129583,4.82229927888952e-05,0.000806284299947796,1.56076622694566,"ENSG00000002330.14"
-4.34330020381782,0.850742127363303,-4.44573973578555,5.98517169307714e-05,0.000954802898409035,1.55719036282541,"ENSG00000243238.1"
2.00413832753088,-2.62634836422115,4.39735200338966,6.98289537030266e-05,0.00105964896772565,1.54610232465928,"ENSG00000267432.6"
-1.33087003388212,8.0126746090276,-4.56181102502071,4.12662242945316e-05,0.000712205628097348,1.54576214654006,"ENSG00000135052.16"
1.23910969565327,6.44808360933538,4.57154131772646,3.99949032440787e-05,0.000694543908771839,1.54259721777465,"ENSG00000078114.19"
1.19513436120813,-0.453224521716112,4.42241309344419,6.44738063884653e-05,0.00100323289527956,1.54017810087291,"ENSG00000227630.4"
-1.30481365802892,5.28032151853928,-4.56333877040215,4.10640228799188e-05,0.000710655523373486,1.53973338519773,"ENSG00000158201.10"
1.83934795314262,-0.243516486919545,4.42455658587039,6.40349014025049e-05,0.000999809507922174,1.53718246454457,"ENSG00000144792.9"
1.17746361419013,5.64247100654481,4.56745008102954,4.05246953884994e-05,0.000702499715107798,1.53533820173605,"ENSG00000082512.15"
1.90908410549527,0.680273563799859,4.44066691477281,6.08284286973762e-05,0.000967236150073607,1.53496533178903,"ENSG00000005108.16"
-2.07225856560807,5.24259060845645,-4.55478747036549,4.22084514203608e-05,0.000725911314515434,1.5322176411876,"ENSG00000125775.15"
-1.71987894147596,3.31540369490569,-4.5043820157944,4.96180808890903e-05,0.000820159463688502,1.5233209527455,"ENSG00000167705.12"
-1.81006868879611,6.33348189898384,-4.56250670728682,4.11740279248284e-05,0.000711240521140251,1.52095346243603,"ENSG00000130821.17"
1.41548517962536,-1.66227826672206,4.3986281753406,6.95460377712039e-05,0.00105699195080793,1.52016428589534,"ENSG00000179397.18"
-4.07200316366751,-0.801085574876012,-4.4041078923066,6.83439271537839e-05,0.00104520361605077,1.51672942623341,"ENSG00000211685.3"
-2.27478826223443,1.41128232605729,-4.44701796984128,5.96080405665056e-05,0.000952465560999927,1.51348021611282,"ENSG00000167136.7"
-3.51583958580696,1.74846559058073,-4.45154460559422,5.87528916991425e-05,0.000941102283213552,1.5096603292701,"ENSG00000211956.2"
-1.26237614741615,2.32862896434864,-4.47092798176187,5.52249800358109e-05,0.000895567376825565,1.50777944789473,"ENSG00000164136.17"
1.51893660693602,-0.483608596057316,4.41103613508517,6.68531194282817e-05,0.00103287806108029,1.50769557755792,"ENSG00000204420.10"
1.37733814075369,3.5906463207416,4.51271362880747,4.83108830687053e-05,0.000806799977380781,1.50538957996537,"ENSG00000073910.22"
-1.19324937459197,4.73291793399475,-4.54222450632801,4.39467250704288e-05,0.000749371118782285,1.50397369457464,"ENSG00000166189.8"
1.39248083477744,-0.390073181231601,4.40598359895433,6.79371344383008e-05,0.00104305047595718,1.48784460791997,"ENSG00000143127.13"
1.06461974491607,6.29699818012255,4.55421684855634,4.22859222797929e-05,0.000726596944964815,1.48643874765961,"ENSG00000154380.17"
1.83593324161401,0.656613115897267,4.42305412947597,6.43422390917925e-05,0.00100225988158269,1.48295220714081,"ENSG00000184785.6"
2.47459109736185,5.17466363355159,4.53755538244106,4.4610507479428e-05,0.000758572081215668,1.48257305354663,"ENSG00000140807.7"
2.14985884697542,-0.132589935950314,4.4074409336488,6.76227123254353e-05,0.00104148538715827,1.48019048607932,"ENSG00000172346.15"
1.40435366867829,-1.54683819580389,4.38342398688185,7.29908147966975e-05,0.00109491806802146,1.47030482725474,"ENSG00000152760.10"
-2.18007173895744,4.36502166295779,-4.51317894904136,4.82388801305092e-05,0.000806284299947796,1.46742529492335,"ENSG00000158125.10"
1.88424198474346,-0.967818128747945,4.38691551276855,7.21852783168434e-05,0.00108615853160402,1.45765434473231,"ENSG00000204851.7"
1.95824975182662,0.145123836311544,4.40475960857703,6.82023171206397e-05,0.00104473740824865,1.45699290584242,"ENSG00000166148.4"
2.23524238308025,-0.239959454368935,4.39752812412351,6.97898424353274e-05,0.00105964896772565,1.4559051734364,"ENSG00000109705.8"
1.62654362448568,0.740696278606182,4.41363969783813,6.63011555797413e-05,0.00102840225972817,1.44936308921464,"ENSG00000128606.13"
1.87366186699734,-0.556213722934711,4.38930468646284,7.16390855370325e-05,0.00108105715252362,1.44604702165088,"ENSG00000122254.7"
1.79017930459043,0.174164464110995,4.39987075148841,6.92716474558097e-05,0.0010551193015094,1.44052166916456,"ENSG00000156427.8"
-3.95327195866019,0.763645478171196,-4.40457677901834,6.82420147634492e-05,0.00104473740824865,1.43534900423144,"ENSG00000211933.2"
1.56975950363552,-0.767032607589958,4.38202957211464,7.33149739998867e-05,0.00109810036687684,1.43350975313084,"ENSG00000174599.5"
-2.22760326791259,-1.21154494482785,-4.37345716724253,7.53389573670211e-05,0.00112412145977003,1.4330192341048,"ENSG00000255833.2"
-1.23184433749956,6.11708636794003,-4.53524508168065,4.49425763880503e-05,0.000762235426180029,1.42948352376671,"ENSG00000110719.10"
1.07175894232341,2.60828190028675,4.45520396672288,5.80703765465935e-05,0.000933985071839633,1.4261948352601,"ENSG00000143479.17"
-1.76964456114214,1.88938617711969,-4.43071274102247,6.27905558157219e-05,0.00098495228675149,1.4248511690295,"ENSG00000090659.18"
-3.54978667754655,-0.496364699269944,-4.378865666329,7.40557172063815e-05,0.00110750296838163,1.42432757588238,"ENSG00000211972.2"
-2.26070298124726,0.020530838032252,-4.38924991944721,7.16515605174801e-05,0.00108105715252362,1.42297255322759,"ENSG00000007312.13"
-3.10285311492021,-2.02800233447414,-4.35980504615952,7.86756038284216e-05,0.00115978487869176,1.42213218761298,"ENSG00000211599.2"
-1.57001177144677,0.079929168124302,-4.38912147092514,7.16808272100736e-05,0.00108105715252362,1.41697678162928,"ENSG00000225492.6"
1.23781032279542,0.672029796919418,4.3994293020374,6.93690084487205e-05,0.0010551193015094,1.4107885154006,"ENSG00000125966.10"
2.55620061434474,0.533815125638064,4.39656804110577,7.00033091492982e-05,0.0010614732244247,1.41007865511816,"ENSG00000183091.19"
-4.13484152231425,0.810947607519717,-4.3946044346356,7.04418924222601e-05,0.0010664739326879,1.40306803029706,"ENSG00000225698.3"
2.10597944496135,1.44306787816347,4.41203685660848,6.66404331582693e-05,0.00103203185821566,1.39612784415088,"ENSG00000079102.16"
-2.06605801547588,5.13935939555029,-4.50813116286773,4.90256185916497e-05,0.00081458860280712,1.39350684341726,"ENSG00000124102.5"
1.5608164858919,2.49102211860314,4.43949016043983,6.10572193242264e-05,0.000969301896413589,1.39078421739339,"ENSG00000171444.18"
-4.00432807971137,2.86962621339445,-4.43493436756923,6.19509521465403e-05,0.000977448320249727,1.3902077855495,"ENSG00000211959.2"
-1.4558430805792,6.22147044483988,-4.51868885252528,4.73942441268092e-05,0.000797606480987315,1.37990812449314,"ENSG00000010438.17"
1.07461502567985,5.94617199288234,4.51814771097498,4.74765516340356e-05,0.000798306407664582,1.37579511105658,"ENSG00000152520.14"
1.10295415239547,2.21184885739427,4.42296676427352,6.43601545910742e-05,0.00100225988158269,1.36559382061855,"ENSG00000204381.12"
2.06097141563762,-2.04781181103063,4.34227557466971,8.31723758937417e-05,0.00120898533630425,1.36540442573693,"ENSG00000151572.18"
-1.39094310421412,4.35444970564707,-4.48668880917785,5.25101229864952e-05,0.000860078087947557,1.36365058377913,"ENSG00000185339.9"
-1.56618071154268,3.907612609715,-4.47179961731816,5.50713100277608e-05,0.000894555181776536,1.36240806141901,"ENSG00000224259.7"
2.05978743835083,-0.619444447976618,4.3590286028231,7.88696522305886e-05,0.00116089970092562,1.35859043306548,"ENSG00000155970.12"
1.3388396536341,0.52281795230734,4.37922547456233,7.39711103197432e-05,0.00110708212895335,1.35841942427352,"ENSG00000113248.6"
1.42459741233416,3.49364471615393,4.46192955758107,5.6836165862563e-05,0.000918656115335046,1.35703699408198,"ENSG00000064989.13"
2.40942620344851,1.51604975921312,4.39963190479288,6.93243081129424e-05,0.0010551193015094,1.35288885597873,"ENSG00000137868.19"
-3.85800145464996,0.624591547584283,-4.37252565611759,7.55621555182258e-05,0.00112576775201156,1.34529819027615,"ENSG00000211652.2"
-1.29090212323086,7.8340040994638,-4.4974533050037,5.07315228503587e-05,0.000833587087002831,1.33927090362471,"ENSG00000160014.17"
-1.08639862575118,7.23066813576229,-4.50134361023859,5.01033713985087e-05,0.0008261788895199,1.33360751994448,"ENSG00000110090.13"
-3.39294705219442,1.7552012758971,-4.39070617654614,7.13205721834688e-05,0.00107811190302937,1.32246379957588,"ENSG00000105369.10"
1.54316387920668,2.11657677451335,4.40449326291725,6.82601560729632e-05,0.00104473740824865,1.31793768326053,"ENSG00000008311.15"
3.12938631921353,2.26596348224875,4.40608847214844,6.79144602023643e-05,0.00104305047595718,1.31554664059281,"ENSG00000130600.19"
2.40733558926284,-1.65534320525347,4.32911797992938,8.67117429324124e-05,0.0012457985124485,1.31315109302772,"ENSG00000145934.16"
2.36607936703476,-1.29007999604786,4.33336947724041,8.55522992368999e-05,0.00123661135706614,1.31208366533502,"ENSG00000169427.8"
1.61175901245598,3.27065703035931,4.43879057241783,6.11936359584466e-05,0.000970681574920149,1.31203970056924,"ENSG00000144824.21"
1.50344540151164,3.42026401444042,4.44292048794482,6.03926181699394e-05,0.000962648513690921,1.30845992319673,"ENSG00000124813.23"
-3.2683508120487,-2.10152195285561,-4.31896829377949,8.95421363748037e-05,0.00127863301221005,1.30260400068419,"ENSG00000253234.1"
-2.50676752671688,-1.20499297964714,-4.32930802925567,8.66595875093944e-05,0.0012457985124485,1.30228896001735,"ENSG00000128218.8"
1.69147944991791,3.063100846103,4.42565129391581,6.38118768262969e-05,0.000998480173229351,1.29284973081761,"ENSG00000144730.19"
-1.10482642820634,5.45071016957998,-4.48293780849897,5.31441383418284e-05,0.000868286646941574,1.27970477399604,"ENSG00000130560.9"
1.01662993417261,5.16771961983287,4.48008080433223,5.36320721089422e-05,0.000875529063920001,1.27737919741957,"ENSG00000149639.15"
1.25645559241472,4.05751851737347,4.45285455203169,5.85076728229783e-05,0.000939026817646987,1.27219144699429,"ENSG00000099998.18"
1.29938196619905,-0.368656256252896,4.33379579360174,8.54368758964914e-05,0.00123621799913403,1.26960422466348,"ENSG00000177875.5"
-3.9523953878811,4.35875375703971,-4.42747611990858,6.34417945598016e-05,0.000993482287651334,1.26524779848413,"ENSG00000211598.2"
-4.50014871379795,-0.386302995856312,-4.32409765838746,8.81006346801496e-05,0.00126172464831192,1.26057212764246,"ENSG00000173237.4"
-3.69620913699952,0.697727597833578,-4.345374573308,8.23595218929951e-05,0.00119965883078311,1.25839074578403,"ENSG00000211950.2"
-3.54790119062191,-1.4951252515179,-4.30501473430879,9.35810865289182e-05,0.0013250626631135,1.24492575384001,"ENSG00000242887.1"
-1.53792096173646,5.91433638565443,-4.473666714567,5.47435478021343e-05,0.000890217260424171,1.24473858364099,"ENSG00000173372.17"
-3.05964787922257,-2.82723464797729,-4.29369321913655,9.69884442733195e-05,0.00136117067889957,1.24092843274263,"ENSG00000254056.1"
-1.03244483658237,7.00067357102529,-4.4713827091192,5.51447589205024e-05,0.000895006741221334,1.23532505488823,"ENSG00000163541.12"
-4.44592865567371,-0.621615916188904,-4.31128162520535,9.17455468538103e-05,0.00130345158812739,1.23352218584591,"ENSG00000211650.2"
1.11740830521914,1.44437499859835,4.35719185775643,7.93305554060042e-05,0.00116505982718361,1.2301741706682,"ENSG00000164318.18"
1.08858141714378,1.71138233687122,4.36415255477857,7.75976698893434e-05,0.00115002143796199,1.23005720356246,"ENSG00000163762.7"
2.08395398774866,3.44471689363186,4.41516232024578,6.59804241131313e-05,0.00102423768421382,1.22813570103442,"ENSG00000162738.6"
1.78072023486171,0.914388203237628,4.34222843214082,8.31848015237393e-05,0.00120898533630425,1.22180653147044,"ENSG00000164742.16"
1.97589380987797,-1.92877829177644,4.2918438208983,9.75564370347093e-05,0.00136615186570828,1.21200745827987,"ENSG00000227210.2"
2.52489101828848,-1.73626053259446,4.29267342747035,9.73012452001127e-05,0.0013636084441697,1.20780882744733,"ENSG00000136531.18"
1.58205981559809,-0.512921811894134,4.30930846730213,9.23196483681183e-05,0.00130970985955523,1.20372237993369,"ENSG00000176049.16"
-3.76854856832397,2.40058780434609,-4.36424154138622,7.75757577942567e-05,0.00115002143796199,1.20239436609348,"ENSG00000211964.3"
2.2859543231182,0.46646657993325,4.32629294737207,8.74906454087408e-05,0.00125482194139266,1.20191080266945,"ENSG00000132970.14"
1.65919544444643,1.53613025859035,4.34715847514235,8.18951388572236e-05,0.00119446923830291,1.19200267382732,"ENSG00000287151.1"
-1.32618708410642,4.33754770356387,-4.43061197050247,6.28107327335504e-05,0.00098495228675149,1.19116099898643,"ENSG00000149761.9"
-4.10830050158041,2.6338367030847,-4.36325529693947,7.78189494077187e-05,0.00115235522816294,1.18840232682767,"ENSG00000211947.2"
1.42124337933693,-1.43932592532735,4.28843008906896,9.86134154215836e-05,0.00137218922835739,1.18296269724172,"ENSG00000144550.13"
2.86633117084858,-1.17139901479639,4.29095858849915,9.78294603942332e-05,0.00136710220989974,1.18209129611235,"ENSG00000229970.3"
1.82596777735717,2.45667073731937,4.3681960041794,7.66080940719448e-05,0.00113954711708996,1.17643369328883,"ENSG00000175445.17"
-3.24772303718419,-0.91415244730743,-4.28877724317209,9.85054190030844e-05,0.00137165997512392,1.17323908865616,"ENSG00000239819.2"
2.39200801370116,-2.20536047716659,4.27524447150214,0.000102802021375086,0.0014154047971067,1.17178107506026,"ENSG00000259225.7"
-1.20595791264904,2.57336379669484,-4.36846244042095,7.65433227761322e-05,0.00113949004278576,1.17132900270876,"ENSG00000110448.11"
-1.54925214511066,-0.704992226484087,-4.29283380159879,9.72519884151527e-05,0.0013636084441697,1.16784559328497,"ENSG00000176912.5"
1.49581411473773,0.100326246552761,4.30547171987471,9.34460341886874e-05,0.00132473098069661,1.16027728261715,"ENSG00000262454.4"
1.7703293393706,-1.17495514514046,4.2825357716121,0.000100464824726421,0.00139202357143902,1.15479259019877,"ENSG00000227110.7"
-3.48848586216348,2.98851418951917,-4.36413216658954,7.76026911365762e-05,0.00115002143796199,1.15447484112394,"ENSG00000211945.2"
2.42533118838498,5.8865892559873,4.43958753862015,6.10382546241586e-05,0.000969301896413589,1.15177545345228,"ENSG00000163347.6"
1.38704468242236,1.22327090011086,4.32538548555836,8.77422933714533e-05,0.00125751126011748,1.15001468401694,"ENSG00000025423.11"
-3.60135519072104,-2.28019996618847,-4.26533666752388,0.000106063160201651,0.00145063350178961,1.14647395588568,"ENSG00000100721.11"
2.29725675127428,-2.29784361211783,4.26522464324935,0.000106100603976655,0.00145063350178961,1.14517541606692,"ENSG00000237975.7"
-1.49184216303972,4.02690808304818,-4.4047934334683,6.81949752251611e-05,0.00104473740824865,1.14452768358595,"ENSG00000049283.18"
1.05421974243143,1.58660420254936,4.3306356133277,8.62961112928109e-05,0.00124314589126146,1.13852096394249,"ENSG00000144061.14"
-1.24773417309391,5.26068494430194,-4.43356692249007,6.2221701056491e-05,0.000980642018419262,1.13622221209138,"ENSG00000025708.14"
3.47586778805889,-0.678669492939563,4.28079416808287,0.000101018328233213,0.00139779221017648,1.13113387712759,"ENSG00000226320.6"
-1.83865631609841,-0.467587372251129,-4.28356267209956,0.000100139851520312,0.00138850207136296,1.12945927637898,"ENSG00000121895.8"
-1.06317476971037,6.55635714703084,-4.43777290753741,6.13926091408148e-05,0.000972517506295401,1.12533582648068,"ENSG00000148341.18"
-1.53258044171038,3.71122135636941,-4.38847261105414,7.18288472311119e-05,0.00108245686303857,1.12517214372983,"ENSG00000107872.13"
-3.83144191709442,2.16737882438644,-4.33312646721468,8.56181613382667e-05,0.00123661135706614,1.12352963243716,"ENSG00000211934.3"
-1.2243250184351,4.45532755449926,-4.41211055746462,6.66247955063933e-05,0.00103203185821566,1.12163880193032,"ENSG00000130766.5"
-1.11552827513164,6.71191016669366,-4.4350590304172,6.19263268254653e-05,0.000977448320249727,1.11892041419726,"ENSG00000100412.17"
-3.29381257661895,-2.24018581187415,-4.25349075384183,0.000110094893922948,0.00149069094630754,1.11207068388504,"ENSG00000211644.3"
2.00957412299486,2.51817102081542,4.34868148220334,8.15006977008201e-05,0.00119027986487659,1.11175272902095,"ENSG00000104177.18"
1.19324043981161,-0.119162348311599,4.28454841667503,9.98288679956957e-05,0.00138516969987517,1.10935893612598,"ENSG00000121236.21"
1.89814334491653,-1.84868567807989,4.25739585301069,0.00010874955176951,0.00147624370957558,1.10742401642467,"ENSG00000273374.1"
1.66720125690365,0.539762527394348,4.29471183859012,9.66769831806901e-05,0.0013577714414331,1.10257568330514,"ENSG00000180044.5"
-1.10655602364393,2.9798011896322,-4.35918942908941,7.88294202106679e-05,0.00116089970092562,1.10031382878085,"ENSG00000136286.16"
-3.36800044884988,9.25318038439002,-4.39954206953012,6.93441250280285e-05,0.0010551193015094,1.09628302892735,"ENSG00000211592.8"
3.62486920403393,-1.29308632036809,4.25934685069893,0.000108083437782187,0.00147076993207628,1.09399383499562,"ENSG00000171759.10"
3.19698060917662,-0.525067333143838,4.27017492887492,0.000104458234358373,0.00143373936091015,1.09074523598954,"ENSG00000188803.15"
-1.14907019819122,8.32452459561315,-4.40885568945898,6.73188390534458e-05,0.00103762040761152,1.08178395691925,"ENSG00000145425.10"
-3.69496900808828,3.586019382601,-4.35116693486264,8.0860978995067e-05,0.00118310474192335,1.07826872026801,"ENSG00000211949.3"
1.23835129879685,-1.26658776877754,4.25019006329546,0.000111244663241818,0.0015041812879442,1.06205387057133,"ENSG00000176723.10"
1.37637198250283,5.43746289949591,4.41174704995719,6.67019584031087e-05,0.00103216937367904,1.05957123266546,"ENSG00000172164.15"
-1.13040277177854,5.02703762641331,-4.4035038919661,6.8475425951699e-05,0.00104639844209588,1.05376453009134,"ENSG00000175634.15"
-1.71580766007912,1.41717104227947,-4.29623853829643,9.62119955761493e-05,0.00135317961640314,1.0530841795747,"ENSG00000079263.19"
-1.40644021487654,5.37786105529276,-4.40692094854185,6.77347361383201e-05,0.001041574303316,1.05158753064688,"ENSG00000137628.17"
-1.75263657056595,-0.299682444993552,-4.25868754448715,0.000108308092987606,0.00147157898206168,1.04663438859535,"ENSG00000253570.1"
1.87824117190056,1.28457948301588,4.29019925795489,9.80642474292141e-05,0.00136940714750511,1.03890781249414,"ENSG00000182752.10"
-1.05176877565999,4.71342835732064,-4.39289161673131,7.08266548842985e-05,0.0010714717559117,1.03825093382841,"ENSG00000157379.14"
1.31216347762223,3.96375943763267,4.37251742155134,7.5564131472366e-05,0.00112576775201156,1.03452638307042,"ENSG00000166341.8"
1.22642163441085,2.59464079603406,4.32364824530803,8.82260212930209e-05,0.00126259808282552,1.02568718337747,"ENSG00000166780.11"
-1.24191840561584,7.01968458181982,-4.40190815662387,6.8824030655491e-05,0.00105090649924576,1.02202255375156,"ENSG00000189159.16"
-1.36187692621323,10.3674689686943,-4.36125602914124,7.83142251809994e-05,0.00115619630941165,1.01915673807503,"ENSG00000206503.13"
2.25484932437115,-1.57396075763659,4.23056853548907,0.000118325381747774,0.00157601048542586,1.01822530953695,"ENSG00000233017.3"
1.89814349671542,0.772994554415341,4.26982824696289,0.000104572441400669,0.00143373936091015,1.0130517797371,"ENSG00000246859.3"
-1.33777235381288,3.80339489438469,-4.35562879268725,7.9724855848348e-05,0.00116909912024137,1.00976639828563,"ENSG00000008382.16"
-1.2083939243244,4.47743202032535,-4.3750986499793,7.49472119713799e-05,0.00111944674095107,1.00608822592388,"ENSG00000175707.9"
-1.54990986826195,-0.840343718221789,-4.23534776531097,0.000116561272268077,0.00155788003792532,1.00320844244659,"ENSG00000126264.10"
1.8388309610862,-0.458903804325419,4.24252901647826,0.000113958662276381,0.00152870661456195,1.00237967311489,"ENSG00000136541.15"
-1.14833828089351,6.01125841387445,-4.39599347966072,7.0131363650815e-05,0.0010625931342642,0.997895359697432,"ENSG00000106789.13"
1.76390835153747,0.0671582814692547,4.2494934619841,0.000111488811577634,0.00150644358359138,0.994895511924952,"ENSG00000078295.17"
-3.63883190257673,-1.07385183170916,-4.22542181446079,0.000120254256680106,0.0015941209982895,0.994324134753508,"ENSG00000211611.2"
-1.27176224949225,5.19415222453227,-4.38596006461009,7.24048432289281e-05,0.00108862680701408,0.99355892078664,"ENSG00000105552.15"
-1.18522113839439,7.53007534309112,-4.38816226764034,7.18997494425976e-05,0.00108269315481687,0.991602035461737,"ENSG00000162522.11"
1.59398254672203,-0.945829242461051,4.22737030075788,0.000119520428062107,0.0015876134909117,0.980553669349881,"ENSG00000176697.20"
-2.03759121512999,1.94478048702859,-4.28060098780737,0.000101079906461485,0.00139779221017648,0.965833391684281,"ENSG00000004468.13"
-1.31547668801165,6.39901360762765,-4.38501979570683,7.26215576340865e-05,0.00109021306200145,0.963983205009286,"ENSG00000170915.9"
-2.93405846712401,1.92750004846194,-4.27660671998393,0.000102361363506939,0.00141055911603122,0.961438203880767,"ENSG00000043039.7"
-3.22650139917561,0.64753042145219,-4.24622008329456,0.000112643099078355,0.00151785608283865,0.960768916761803,"ENSG00000269404.7"
-2.48563772765074,4.85178928153148,-4.35623412140983,7.95719281875185e-05,0.00116772995811713,0.957390296578414,"ENSG00000169715.15"
-3.4881545775489,-2.40983757141567,-4.2000281490718,0.000130229027497285,0.0016907688460921,0.957309822424047,"ENSG00000253818.1"
1.12143616128144,6.16622795089462,4.38305412098467,7.30766605505329e-05,0.00109536774216647,0.95626496196078,"ENSG00000204217.15"
1.04191250876849,1.14000550157289,4.25889436284799,0.000108237571691066,0.00147157898206168,0.956256415850567,"ENSG00000203778.8"
-1.02642412880268,3.70246796229438,-4.33453430982957,8.52372858104153e-05,0.00123424093471123,0.949466999281364,"ENSG00000166821.9"
2.84962582719243,-0.281812378999734,4.22665426773082,0.000119789587722593,0.00158906217408428,0.948100900193237,"ENSG00000204869.8"
-1.04967009513552,1.27951334174001,-4.25636053103929,0.000109104658813515,0.00147932637669279,0.942020378220834,"ENSG00000169228.14"
1.61591603306807,0.290721178353823,4.23585081716956,0.000116377084727045,0.00155746697826515,0.941322814954141,"ENSG00000179772.8"
-3.86564634227077,0.909952757307851,-4.24243005892134,0.000113994138043944,0.00152870661456195,0.937236532421525,"ENSG00000211669.3"
1.4191456666049,-1.65746310342663,4.19928515974241,0.000130532699911063,0.00169260854130708,0.928723293020539,"ENSG00000288096.1"
-3.01191000352657,2.87041863769288,-4.28894935355886,9.84519198846397e-05,0.00137165997512392,0.927078358871755,"ENSG00000111863.13"
1.92848230231253,-2.14518597028551,4.19222255229996,0.000133453980057946,0.00171798997571641,0.926054624925531,"ENSG00000173421.17"
1.34171334579699,5.33837041823082,4.36748981896522,7.67800288016518e-05,0.00114041609445847,0.92583925553194,"ENSG00000122861.16"
-2.05985840363771,-0.231197443231203,-4.21882643819508,0.000122770921715501,0.00161655251252795,0.925616778540975,"ENSG00000083454.22"
2.48387594374267,-1.60546826976693,4.19855088917665,0.000130833486785167,0.001693106175236,0.925293982494599,"ENSG00000179542.16"
1.20804268545242,1.63389334394083,4.261064743523,0.000107500208394431,0.00146618937791838,0.924553483960895,"ENSG00000091428.18"
-1.45281077194149,5.11803587899439,-4.36051992070538,7.8497355448733e-05,0.00115802795404655,0.923397218199617,"ENSG00000224051.7"
1.85837489714361,3.43717225074103,4.31620552548395,9.03280766131094e-05,0.00128704380092778,0.922213102030578,"ENSG00000124006.15"
-1.50959501572598,5.25580162933886,-4.36166138222422,7.82135591875354e-05,0.00115558028743845,0.920807343883917,"ENSG00000068079.8"
-1.41790817284307,3.90357091102828,-4.32905523440067,8.67289689831563e-05,0.0012457985124485,0.92015194046142,"ENSG00000162543.6"
-2.05720869430912,1.71575506972357,-4.25930256297934,0.000108098514338566,0.00147076993207628,0.920039358748443,"ENSG00000100628.12"
1.12675660379897,-0.502490771043583,4.2134593410576,0.000124856730022875,0.00163814284150109,0.91730907426987,"ENSG00000162873.15"
2.55074203509846,2.40888073862092,4.27967263749862,0.000101376339335977,0.00140069380480702,0.915482142948549,"ENSG00000081277.13"
1.73531519111792,-1.13645520952301,4.20125710472339,0.00012972824302748,0.00168879782965708,0.91233832438719,"ENSG00000179846.10"
-1.36088304448592,4.31093725069222,-4.33714383967408,8.45356817411592e-05,0.00122498638301343,0.907153384269273,"ENSG00000130734.10"
1.88656519862554,3.83022788043291,4.32109705096933,8.89411175558596e-05,0.00127097634897973,0.899628040754683,"ENSG00000154553.16"
2.6738399890036,-2.15607168128117,4.1813361426229,0.000138082067219453,0.00175566602458144,0.894159508916197,"ENSG00000231703.2"
2.36841179860822,-1.36158035435026,4.18957442834285,0.000134565654390533,0.00172585921603667,0.889238040960443,"ENSG00000137869.15"
-1.10328332655239,2.46278906742492,-4.27197771654935,0.000103866303655372,0.00142705168147669,0.887632266715567,"ENSG00000126882.13"
-1.88283589243372,-1.20473163759883,-4.18950854297399,0.000134593427589517,0.00172585921603667,0.886047782396709,"ENSG00000168282.6"
1.44149207742781,0.655550401253552,4.22446783457144,0.000120615139797909,0.00159782461545798,0.88528183665785,"ENSG00000269190.6"
1.63470687686271,0.48064035629628,4.22068652282499,0.000122055997339013,0.00161278599989319,0.884749592929053,"ENSG00000254122.3"
1.19323150233884,5.57701710501555,4.3553638821991,7.97918720537828e-05,0.00116920735686582,0.879901512839639,"ENSG00000132386.11"
2.36522158358524,1.55166890951709,4.24368794334582,0.000113543993803752,0.00152684742285073,0.878574067007352,"ENSG00000021645.20"
-1.38791130286852,5.82063199823568,-4.35333325895064,8.03074048322953e-05,0.00117588273274233,0.873049668210296,"ENSG00000204219.11"
-1.25851784275872,4.86063438450785,-4.34016460125509,8.37305593497278e-05,0.00121421697234524,0.87214437577094,"ENSG00000171813.14"
1.48004438723434,0.721822201642274,4.21995513391842,0.000122336621443715,0.00161300053801309,0.867564566581169,"ENSG00000158683.9"
-2.88685125557182,2.64590170959932,-4.26410915341273,0.000106474157555346,0.00145472636448092,0.866841429257043,"ENSG00000170476.16"
-1.22077619738737,4.65343409715714,-4.33299696241806,8.56532807760793e-05,0.00123661135706614,0.863914355598815,"ENSG00000131495.9"
1.721154446007,-1.01639918524446,4.18546162017742,0.00013631010992218,0.00174103974927314,0.860244828243292,"ENSG00000114279.13"
-1.67367600094226,-1.32900163291233,-4.17335022038033,0.000141576131544238,0.00179427384295819,0.843008685053045,"ENSG00000220517.2"
1.30994864156626,-0.637468066125334,4.18586268349941,0.00013613903323041,0.00173998819133991,0.842684095275715,"ENSG00000285813.1"
1.11100737164168,0.475264430986616,4.20060182005361,0.00012999502952647,0.0016900251930432,0.82563854083118,"ENSG00000261485.1"
-1.35871563825064,3.62842900722121,-4.28993005947765,9.81476163438899e-05,0.0013695958477141,0.825083902627695,"ENSG00000091622.16"
1.90393576096844,1.95638754498021,4.23524155360165,0.000116600196986806,0.00155788003792532,0.81933852417907,"ENSG00000172817.4"
-1.4099243950174,-1.16072894920596,-4.1681145654383,0.00014391345884298,0.00181568035654791,0.818920371355248,"ENSG00000168811.7"
2.42796151729618,-2.59384709429068,4.15028592103732,0.00015215789723133,0.00190498578104563,0.817365710434395,"ENSG00000138650.9"
2.75924293880882,-0.286030404147172,4.18227779102319,0.00013767564847756,0.00175277192470847,0.816626773107929,"ENSG00000018236.15"
-1.49648089966657,2.58078249483813,-4.24745456113869,0.000112206423854456,0.00151509583064081,0.806406359263802,"ENSG00000181284.3"
-1.87547375947882,2.51506893857907,-4.24408069229098,0.000113403800930526,0.0015260088682525,0.805360128112897,"ENSG00000204632.11"
-1.31341791671602,6.28370444760837,-4.33181982176253,8.59731469204052e-05,0.00123940405773637,0.800443835848752,"ENSG00000059728.11"
1.08438181747021,3.97780003072515,4.29572884445034,9.63669898925237e-05,0.00135438795973679,0.795126808136433,"ENSG00000105971.15"
-2.06494392636193,0.391364885800509,-4.18353524174103,0.000137134745119095,0.0017488883380901,0.785219423251041,"ENSG00000122188.13"
-1.02432348194318,4.34591666433778,-4.30012774186106,9.50373049633819e-05,0.00133897535120269,0.784105260197434,"ENSG00000130772.14"
-2.10596082123454,-0.986276923167068,-4.15767690273559,0.000148685763878199,0.0018674779542575,0.782834448928827,"ENSG00000173208.4"
1.81077162084,2.82963255523188,4.24717740225248,0.000112304320032548,0.0015153740526897,0.773284487228885,"ENSG00000136010.14"
2.68887780455056,-2.27200156505262,4.13833593496341,0.000157939400615205,0.0019499747408449,0.772506484790805,"ENSG00000120322.4"
1.2314494869005,1.3066152833233,4.198450048952,0.000130874847729948,0.001693106175236,0.762678889559008,"ENSG00000159164.10"
-1.70398554470022,4.4474543606311,-4.28953965617453,9.82686445225079e-05,0.00137030941999167,0.76166678108977,"ENSG00000122035.7"
-1.68278963555325,6.53398731772496,-4.31558226944592,9.05063071826507e-05,0.00128864681090999,0.755455253030072,"ENSG00000109062.12"
2.59988636457623,-3.30287104957441,4.12371518430509,0.000165304351805725,0.002018030586241,0.753067008824638,"ENSG00000101441.4"
-1.19547011409201,5.42260719517034,-4.31005026798751,9.21034067990054e-05,0.00130758826480905,0.74904248314394,"ENSG00000169230.10"
1.65024081774279,0.32689228329354,4.16984678161407,0.000143136024273509,0.00181170102769943,0.742970559549251,"ENSG00000253161.5"
-4.12898470682467,6.11479848164014,-4.28784237357343,9.87965118274999e-05,0.00137376199353898,0.738173585468862,"ENSG00000007306.15"
1.51068159676837,1.64215618593226,4.19834852205489,0.000130916503195847,0.001693106175236,0.735429088381557,"ENSG00000255874.2"
2.04322208456688,-0.801379930139628,4.14616018974803,0.00015413028197135,0.00191864158862065,0.735208738270051,"ENSG00000182263.14"
1.25695167685515,-1.1888222266082,4.14036874927373,0.000156941036393435,0.00194376876786462,0.735027432480838,"ENSG00000260306.1"
-1.89394340170794,4.44049866152097,-4.27879129243085,0.000101658548068581,0.00140360386861451,0.731297774690258,"ENSG00000151623.15"
1.65535459809145,1.10083692683201,4.18235482641882,0.000137642451348951,0.00175277192470847,0.729554269449552,"ENSG00000148935.11"
1.95943711328883,-0.448447454211167,4.1496173970398,0.000152475821220899,0.00190774789461197,0.72718603398407,"ENSG00000223749.11"
1.24437623066241,2.7019769331136,4.22860638806426,0.000119057165107899,0.00158360568460344,0.726789261109794,"ENSG00000104427.12"
2.37497708071792,1.5746720323048,4.19352451268812,0.000132910707605819,0.00171437324560506,0.726458352303996,"ENSG00000124731.13"
-1.49837048460241,5.83776669088533,-4.30293041181873,9.41994850004775e-05,0.00133060165916381,0.719735359560749,"ENSG00000172366.20"
-1.05439956794569,6.61656314019085,-4.30493523591626,9.36046000414258e-05,0.0013250626631135,0.71725260757171,"ENSG00000221963.6"
-1.21264084894587,6.55701479899521,-4.30458980290102,9.37068369758662e-05,0.00132555284686063,0.716760594540226,"ENSG00000164405.11"
2.74977908731465,-1.12908492988141,4.133831513193,0.000160173704969005,0.00197135320754697,0.716499608514704,"ENSG00000276107.1"
-1.52128070149944,5.7432243061958,-4.30031014339836,9.49825578267015e-05,0.00133897535120269,0.714076321459729,"ENSG00000117226.12"
1.24785602398866,-0.763643984388045,4.13969044599037,0.000157273482721992,0.00194542832949362,0.712735786533024,"ENSG00000154040.21"
-1.01343249357451,4.34173418180219,-4.27681271991713,0.000102294887680893,0.00141055911603122,0.711091179602592,"ENSG00000130940.15"
3.08846289097236,-0.208676059271023,4.14748955919171,0.00015349204906112,0.00191679306617345,0.710215099540011,"ENSG00000175928.6"
-3.30543122504278,-0.227139054569029,-4.14290715581017,0.000155702985217699,0.00192965406332377,0.707454227473542,"ENSG00000211952.3"
-3.90579637998002,2.58477088596139,-4.20251046178006,0.000129219448542562,0.00168449235912597,0.70311926249692,"ENSG00000211943.2"
2.05130640799302,0.171395132453885,4.14908104888227,0.000152731354998695,0.00190972636868904,0.690873284876492,"ENSG00000248690.8"
-1.14590441539311,4.41329259940064,-4.27000310580054,0.000104514822621514,0.00143373936091015,0.687401927087341,"ENSG00000171503.12"
1.12272974319168,0.550621622300602,4.15544216853153,0.000149727378017792,0.00187935657709144,0.686958329658586,"ENSG00000171056.8"
-1.27162039900404,9.7422841698908,-4.26095461471836,0.000107537505123259,0.00146618937791838,0.686613983191338,"ENSG00000131981.16"
1.74456675503995,9.23129994745874,4.2661445638257,0.000105793504899347,0.00144845492811215,0.685350501372255,"ENSG00000120708.17"
1.44385964873405,2.61775045333905,4.21075074127401,0.000125922446161661,0.00164808776999034,0.682509120766961,"ENSG00000128602.11"
-1.03591466273776,2.51682287161993,-4.20106073098002,0.00012980813675881,0.00168879782965708,0.668711927848093,"ENSG00000165879.9"
-1.51147520949925,6.5818339404486,-4.28759477442989,9.88737479950699e-05,0.00137386158978833,0.668144557061027,"ENSG00000159199.14"
-2.46851468026074,3.77578137110338,-4.2323509331538,0.000117664439414797,0.00156933945521532,0.666489126551972,"ENSG00000197766.8"
-2.37592005434378,-2.44761232237554,-4.09736076688147,0.000179432756585907,0.00214907023909005,0.663796375752985,"ENSG00000128645.15"
-1.47416163263647,4.16108759971445,-4.24563551355583,0.000112850458492345,0.00151960583049514,0.64347056556469,"ENSG00000149925.22"
1.54063411502981,-1.96631926657286,4.09735442453429,0.000179436294062553,0.00214907023909005,0.643318084139758,"ENSG00000164082.15"
1.96202853908184,0.75930013986255,4.1452759641211,0.000154556230343345,0.00192144469364021,0.642683793055797,"ENSG00000111058.8"
3.1426533789915,0.769558719155142,4.14494442490422,0.000154716234309908,0.00192144469364021,0.641261063246079,"ENSG00000158296.14"
-1.55052083640997,2.4669642028215,-4.18763994764641,0.000135383441503608,0.00173372158988879,0.636681703809765,"ENSG00000124772.12"
-1.07280319709873,5.8237134941771,-4.27655478258348,0.000102378130271979,0.00141055911603122,0.633483383346839,"ENSG00000082212.13"
2.06050558186845,1.74862930229582,4.16494408723063,0.000145347064340145,0.00183141037496972,0.626694083449543,"ENSG00000253846.2"
-2.04516278134208,-0.444670095230716,-4.11353780206647,0.000170627191516736,0.0020701217307408,0.626378877196106,"ENSG00000105366.15"
-1.23925249733141,-1.15323018475221,-4.0981880999019,0.000178971888307574,0.00214613017869009,0.613199493760756,"ENSG00000287710.1"
1.15887307176838,2.44535144734612,4.18185611215574,0.000137857502259941,0.00175394820850643,0.612545753415265,"ENSG00000122707.12"
-1.81387362538887,6.36550302930054,-4.26037648472505,0.000107733504517632,0.00146784092395601,0.588487663118721,"ENSG00000099624.8"
-1.39752692607554,1.8532145068727,-4.15265987312631,0.00015103414454405,0.00189271913978083,0.586845698177609,"ENSG00000009790.15"
-2.00419338840964,-1.3757113214114,-4.08452970078256,0.000186729809439903,0.00220942947729556,0.586166138848122,"ENSG00000181036.14"
-1.60550655045098,-1.34992900865631,-4.08478804744422,0.000186580080637439,0.00220899097885123,0.58415997661308,"ENSG00000253764.3"
1.6498276008516,1.62875011467155,4.14680113248574,0.000153822242227087,0.00191725294412223,0.582654001305002,"ENSG00000164330.17"
2.26978530329717,1.56348895383735,4.14488161337613,0.000154746565911348,0.00192144469364021,0.582318372401295,"ENSG00000232803.1"
1.45945983432656,4.0862639750841,4.22664894978935,0.000119791588967488,0.00158906217408428,0.581707383302316,"ENSG00000165424.7"
1.44628304325451,2.50591732094261,4.1724665362088,0.000141968019809609,0.00179807816304082,0.578807138747925,"ENSG00000182985.18"
-2.90657555669147,-3.02483876267534,-4.0647285747319,0.000198560112275183,0.00232138912419036,0.577868228773089,"ENSG00000271130.1"
1.05473500034024,3.9284163054414,4.22034881426251,0.000122185493499611,0.00161278599989319,0.571009454993831,"ENSG00000198853.12"
1.38759467024561,-0.662745849679315,4.09276187192207,0.000182015697756796,0.00217200229471682,0.570293887483003,"ENSG00000164604.13"
1.60728330535229,0.366150872498536,4.11195575421544,0.000171469448380832,0.00207700353271946,0.569506887331497,"ENSG00000091844.8"
1.64172631017092,-2.07452888658462,4.06992721514655,0.00019538546742877,0.00229110494880889,0.567634637344471,"ENSG00000236304.1"
1.31536037345136,0.688064886390982,4.11772309279466,0.000168418370266166,0.00204712372438838,0.566510519981541,"ENSG00000111199.12"
-2.32383123059176,0.170054576347808,-4.10396635019063,0.000175785040760167,0.00211827996874237,0.5647526620044,"ENSG00000133328.4"
-3.03653184285247,-2.45760893789706,-4.06375922551558,0.000199157582304727,0.00232698662614212,0.56422371402433,"ENSG00000211904.2"
-1.05453310295498,4.16796835229998,-4.22213700537782,0.000121501322047375,0.00160847732617206,0.562337961348141,"ENSG00000107902.14"
-1.80133973024831,8.56979711457632,-4.23511572478939,0.000116646327434172,0.00155788003792532,0.561078463910641,"ENSG00000165949.12"
1.31335212335681,2.43005055950614,4.16395349632534,0.000145797827778104,0.00183473184301509,0.560682684518929,"ENSG00000169902.15"
-1.22605073708442,6.11698025615006,-4.25279649982831,0.000110335764858433,0.00149292132906448,0.559251872468224,"ENSG00000176454.14"
1.80787762200631,3.08832496804499,4.18370227861387,0.000137063048720132,0.0017488883380901,0.556161152821896,"ENSG00000196569.13"
-1.1243497951489,4.25690303583305,-4.22184353393692,0.000121613349009019,0.00160887403554036,0.554154916280279,"ENSG00000182378.14"
1.83586739143829,6.00191445419872,4.24654782027377,0.000112527006406018,0.00151733458569215,0.549139755422606,"ENSG00000079308.19"
2.17579277673058,0.293909087818501,4.10161525814276,0.000177075010427361,0.00212989733401156,0.543644828618043,"ENSG00000198774.5"
1.53327551045351,2.74538311707036,4.16868939345219,0.000143655015907566,0.0018147553104921,0.543446933183856,"ENSG00000131435.13"
1.00315891792567,2.60850925589418,4.16396546885987,0.000145792371617115,0.00183473184301509,0.541851750655243,"ENSG00000157554.19"
-1.38796045344759,1.3024077359878,-4.12183724744667,0.000166274216239309,0.0020286075193453,0.539882977930367,"ENSG00000167077.13"
-1.04978185103541,5.41586049051091,-4.24061137188161,0.000114648049416149,0.0015353754486701,0.535573116992784,"ENSG00000055950.16"
-2.54136412137524,1.61338034212611,-4.12610390950067,0.000164078640780124,0.00200981977946817,0.531950717642268,"ENSG00000137265.15"
-1.60004707084168,-0.362173894347318,-4.08262533767109,0.000187837122305503,0.00222030074058518,0.529855373407065,"ENSG00000242114.6"
1.54684845927907,6.1119048421787,4.24189221391444,0.000114187141139892,0.00153024818126365,0.529210359388314,"ENSG00000107796.13"
1.53138268782844,3.22380205832341,4.18027591587623,0.000138541063701706,0.0017603603985325,0.527468048771893,"ENSG00000088882.8"
1.04959251550854,4.73269159173976,4.22806426064505,0.00011926012859014,0.00158522988551748,0.527043362807168,"ENSG00000104369.5"
-3.96625236947078,2.10873768015222,-4.13140870787128,0.000161388168095695,0.00198256668150639,0.525448084524479,"ENSG00000278196.3"
1.5992398110426,-1.71229502122634,4.05807829893591,0.000202694366369728,0.00235987277140433,0.519121347331744,"ENSG00000170681.7"
1.59990719037616,2.4131154128416,4.14658703063139,0.000153925073747176,0.00191731575342258,0.51117937417249,"ENSG00000128849.11"
-1.33527954091846,2.31345762113635,-4.13972008391767,0.000157258942431717,0.00194542832949362,0.507051571610325,"ENSG00000184979.10"
1.23541029335097,-0.339905997137547,4.07690680635861,0.000191200725129303,0.00225146031044151,0.506964977960653,"ENSG00000286724.1"
1.34213807969618,3.69800135100314,4.19018454927661,0.000134308730264373,0.0017249821201246,0.505739387404118,"ENSG00000131773.14"
-1.07375459171462,4.81716069371326,-4.22021174887129,0.000122238090168381,0.00161278599989319,0.505572195166213,"ENSG00000173540.14"
-1.44351869556403,5.66559480002763,-4.23098185591183,0.000118171794044801,0.0015750348022042,0.504232442798408,"ENSG00000167969.13"
-2.76680547936929,2.0065412613519,-4.12547770476028,0.000164399103157709,0.00201199052216606,0.500685255020485,"ENSG00000110777.12"
-1.15785565543725,6.16844950332153,-4.23269296587049,0.000117538020459299,0.00156872050995576,0.496815684955481,"ENSG00000139044.12"
1.70180573493939,-2.13393459955364,4.04381363131417,0.000211846253093968,0.00243461760736245,0.494361309497138,"ENSG00000268529.1"
-3.50087126568103,2.75120798105719,-4.13907371811385,0.000157576344911877,0.00194671822201781,0.492443887108625,"ENSG00000073737.17"
2.2908252896785,-2.02509175666988,4.04310838350724,0.000212308986353521,0.00243707844639762,0.487932378379134,"ENSG00000160321.15"
-2.57173166229839,-2.86073432545067,-4.03338279893108,0.000218791204058984,0.0024939653178956,0.487102040393777,"ENSG00000253763.1"
1.9700049554277,-1.30187685801114,4.05243139879684,0.000206270410662375,0.00238874050292175,0.485065429432761,"ENSG00000243004.6"
-1.56669081095113,-1.10883322600715,-4.05186843955515,0.000206630260516234,0.00239149521114598,0.477467658553524,"ENSG00000188095.6"
-1.01724613026513,4.63617281853491,-4.20674593801164,0.000127514427173953,0.00166669857278168,0.475933543684693,"ENSG00000166582.10"
-3.88997598874788,1.11109522369927,-4.09090510615967,0.000183068752376752,0.00217996661255057,0.473458933958759,"ENSG00000276775.1"
-1.08332947991847,4.1529717608533,-4.19171591271143,0.000133665971229978,0.00171894091557571,0.473001979639246,"ENSG00000163702.20"
-1.29098843174531,5.0667949257411,-4.21259641951433,0.000125195294121427,0.00164076132121972,0.471452906051705,"ENSG00000168476.12"
2.57220431308328,-1.54603054847007,4.04081993658444,0.000213817272659325,0.0024500885141781,0.462915416684039,"ENSG00000057593.14"
1.16878371989822,4.24729282833543,4.19278097660457,0.000133220700370439,0.00171611370004128,0.459463848777557,"ENSG00000122778.10"
-1.27660961387087,6.30445592120952,-4.21807911813862,0.000123059302761969,0.00161926220802092,0.453260835526526,"ENSG00000148334.16"
1.42767180022385,-1.74272725120464,4.03418782215486,0.000218247431400652,0.00248921415941896,0.451172450198999,"ENSG00000169495.5"
-1.51501002392907,2.18112147347849,-4.1156673749539,0.000169499793477508,0.00205899191506816,0.448273406101182,"ENSG00000168421.13"
-1.91391707932899,-0.806551081585602,-4.04417863824133,0.000211607146442627,0.00243343274473336,0.441596554374411,"ENSG00000186265.10"
-3.5056168803911,3.6888262688591,-4.14370887703861,0.000155313942814656,0.00192726909039503,0.43791305798486,"ENSG00000211673.2"
3.19321376319579,-1.17059109225469,4.0368234724216,0.000216476283188722,0.00247621587409457,0.436467197099592,"ENSG00000140093.10"
1.71923550227101,-1.90454165731795,4.02525335797919,0.000224356674049035,0.00253505372458433,0.432092073151668,"ENSG00000262576.3"
-1.08155259641828,5.96881084175651,-4.20949430299251,0.000126419805641787,0.00165349346858765,0.427540235405271,"ENSG00000160190.14"
1.31653143422311,0.194626549690818,4.05913022972278,0.000202034892601145,0.00235499173860764,0.424741202255396,"ENSG00000169330.9"
-1.03655841109135,3.40431882833762,-4.14821408948664,0.000153145284628572,0.00191368161276468,0.415506872756564,"ENSG00000176273.15"
-1.96520703113705,-2.60741692656806,-4.00891718512486,0.000235959138295057,0.0026312677388828,0.414135539271523,"ENSG00000267156.1"
-1.14989492884943,5.02663237073477,-4.19325128893588,0.000133024537431316,0.00171471339965706,0.412595243510093,"ENSG00000150779.12"
2.52246688684285,-0.772044453439079,4.03569509519461,0.000217232833620882,0.00248139568529638,0.412184329403858,"ENSG00000231881.2"
1.30818380533569,2.27495362787523,4.10865762104144,0.000173238345611223,0.00209273629331709,0.411066878611695,"ENSG00000166086.13"
-1.08321797477523,4.43973313315833,-4.17860072647423,0.000139269322800875,0.00176846783862303,0.407339263069925,"ENSG00000100417.12"
2.25086645819998,-1.5027694784295,4.01808497757506,0.000229378036284641,0.00257866157075497,0.395112145397481,"ENSG00000261051.1"
-2.82394733667352,-2.06677322213968,-4.0075334028737,0.000236968271127126,0.00263606828357416,0.393196678348532,"ENSG00000240505.9"
-1.00871959892109,1.88120772782337,-4.08711323617796,0.000185237723769062,0.00219707853128628,0.388544670247255,"ENSG00000140368.13"
2.72978553739724,-1.56277921830935,4.0136715891817,0.000232523638071544,0.00260065814135429,0.385207783200944,"ENSG00000231252.3"
1.94928612690901,-1.77756375240313,4.00939561179623,0.000235611213496671,0.00262913685362306,0.381317948428635,"ENSG00000249628.3"
-4.02133178183721,-0.662975451190104,-4.02079704636383,0.000227465566582812,0.0025600975306674,0.379087962407681,"ENSG00000211639.2"
2.15631260920573,-0.191933760040388,4.03539367031859,0.00021743536607871,0.00248139568529638,0.378687156111072,"ENSG00000233117.4"
1.39679361430191,3.25029761021106,4.13151968813743,0.000161332342457903,0.00198256668150639,0.378599550113665,"ENSG00000152926.15"
3.02465182861243,-1.11841357633138,4.01715468712326,0.000230037637389352,0.00258015899236593,0.37686269985348,"ENSG00000099937.11"
3.18884353363779,-2.05417179098552,4.00374830939181,0.000239750019754723,0.00265717291538219,0.375515286018611,"ENSG00000249743.6"
1.71136178795463,3.49890352969514,4.13687513215229,0.000158660650521791,0.00195518586683233,0.372451123340586,"ENSG00000164116.17"
-1.03586107677227,3.60047888769821,-4.1392432780208,0.000157493021045151,0.00194671822201781,0.369396323262329,"ENSG00000085840.13"
1.08809671482023,3.09174592514549,4.1200194544751,0.000167218291466339,0.00203758969700997,0.358607845032227,"ENSG00000147408.14"
1.72994865939631,-2.66654769198071,3.98739459082189,0.000252137240495316,0.00276476663151631,0.35116843812362,"ENSG00000235890.2"
-1.82733473266245,4.20671982740449,-4.14714041500297,0.00015365942431638,0.00191725294412223,0.350596797446068,"ENSG00000204128.6"
2.8607788645449,-0.322649608615811,4.0223824559332,0.000226354761847281,0.00254994703184472,0.349970535019925,"ENSG00000106511.6"
1.47858036004858,-1.13101249728157,4.00876407660791,0.00023607058822273,0.0026312677388828,0.349316412813227,"ENSG00000234380.2"
1.99093585185841,-1.36443783216648,4.00417599933071,0.000239434120046224,0.00265520095138477,0.348289821780088,"ENSG00000247809.9"
1.68152776954712,1.04664227371622,4.04886397505033,0.000208561084147481,0.00241099564610585,0.338636276296025,"ENSG00000124116.19"
1.51408455599749,2.81253064911082,4.10121168486158,0.000177297362123356,0.00213126430520571,0.334903300006419,"ENSG00000170961.7"
1.39460814822095,5.05603205509766,4.16836215200941,0.000143802088338271,0.00181544349256931,0.333889777658377,"ENSG00000075275.18"
-1.25725417569217,5.94433221247311,-4.17633102799019,0.00014026198624812,0.00177957545850728,0.329709396836813,"ENSG00000130762.15"
-1.10787755574497,1.23430202076106,-4.04794458385768,0.000209155426386079,0.00241527502330735,0.326240796142272,"ENSG00000103522.16"
1.68114333846125,3.21734100123111,4.11079986927831,0.000172087378444729,0.00208268218628849,0.322074829331171,"ENSG00000254726.3"
1.03234610590447,2.86105346995534,4.09842424041061,0.000178840556851709,0.00214586778313011,0.319276818702056,"ENSG00000151474.23"
-1.03265132304325,4.84990760519633,-4.15848213271787,0.000148312176526946,0.00186397982883801,0.315067382731636,"ENSG00000006025.12"
1.54348783725062,0.318417548755383,4.02418108910759,0.000225100939238381,0.00253931473803665,0.315030960302959,"ENSG00000171533.11"
1.06652781163296,0.534590092955373,4.02654438444577,0.000223463738050217,0.00253162027022182,0.308665375100435,"ENSG00000271971.1"
2.12114664168739,-1.49141444525252,3.98688101242074,0.00025253613986995,0.00276759282185033,0.30451175080457,"ENSG00000116690.13"
1.66651567250928,6.48479798568809,4.16732453173598,0.000144269397347065,0.00181900051729038,0.304473545340201,"ENSG00000139289.13"
-1.05893642701295,4.91411834925708,-4.1537518468073,0.000150519956472715,0.00188809613986184,0.297543538710955,"ENSG00000148343.18"
1.08696488216677,-0.071141140578637,4.0078672713663,0.000236724412539104,0.00263555867816109,0.290636751412564,"ENSG00000257599.3"
1.01606550394917,3.91524658064788,4.12489160858492,0.000164699591553576,0.00201373347106215,0.284329717299206,"ENSG00000162105.19"
1.78081924207713,-0.0683985298984007,4.00443798430284,0.000239240812617606,0.00265520095138477,0.280898490447514,"ENSG00000143847.15"
1.43563904373615,-0.608858028503496,3.99388384618438,0.000247149349390298,0.00272453596935996,0.279851117790886,"ENSG00000118402.6"
1.77799045977313,2.71875571632336,4.07771404027681,0.000190722390732838,0.00224717739946395,0.277111658304292,"ENSG00000143995.20"
-1.37235085308188,1.66096280521973,-4.0415532171046,0.000213332847280942,0.00244632631626019,0.274562585298368,"ENSG00000135697.10"
-1.25028428010605,1.09691793315705,-4.02609634937209,0.000223773229026544,0.00253162027022182,0.272720147143948,"ENSG00000235505.7"
1.50005630876916,3.23121296344755,4.09423227620917,0.000181185947196441,0.00216473594194602,0.269775801917707,"ENSG00000117114.20"
-1.6011300731217,3.46531314097566,-4.09702352316899,0.000179620950096583,0.00214980827349197,0.268980819037558,"ENSG00000233493.4"
-1.1887890951308,5.10295372075777,-4.14322558110277,0.000155548353065959,0.001928956995706,0.257601444564684,"ENSG00000127666.10"
1.75841596546756,-1.16931699469256,3.97360737115718,0.000263060818353651,0.00285106158354985,0.250358887371942,"ENSG00000197291.9"
-2.86226529269039,-2.9726984077748,-3.95025688618984,0.000282616408873688,0.00302290087963859,0.249454074640376,"ENSG00000253274.1"
-2.93756610356055,-2.90330517619978,-3.95064485292939,0.000282280270127325,0.00302095358958315,0.248861402341577,"ENSG00000271569.1"
-1.61997552877863,8.10526118148126,-4.13692329088339,0.000158636821838564,0.00195518586683233,0.246994595527422,"ENSG00000204385.13"
-1.07804636013336,4.7380043183748,-4.12871029992382,0.000162751329611798,0.00199681011787792,0.235242125868203,"ENSG00000167130.18"
2.13301106861722,1.42457978634628,4.02226963919813,0.000226433631665901,0.00254994703184472,0.231251117740258,"ENSG00000198626.17"
-1.36451167041005,0.87596788791091,-4.00643387902278,0.000237773091409755,0.00264273198989777,0.230894608364586,"ENSG00000138378.19"
-2.59288046742744,4.42120482175881,-4.10339599135575,0.000176097136349195,0.00212073738038225,0.227517724564231,"ENSG00000156966.7"
1.72663110504354,-0.164927018323356,3.98319206577626,0.000255419409729355,0.00278828115097647,0.224800481208621,"ENSG00000138336.9"
-2.17734350716947,0.432490280562371,-3.99234832251722,0.000248320894661648,0.00273208723947041,0.221653889157901,"ENSG00000108242.13"
-3.66419730179906,2.02253001297031,-4.026376736792,0.000223579496000646,0.00253162027022182,0.216499390886117,"ENSG00000211640.4"
1.50451037230636,-1.3349809710748,3.95887661079648,0.000275238831595433,0.00296135891218339,0.215598117832711,"ENSG00000143028.9"
-3.29661372169434,-1.19543934156421,-3.95417943584138,0.000279235659528444,0.00299654862655428,0.20839828927483,"ENSG00000243063.1"
-1.06766443442632,-1.538083235851,-3.95151705312203,0.000281526000092628,0.00301452690213876,0.206335609621814,"ENSG00000260352.1"
-1.71745428226074,-0.618244206962491,-3.9639055255652,0.000271021199304907,0.00292279517798241,0.198730787066655,"ENSG00000262583.1"
-3.76191039780049,2.31704488994176,-4.02574968630661,0.000224012980380303,0.00253287110342342,0.194156480076106,"ENSG00000224650.2"
1.33841070846099,0.509513551307817,3.98545174888384,0.000253649482159577,0.00277668997611427,0.19026240513348,"ENSG00000175352.11"
1.09409835986449,4.88955461788991,4.11908527860156,0.000167705484654174,0.00204098928127234,0.189921721508831,"ENSG00000115594.12"
-1.39989111702655,3.54061136938089,-4.07405464049189,0.000192900160540423,0.00226602788948804,0.187190444427894,"ENSG00000198133.8"
1.52551468631686,2.23844238311153,4.03038310550397,0.000220829028463129,0.00251358366886112,0.183066842986555,"ENSG00000249242.8"
-1.08881239361164,-0.873792745822449,-3.95437258144137,0.00027907020855744,0.00299641320316384,0.181982131521489,"ENSG00000105255.11"
-1.10288557655564,6.93836675572066,-4.12602454528851,0.000164119222020226,0.00200981977946817,0.179523220695649,"ENSG00000159720.12"
-1.11833646518715,5.63247155893522,-4.12479935315282,0.000164746939079042,0.00201373347106215,0.179361390478235,"ENSG00000175567.11"
2.11430896447561,2.35713118778594,4.02987144635659,0.000221178456071629,0.00251386945492195,0.171597775360847,"ENSG00000185842.15"
-3.00493037712245,-2.66737328777524,-3.92466107131134,0.000305670783471191,0.00321684454145796,0.170561869024101,"ENSG00000211665.3"
-1.76473542491215,-0.342237540620015,-3.95919400334551,0.000274970771468576,0.00296050353949088,0.170111525086093,"ENSG00000265206.5"
-3.34916788338155,-1.00031557069217,-3.94001318207825,0.000291633324090768,0.00310688401091676,0.15902118196977,"ENSG00000254395.1"
1.25140005645502,1.7869000791622,4.00743650775298,0.000237039089255394,0.00263606828357416,0.157494730022727,"ENSG00000180543.5"
-1.0048974055128,4.98028211405015,-4.10824439502465,0.000173461219694366,0.00209413834564516,0.156445037874124,"ENSG00000176974.20"
-3.08400190941856,7.79003279175061,-4.10568773315335,0.000174846372769061,0.00210826444311821,0.154293199997356,"ENSG00000148346.12"
-3.65523448844822,1.8295822147322,-4.00011388963755,0.000242450839940099,0.00268255709247494,0.152778324487069,"ENSG00000211937.3"
1.03291936605039,7.20445330221076,4.11325029421231,0.000170779956256791,0.00207069376769985,0.147517725077755,"ENSG00000127603.30"
1.49216087980954,-0.289456210115916,3.9536393483385,0.000279698810088329,0.00299823667063519,0.146142509827032,"ENSG00000164309.15"
1.51396136078765,3.89888523946792,4.0738155798185,0.000193043267504565,0.00226635107945779,0.140329805105277,"ENSG00000146477.6"
1.11623688855509,3.38334585378473,4.05672823219617,0.000203543811948407,0.00236516103053889,0.138342898238672,"ENSG00000147650.11"
-1.87956816619334,3.09977408740733,-4.03883927343334,0.000215131099589669,0.00246370346878216,0.137869460708902,"ENSG00000178828.7"
2.16661919130949,-1.11419512661607,3.93194264031065,0.000298933037596263,0.00316291480578107,0.129085203958333,"ENSG00000173406.16"
-2.77569453390093,2.63171835659049,-4.01764055447579,0.000229692914938964,0.00258015899236593,0.128931864496805,"ENSG00000113303.12"
1.12676541796854,3.38040910911962,4.05320938336958,0.000205774116052777,0.00238440148896616,0.128614531808243,"ENSG00000143702.16"
-1.66012293042746,6.75408786752741,-4.10747153793924,0.000173878810183732,0.002097887970746,0.12556648133774,"ENSG00000167996.16"
-1.04834018838314,3.50172097267331,-4.05332844444928,0.000205698266618443,0.00238440148896616,0.122568545815001,"ENSG00000175482.9"
1.82266461632733,4.99114939802066,4.0933297015849,0.000181694833938635,0.00216949385761321,0.116889475603724,"ENSG00000165816.13"
-1.15529120901253,4.33005134973437,-4.07638149442194,0.000191512629988362,0.00225377948592547,0.11262418563754,"ENSG00000103495.14"
-1.71654144828001,-1.45266279225031,-3.91874082676651,0.000311257062042418,0.00325988566154041,0.110967271403118,"ENSG00000198574.6"
1.00582647684727,2.40512263485754,4.00965535057969,0.000235422533012224,0.00262852743863192,0.104965667257201,"ENSG00000037280.16"
1.53724164113653,-1.86555983202003,3.91110225929804,0.000318610951233583,0.00331922444012183,0.103496908721398,"ENSG00000254810.1"
1.01635035304399,3.78044525530549,4.05923201667576,0.000201971191314761,0.00235499173860764,0.102061634362968,"ENSG00000107560.12"
1.51446411023255,-0.891604484376685,3.92612388898558,0.000304305516469975,0.00321044138061469,0.0993713932337332,"ENSG00000285872.1"
2.35486208011603,-0.477917865087452,3.93310377753182,0.000297872005675679,0.00315850651340041,0.0991114103474677,"ENSG00000203814.6"
1.94076163403077,-1.33288444280722,3.91778157258955,0.000312171461691166,0.00326771685953925,0.0985329956101495,"ENSG00000169302.16"
-3.7276536925225,1.63885351194596,-3.97479598289161,0.00026210129040613,0.00284538089684529,0.093414337416041,"ENSG00000211965.4"
-3.59616140504565,-1.79360008164349,-3.90465095083663,0.000324952611125489,0.00337269502050097,0.0904970627000763,"ENSG00000240041.1"
1.14410677888051,6.02711937367019,4.09685114486582,0.000179717217191336,0.00214980827349197,0.0876160851609598,"ENSG00000068650.18"
2.36307268582742,-2.56766387985824,3.89585962591067,0.000333791531239561,0.00343986431188795,0.0864875453361105,"ENSG00000177519.4"
1.47894066300693,-2.54741597859682,3.89507859220224,0.000334587952625709,0.00344534212141788,0.0848796249452892,"ENSG00000214832.5"
-1.005256263871,5.82117423790181,-4.09080117770193,0.00018312786957415,0.00217996661255057,0.0717353370361096,"ENSG00000182117.6"
-1.04940463252519,6.66621229867721,-4.09146243346139,0.000182752046601425,0.00217813776636325,0.0716291552924435,"ENSG00000185033.14"
-1.12682292635725,6.98306758812797,-4.08911437124627,0.000184089968165019,0.00218743510051113,0.0697581362977822,"ENSG00000123416.15"
-2.79835205415737,-0.253322171996393,-3.9239149458123,0.000306369434937279,0.0032207394859948,0.0680025145488026,"ENSG00000211898.7"
1.85631478160225,1.7986954856376,3.977107406661,0.000260245060133856,0.00282993047641951,0.0674897758772852,"ENSG00000183960.9"
1.93984840953701,-1.78309749887815,3.89940287694121,0.000330201455196415,0.00341092188123336,0.0666426529838597,"ENSG00000151967.18"
1.32643160314529,7.82788157529425,4.07819593166185,0.000190437395916038,0.00224516872178584,0.0632221028364315,"ENSG00000142156.15"
-1.21679124620276,5.32239941295728,-4.0803819474437,0.00018914975664405,0.00223132980069991,0.0586687953247509,"ENSG00000180448.10"
1.65781260729832,-1.52965633944243,3.90002867824369,0.000329571279017831,0.00340980184507841,0.0568657248124165,"ENSG00000269934.3"
1.13003666450519,4.29099645658567,4.05876755016612,0.000202262026929183,0.00235623844324039,0.0531846567969394,"ENSG00000164949.8"
-1.08720105066926,3.67724466760884,-4.03570563009547,0.000217225758357595,0.00248139568529638,0.0528367433298147,"ENSG00000100092.24"
-1.06722352826592,4.25913400754563,-4.05454449462635,0.00020492511956135,0.00237737390184605,0.0522076231489699,"ENSG00000127540.12"
1.67034564038556,0.957308017304842,3.94812920008827,0.000284466768318369,0.0030393762722888,0.0509393539616623,"ENSG00000196335.13"
1.37685476023942,4.86845417003157,4.07041811109655,0.000195088254492379,0.00228898881961555,0.0493809397572278,"ENSG00000112531.17"
-3.51333392446645,2.52493913522586,-3.98254199127928,0.000255930804205572,0.00279230904132134,0.0481563018690672,"ENSG00000224373.3"
1.33294521848735,1.05996472903711,3.94896180354072,0.000283741294051139,0.00303327797773535,0.0462402662129691,"ENSG00000100842.13"
-3.76199110860553,1.50038754714389,-3.95484678368913,0.000278664403790282,0.0029936955072396,0.0461631157316695,"ENSG00000211955.2"
-1.36195456309869,6.18464935913518,-4.08134891631425,0.000188582881874601,0.0022259819277745,0.0428552716013657,"ENSG00000159189.12"
-1.51511663544788,2.66485621419844,-3.9937941158255,0.000247217662424328,0.00272453596935996,0.0422328837741448,"ENSG00000162174.12"
-1.00281288417872,6.26424564653177,-4.08236613435511,0.000187988331601112,0.00222030074058518,0.0418759541862217,"ENSG00000110047.18"
-1.3486619684466,0.203335562748332,-3.92587502139757,0.00030453737021323,0.00321044138061469,0.0407627406157269,"ENSG00000280071.4"
-3.28696745712395,-1.03365823032938,-3.895928336531,0.00033372155477115,0.00343986431188795,0.0343229068465218,"ENSG00000211632.4"
2.20864765533975,-1.93049672092692,3.88512017603112,0.000344905166086533,0.00352015132029805,0.0320148278935273,"ENSG00000118194.20"
-1.5999495806954,3.22097970665938,-4.00846821457095,0.000236286095280333,0.00263217340003762,0.0308993600367584,"ENSG00000161955.16"
3.14613342103852,-0.83335724788525,3.90106474198844,0.00032853053037437,0.00340442366729381,0.0292005731814866,"ENSG00000127083.7"
2.07583505577521,-2.27543239506331,3.87756724054667,0.000352934817712959,0.00357604136231539,0.0242704535399882,"ENSG00000288585.1"
-1.3770807438918,0.406763234326781,-3.92359298420275,0.000306671388389816,0.00322218608830157,0.0215071848334212,"ENSG00000272449.2"
1.7096028631238,4.3421426975934,4.04598043423316,0.000210430671601754,0.00242545781741563,0.0212851131260114,"ENSG00000158555.15"
1.84682873510678,-1.8055048273282,3.88196974903106,0.000348232717807515,0.00354306923615244,0.0180825432765221,"ENSG00000154548.9"
-1.435859197462,7.29694410196872,-4.06845588032957,0.000196278925479471,0.00229745947041821,0.0165670275963139,"ENSG00000135940.7"
1.38630435277607,8.1478441152886,4.05690256490487,0.000203433929771783,0.00236516103053889,0.0113361094961553,"ENSG00000142173.16"
-2.05925720516037,0.528695457662239,-3.92179568457573,0.000308362298140116,0.00323529918041683,0.0105412030059888,"ENSG00000283288.1"
-1.50856512175827,6.48997953605912,-4.06924904210542,0.000195796791262596,0.0022945558215747,0.00813335749277666,"ENSG00000105289.15"
-1.11077598261637,5.76614467387616,-4.06848196629013,0.000196263050439322,0.00229745947041821,0.00717114701210697,"ENSG00000198055.11"
-1.44975241396186,3.67349796470152,-4.01717674921768,0.000230021973475277,0.00258015899236593,0.00574126724861035,"ENSG00000204252.14"
-1.53199574606182,3.87957352893088,-4.02394240926012,0.000225266933528003,0.00253972599123061,0.00374917888208159,"ENSG00000166510.14"
1.15068170420123,7.24765910200781,4.06356243043271,0.000199279092469261,0.00232701958722593,0.000917791558634917,"ENSG00000163453.11"
-1.53153474576488,2.62074987187829,-3.97760970971419,0.000259843366134228,0.00282713043086997,-0.00112409424796578,"ENSG00000078596.11"
1.25164600306653,-1.36915311983696,3.88153739030723,0.000348691801507893,0.00354403911890293,-0.00418077851928711,"ENSG00000008118.10"
1.66444593296882,2.91277388135458,3.98777946654108,0.000251838705945824,0.00276303842684601,-0.00952266749317499,"ENSG00000196159.14"
2.44389987970775,3.21757384649801,3.99211561515202,0.000248498910829696,0.00273251242048627,-0.0166184365523208,"ENSG00000188783.6"
-1.52684045486998,0.542539702964992,-3.91256504908743,0.000317189776940697,0.00331317142605184,-0.0188057022602708,"ENSG00000163121.10"
1.64009737527628,4.18981864916666,4.02674576966591,0.000223324761793949,0.00253162027022182,-0.0224215382872321,"ENSG00000131016.17"
1.82307061758993,3.52652956802638,4.00417254964549,0.000239436666431107,0.00265520095138477,-0.023709483183735,"ENSG00000169247.14"
-2.04778119951524,6.1714631231584,-4.0551537040082,0.000204538855251758,0.00237429768861218,-0.0241381763628832,"ENSG00000162366.8"
1.15721350921952,-0.800563094215886,3.88341165937327,0.000346705903099791,0.00353301244083914,-0.0280759611184571,"ENSG00000259863.1"
-1.2481824339461,5.97082362411685,-4.05658977292858,0.000203631124122699,0.00236516103053889,-0.0303956604617159,"ENSG00000090020.11"
2.50427843659556,-0.773059987039033,3.88196764600827,0.000348234949406598,0.00354306923615244,-0.030502000417659,"ENSG00000226383.7"
1.44343320008426,-0.870814596687165,3.87924324572194,0.000351137564541916,0.00356151220403974,-0.0357890110858419,"ENSG00000227885.3"
-2.58634119418325,-1.08410255067477,-3.87186629983682,0.000359115039496465,0.00361623495858639,-0.0364877105325876,"ENSG00000132704.16"
-1.02125979410051,3.1086257562039,-3.98379917810612,0.000254942707409331,0.00278490351736391,-0.0399685854124812,"ENSG00000165948.11"
1.83559779028554,2.79974559477008,3.97287039524325,0.000263657465015562,0.00285594931441718,-0.0418746656729025,"ENSG00000178053.20"
-2.27406269221091,-0.880511268136615,-3.8738439920775,0.000356959316513173,0.00360192710219108,-0.042837426470606,"ENSG00000211829.9"
-1.05682348529207,5.38972829645553,-4.04714468497647,0.000209673860677033,0.00241957958353968,-0.0455864798430703,"ENSG00000176845.13"
1.45545973567299,0.754167258913573,3.90945831344501,0.000320215485382055,0.00332881484962914,-0.046391747320091,"ENSG00000253304.2"
-1.23813485801922,7.8667561701423,-4.04150574817533,0.000213364174273433,0.00244632631626019,-0.0480133354158401,"ENSG00000215021.10"
1.72544012015029,0.887211614594546,3.91110471925332,0.000318608556095493,0.00331922444012183,-0.0513371720769822,"ENSG00000262370.6"
-1.66155326689175,4.42966242224684,-4.01929078334906,0.000228525818811264,0.00257055490740886,-0.0513970218168476,"ENSG00000165644.11"
1.23087298697101,3.7832615011192,4.00607922111867,0.000238033256267231,0.00264412465856959,-0.0527007709207004,"ENSG00000144668.12"
-1.82468392696924,7.25360092243276,-4.04431185715222,0.000211519943469111,0.00243343274473336,-0.053327612323387,"ENSG00000128311.14"
2.31948592972788,-1.65896890337634,3.8569311374318,0.000375806168738807,0.00376113105885301,-0.0591186625421862,"ENSG00000053108.17"
-3.12159171199107,-1.85530474380566,-3.85100365899809,0.00038263638733554,0.00381973982184348,-0.0595606838644125,"ENSG00000251039.2"
-3.16182714434477,0.482023675254034,-3.89023964642155,0.000339563379985678,0.0034892450880499,-0.0723185833011657,"ENSG00000211625.2"
-1.15769608170658,4.9555389293491,-4.03015336491049,0.00022098585895369,0.00251358366886112,-0.0730319671145168,"ENSG00000171219.9"
-2.98381039371982,-1.14452611475247,-3.8567352658573,0.000376029975885979,0.00376145087103087,-0.0734978534431123,"ENSG00000223350.2"
1.01898290067281,4.71480450983096,4.02627786438242,0.000223647793064758,0.00253162027022182,-0.0775529741744148,"ENSG00000102595.20"
-1.21042182236141,4.95563241056409,-4.02509763088853,0.000224464616233724,0.00253505372458433,-0.0870666543012826,"ENSG00000120162.10"
1.58973372423208,3.06723752998184,3.96702314738567,0.000268438055507918,0.00290041767007285,-0.0879876617693638,"ENSG00000169851.15"
-3.381413372609,0.391366337928351,-3.88157758392842,0.00034864909876321,0.00354403911890293,-0.0893955804018027,"ENSG00000211967.3"
1.93756495464354,0.450592630913198,3.88750518947859,0.000342406542941194,0.0035129370386735,-0.0894191649305158,"ENSG00000177839.7"
-1.16069194589275,5.29378000258975,-4.03058304343035,0.000220692630466902,0.00251358366886112,-0.0894261856637817,"ENSG00000107738.20"
1.33597184313028,1.05431698726558,3.89967322929839,0.000329929069892465,0.00340990476769197,-0.0961024061311679,"ENSG00000183570.16"
-1.01569376057253,6.49800849983419,-4.03551708974216,0.000217352416327255,0.00248139568529638,-0.0971765605687409,"ENSG00000116221.15"
-1.44981779515579,4.73525376946726,-4.0134799888097,0.000232661143524198,0.00260065814135429,-0.0989447947809339,"ENSG00000183617.5"
-3.09894392940714,4.81163421259512,-3.99673719076823,0.000244986581293082,0.0027029864450378,-0.099478570192427,"ENSG00000239951.1"
1.04948341039401,7.42247756519212,4.0282916132508,0.000222260763426049,0.00252470714237029,-0.0999523057096541,"ENSG00000120694.20"
1.43070791795275,0.605766627276848,3.88529399574076,0.000344722472096053,0.00352011916037251,-0.105929867921441,"ENSG00000274265.5"
1.37205175800838,1.327291488499,3.90255444640353,0.000327039663300008,0.00339076659897406,-0.108978115534836,"ENSG00000121361.5"
-1.51445799400481,1.71591493003812,-3.91103571140437,0.000318675752276468,0.00331922444012183,-0.111123543502109,"ENSG00000131401.11"
-1.15088597070504,6.31798552001081,-4.03009589551551,0.00022102510686099,0.00251358366886112,-0.112687985605012,"ENSG00000213619.11"
-3.00035054653709,0.0522982677358709,-3.8661250825371,0.000365444650565728,0.00367431170204701,-0.114792736522825,"ENSG00000162460.7"
1.32362148741274,0.40221971480389,3.87723802664443,0.000353288892217066,0.00357777996942551,-0.115563761234068,"ENSG00000197928.10"
1.81136233425603,-0.463016938468712,3.8587480915324,0.000373736206339946,0.00374615136068557,-0.11575101258388,"ENSG00000239827.8"
-1.16176455822368,0.375151817644819,-3.87331803571932,0.000357531394310064,0.00360584388726498,-0.121710588303027,"ENSG00000203497.2"
1.86634072067214,-2.43920132035556,3.82329197320862,0.000416192510239557,0.00408197616596136,-0.122308003992301,"ENSG00000239445.6"
1.74953375062493,7.39621943134786,4.01727226554262,0.000229954169576615,0.00258015899236593,-0.12839881267575,"ENSG00000011465.18"
-1.51799797813054,-0.704707036568126,-3.84679138209544,0.000387562960794219,0.00386105661043265,-0.133012425442925,"ENSG00000159496.14"
-3.5895412999767,1.95766009107628,-3.90370716885039,0.000325890537501749,0.00338064014722713,-0.13825796822797,"ENSG00000211941.3"
-3.23696714845879,-0.125404282262259,-3.85323753816636,0.000380048319509752,0.00379970798179918,-0.138347106565642,"ENSG00000211973.2"
-3.63393077039924,3.39093123507964,-3.93906753105407,0.000292479638823443,0.00311142474160196,-0.1414341300955,"ENSG00000211660.3"
1.05247725998416,1.368476664573,3.88897858806786,0.000340871720845267,0.00350085435248418,-0.151296346851896,"ENSG00000166349.10"
-1.45190713915378,0.611916867807291,-3.86785297102571,0.000363528415016066,0.00365706254263461,-0.151959111483713,"ENSG00000226415.1"
-1.12380241490758,5.46125495135471,-4.01069070290746,0.00023467188443838,0.0026216392970364,-0.155382807944334,"ENSG00000130312.7"
1.92937100981454,-1.16669748250726,3.83028328472933,0.00040746800454621,0.0040164995963464,-0.158716767507078,"ENSG00000167244.21"
-3.56558193088962,-2.23004962927931,-3.81198386619263,0.000430687213875977,0.00418696047553295,-0.159918165986246,"ENSG00000276566.1"
1.69099840065853,-1.88322942066505,3.8160267629071,0.000425449915329738,0.00414787222275229,-0.164919225962579,"ENSG00000164100.9"
1.86715298919815,2.32262186524167,3.911184320308,0.00031853106185118,0.00331922444012183,-0.173345876086229,"ENSG00000101004.15"
-3.42132304556529,-1.32258123093862,-3.81707842761119,0.000424097668151091,0.00414292918872461,-0.175671115397457,"ENSG00000223648.4"
1.20809505537779,-0.439719268847885,3.83667392211583,0.000399647857666286,0.00395532352216315,-0.180888433974006,"ENSG00000124019.10"
-2.65817570378943,-3.2012111562477,-3.79479271527915,0.000453660700874526,0.004351491758722,-0.183273191721286,"ENSG00000278473.1"
-2.87589999370626,4.70976586273012,-3.96754087507812,0.000268011403348646,0.00289990704969842,-0.183989822953473,"ENSG00000140279.13"
1.76316009880626,-0.177350324099915,3.84023131501436,0.000395357760130147,0.00392224170552405,-0.185423213972705,"ENSG00000186451.2"
2.66040939027259,1.31203275455732,3.8752540944038,0.000355429926944598,0.00359204079777102,-0.18744273447175,"ENSG00000103569.10"
-1.77711448540273,-1.47106170626516,-3.812402702295,0.000430141762506325,0.00418696047553295,-0.189323478812685,"ENSG00000241360.2"
2.76900681832036,-2.1633326155971,3.80273889564791,0.000442898445944746,0.00427335971023262,-0.191357598681913,"ENSG00000287338.1"
-1.12339950864609,2.15037695771008,-3.89721788051218,0.000332410884256742,0.00343013041933562,-0.19246418646943,"ENSG00000184669.9"
1.11169028989558,4.24577473357269,3.97404898995014,0.000262703916731822,0.00285034476560271,-0.194447189018605,"ENSG00000020181.18"
1.61929292104953,4.2102426122171,3.96676687730646,0.000268649487667295,0.00290041767007285,-0.204325109085598,"ENSG00000114251.15"
-1.28044193191606,6.92697049273611,-3.99678572323914,0.000244949954104537,0.0027029864450378,-0.205084490445125,"ENSG00000185043.12"
1.88571837050476,-0.509959412241079,3.82628688742391,0.000412433264359588,0.0040572837837602,-0.205349414594878,"ENSG00000253873.6"
1.53893955048965,-1.8977818732877,3.80045411502037,0.000445967429221821,0.00429451739554176,-0.208013095734756,"ENSG00000149609.6"
-3.00616534490048,-2.2863083813357,-3.7933037386221,0.000455705250744756,0.00435832055907399,-0.208085635563076,"ENSG00000253132.1"
-3.20867474154711,3.17035982035739,-3.91362390201085,0.000316164879096399,0.00330422634305117,-0.208158827430343,"ENSG00000244437.1"
1.12062048461093,3.34459287429021,3.93717964910344,0.000294176330060995,0.00312641519816069,-0.210444453227741,"ENSG00000066056.14"
1.88648926452129,1.74775091940818,3.8797854015929,0.000350558084791547,0.0035574750571548,-0.210948783689459,"ENSG00000163827.13"
-2.31461339636107,-2.52735938915897,-3.78725658393723,0.000464100523204883,0.00441064219968732,-0.215785328965822,"ENSG00000286035.1"
1.50102205681258,3.26993292681187,3.93111504793506,0.000299691514253156,0.0031692296809317,-0.216178907555355,"ENSG00000179241.13"
-1.53328286473692,8.00747596116597,-3.98223382040313,0.000256173579991843,0.00279340334222473,-0.217901999688502,"ENSG00000010256.11"
-1.45632990119546,6.29783641544836,-3.99247913256843,0.000248220882086032,0.00273208723947041,-0.220843864735208,"ENSG00000173153.17"
-1.17331846006991,5.99171713632911,-3.99262276198282,0.000248111113302483,0.00273208723947041,-0.22157945275452,"ENSG00000097021.20"
-1.57365756073019,4.5337824225418,-3.96585621627316,0.000269402123238305,0.00290693342224007,-0.223578646084439,"ENSG00000172594.13"
1.36573943448038,-0.398174897516949,3.81975335571887,0.000420676883382106,0.00411566415947583,-0.231110277072806,"ENSG00000152953.13"
1.26793833334521,-1.86806565142257,3.79265212746775,0.000456602788799902,0.00436264828324117,-0.231258645860588,"ENSG00000176732.7"
1.89317701379678,0.969686371587222,3.85009198343884,0.000383697500087832,0.0038283833011308,-0.233183150936867,"ENSG00000111452.13"
1.60620020580244,-1.33749319994732,3.80091638885664,0.000445344837643316,0.00429062942842008,-0.233576855375546,"ENSG00000134042.14"
1.04543750100385,0.348975616164247,3.83442588532199,0.000402382073884447,0.00397636236924318,-0.234492047573007,"ENSG00000213420.8"
1.51414380039999,3.47922007011033,3.9323240964495,0.000298584064829313,0.00316092828026107,-0.235423775695936,"ENSG00000228223.3"
-1.03079961523553,6.55840981310885,-3.98835857188226,0.000251390160276986,0.00275966152429484,-0.236580951876877,"ENSG00000089127.14"
-1.34038732102223,5.97210193266334,-3.986587850426,0.000252764114887794,0.00276854370753636,-0.237065202721862,"ENSG00000174903.16"
1.61591574462106,-2.24959831726746,3.78474635735967,0.000467629139399215,0.00443987259421841,-0.23744577032798,"ENSG00000282870.1"
1.10136574002689,2.13983425790551,3.88297944406201,0.000347162887635832,0.00353583146752629,-0.23813538958208,"ENSG00000154240.17"
1.47884463500351,2.22367131325839,3.88558641644248,0.000344415333230597,0.003518815541073,-0.238644916939796,"ENSG00000166532.16"
-1.14708817918438,5.43269992844984,-3.98178428667438,0.0002565281214508,0.00279571447980233,-0.239916845170599,"ENSG00000159228.13"
1.57777642250928,2.13871122281584,3.88130160627249,0.000348942406498165,0.00354474861233317,-0.242742565258666,"ENSG00000227051.7"
-1.18548539698078,4.4087431150592,-3.95874234427188,0.00027535230525912,0.00296135891218339,-0.242896772492936,"ENSG00000154274.15"
1.19766646176038,-0.235863941529844,3.81805706788761,0.000422843046254235,0.00413273218587265,-0.245479741149653,"ENSG00000272690.6"
2.42720900337357,1.92165990604869,3.87206185573552,0.000358901320043665,0.0036159400209538,-0.247840767137722,"ENSG00000245694.10"
1.25915180523501,1.24846444541973,3.84636798904272,0.0003880615282091,0.00386406009246705,-0.264573741003951,"ENSG00000229358.3"
1.7982164108154,3.34260596045085,3.91518278612827,0.000314661818011281,0.00329027178876223,-0.267631566822597,"ENSG00000088340.17"
-1.01562333598373,5.34056591627351,-3.97116573512023,0.000265042568956293,0.00286936753559198,-0.269666636301348,"ENSG00000095539.15"
1.76308226451037,-0.90870455060234,3.79567113115648,0.000452458682221457,0.00434209736839642,-0.270296213134158,"ENSG00000163491.16"
1.28961049637039,2.78324874676367,3.89395461280224,0.00033573730463419,0.00345536251688081,-0.27287314735356,"ENSG00000203799.13"
1.46883417150407,-1.76170046696778,3.7793960623403,0.000475236627175883,0.00449035629513752,-0.273366515487533,"ENSG00000235726.7"
1.3719767892149,5.47993349008193,3.96676584938734,0.000268650336063057,0.00290041767007285,-0.285764437479888,"ENSG00000102908.22"
2.71115021382312,-2.15604253517196,3.76600894191953,0.000494798317595934,0.00462834723987876,-0.294382317906384,"ENSG00000129988.6"
3.38153034128773,-2.58157244633938,3.76224060594475,0.000500443348997842,0.00466778891553363,-0.294910978793967,"ENSG00000282890.1"
2.18163104460267,-2.08193726419053,3.76653194677654,0.000494019717144266,0.00462441520749055,-0.295665300219408,"ENSG00000183775.11"
1.62631429656552,-0.240574457483669,3.79839989601288,0.00044874423406337,0.00431701641464496,-0.300684194804105,"ENSG00000175065.12"
-3.81882634664407,5.80341125231255,-3.9398984585504,0.00029173586984075,0.00310688401091676,-0.302657989449808,"ENSG00000134193.15"
1.82415408432133,-1.14933593764701,3.77817070802407,0.000476995667649044,0.00449801759093945,-0.306892913215347,"ENSG00000145358.6"
-3.16668321137375,1.16569006166148,-3.82408119019945,0.000415198677771974,0.00407766056492318,-0.311615620705012,"ENSG00000168079.17"
-1.75885312172132,8.70710669478786,-3.94123162712793,0.000290546368503857,0.00309926664901339,-0.311767689411351,"ENSG00000135916.16"
-1.42644862347605,5.29115729884254,-3.95266108283016,0.000280539615312472,0.00300560639224936,-0.314104163303198,"ENSG00000120915.14"
1.66543715200237,0.209631790306381,3.80228735819306,0.000443503342992585,0.00427709126547595,-0.317331950220358,"ENSG00000177932.7"
1.31700638765865,1.59415582598132,3.83753574330546,0.000398604419615716,0.00394898345173609,-0.318860137591373,"ENSG00000050438.17"
1.20623009487742,0.700702668625644,3.81256213487277,0.000429934308382638,0.00418696047553295,-0.320358856545651,"ENSG00000135547.9"
1.25757108846711,0.465550351957842,3.80677167129582,0.000437531192052656,0.00424331944891171,-0.321097836064073,"ENSG00000005471.19"
-2.50990799509771,0.502473132753122,-3.80277221365643,0.000442853843419412,0.00427335971023262,-0.327441821539566,"ENSG00000135702.14"
1.65751970343422,-1.02747468398896,3.77291262276511,0.000484615407103414,0.00455622851054942,-0.328164148388063,"ENSG00000132932.17"
-1.36936610734503,1.87088681905924,-3.84048000718369,0.00039505951580118,0.00392179081863187,-0.329154738748096,"ENSG00000182162.11"
1.21589048773254,2.82112005760852,3.87531014400214,0.000355369267005562,0.00359204079777102,-0.331572295437085,"ENSG00000113319.13"
1.01440957398456,-0.39897589080983,3.78355576338941,0.000469311790752048,0.00445153699539655,-0.333904596781513,"ENSG00000248671.8"
-2.51441259913265,-3.03611992461289,-3.74017456183253,0.000534766116121653,0.00490164771981352,-0.336623556160093,"ENSG00000253120.1"
-1.19885786930804,1.81626145074708,-3.83550174218437,0.00040107129542123,0.00396540787595998,-0.339068560573543,"ENSG00000134460.18"
1.16172175020747,-2.30650480754642,3.74666956586062,0.00052443453175621,0.0048295272097756,-0.340490198574968,"ENSG00000271784.1"
-1.82458568052811,-0.463810109891833,-3.77437550105899,0.000482483771518894,0.00453914434951988,-0.349481349852862,"ENSG00000224961.3"
-1.37576532926703,4.74344198683172,-3.92583883277022,0.00030457109904842,0.00321044138061469,-0.360081515962634,"ENSG00000183011.13"
1.01391855181148,0.183668895998741,3.78561743412743,0.000466401746890921,0.00443036465578653,-0.362880313470762,"ENSG00000204311.15"
1.31743103477301,2.10306335275329,3.83725405426999,0.000398945180763101,0.00395036323941483,-0.366611601260212,"ENSG00000226812.2"
-1.23781452124193,5.74156329365601,-3.94140104804066,0.000290395541966505,0.00309926664901339,-0.367269458638015,"ENSG00000079739.17"
1.39117313885943,-1.67262796788248,3.7470567008324,0.000523824831641392,0.00482930831378578,-0.368204691464529,"ENSG00000272343.1"
-1.05276289482347,4.57863680503332,-3.92070800882225,0.000309389971326424,0.00324379667263415,-0.370644299503526,"ENSG00000136463.8"
1.65460686193014,-0.0130264235845293,3.77713482778053,0.00047848760947945,0.00450803847739265,-0.374567344552449,"ENSG00000180139.11"
1.14825815724485,2.4021261024937,3.84363723230349,0.000391292061250872,0.00388832851134546,-0.378485838586407,"ENSG00000184497.13"
-1.19895153928385,7.17297088492465,-3.93608829303051,0.000295161507026523,0.00313485184548321,-0.379933224204605,"ENSG00000155366.17"
1.24466487559919,3.50692843829073,3.88453166865279,0.000345524415197926,0.00352381312355973,-0.380450502952725,"ENSG00000114450.11"
1.24984412098255,-0.731753191126407,3.75991753161061,0.000503954245307798,0.00468942369171245,-0.381582451249725,"ENSG00000228057.1"
-3.61356726965167,-0.387183075114067,-3.76037573782305,0.00050325987645496,0.00468942369171245,-0.383028725814239,"ENSG00000211664.3"
1.71267000045116,0.995861909239002,3.7973795063511,0.000450129749854206,0.00432404562314144,-0.385717071965583,"ENSG00000131386.19"
1.63872088886297,0.1163282933359,3.7753631342107,0.000481049757927661,0.00453000074636394,-0.38777779724197,"ENSG00000167554.15"
1.92519729172332,-1.91100171978151,3.73598997009308,0.000541526143051292,0.00494281264462925,-0.388002789431629,"ENSG00000270562.1"
-1.09214143912625,3.14171882916075,-3.86573488731084,0.000365878728757156,0.0036762433781016,-0.38861529977888,"ENSG00000197471.12"
2.97565440813982,-1.01680793803426,3.75037651000003,0.000518624431511308,0.00479177691056112,-0.388772692923307,"ENSG00000134443.10"
1.37766695223924,2.8803875845347,3.85746366698112,0.000375198339678217,0.003756965601497,-0.389077862301306,"ENSG00000079931.15"
1.40963052929773,4.12387650360733,3.9000938909001,0.000329505677480961,0.00340980184507841,-0.395480064180956,"ENSG00000275832.5"
-3.77107505506338,2.67241812381953,-3.83179315665199,0.000405607160847397,0.00400016800582196,-0.396353048474639,"ENSG00000211659.2"
1.65375330994641,-1.22542538407167,3.74414678785041,0.000528424448530441,0.00485980108963999,-0.398750872941898,"ENSG00000151640.13"
1.57372513799409,-1.12700927867508,3.74522426333954,0.00052671679305352,0.00484826734488606,-0.401153663555442,"ENSG00000105131.8"
1.14143541201198,2.38443898949513,3.83398131053257,0.000402924932790128,0.00397972102382027,-0.404377231637291,"ENSG00000259207.9"
-1.6395356311673,-1.87642447460977,-3.72883167682503,0.000553281410690652,0.00502670775625622,-0.404691434103269,"ENSG00000184293.7"
2.20302919115903,-1.8694895266411,3.73056484821207,0.000550412860992769,0.00501458854675847,-0.404990618481199,"ENSG00000198300.14"
-2.36447704004521,-1.16876663857876,-3.73991834350509,0.000535177677736629,0.00490312782696465,-0.405635321751414,"ENSG00000120498.14"
-1.47096779223074,-0.914594847409733,-3.74412088429355,0.000528465567842113,0.00485980108963999,-0.411532327814278,"ENSG00000248898.3"
1.49312759545948,3.7215135459625,3.88077401204087,0.000349503795660824,0.00354861285226624,-0.411829770765997,"ENSG00000038945.15"
-1.12079767536517,5.60661805689467,-3.92513502100299,0.000305227791611972,0.00321390767043196,-0.413276134471471,"ENSG00000070423.18"
-1.02902380033415,5.52355785624753,-3.9243723736786,0.000305940928814884,0.00321796022014196,-0.414167257167001,"ENSG00000126522.17"
1.40064654348766,1.38172124776227,3.79777692354755,0.000449589634575318,0.00432302813903074,-0.41471831047211,"ENSG00000144369.13"
1.83389950058515,-2.13517776916505,3.72063102671238,0.00056705063560384,0.00511924433307584,-0.42107734522768,"ENSG00000255471.1"
2.40686274494208,-1.4916184225918,3.73065035595971,0.000550271709767913,0.00501458854675847,-0.421493360737744,"ENSG00000258483.4"
2.18980265239844,-2.64598033604596,3.71312106850811,0.000579949250651014,0.00521103804228404,-0.421803494850407,"ENSG00000233542.2"
1.61441685860367,-1.49230782142599,3.73013742870202,0.000551118943474984,0.00501804374436866,-0.424179519805098,"ENSG00000153237.18"
1.18427207269955,6.15641519904563,3.92316408469702,0.000307074081872548,0.00322468904616668,-0.428144914946192,"ENSG00000136235.17"
1.46664016487238,1.41571928152783,3.79233423259706,0.000457041280507019,0.00436363518966163,-0.433197157637834,"ENSG00000184985.16"
2.13627134193266,-1.81988382128899,3.7191090392768,0.000569642172815424,0.00513489859320423,-0.438977641844275,"ENSG00000175894.18"
-1.0178626905328,5.16931888655695,-3.90971551951468,0.000319963930316145,0.00332796435956411,-0.442474368242268,"ENSG00000140474.14"
-3.15505037533212,-0.785424160393008,-3.7317762321239,0.000548416428554323,0.00500337482467942,-0.443603404858136,"ENSG00000211658.2"
2.23047152353177,2.47276993078551,3.81918168903436,0.000421405702703968,0.0041207382579621,-0.451993143422684,"ENSG00000198523.6"
-1.37569628269112,6.90233588886523,-3.910923500647,0.000318785046452586,0.00331922444012183,-0.45773145770692,"ENSG00000102996.5"
-1.51813670456884,4.52949626997153,-3.88628145539231,0.000343686373652501,0.0035137593757056,-0.459132474372644,"ENSG00000183508.5"
2.6515867516552,-0.747231215030117,3.73002549392473,0.000551304000069881,0.00501804374436866,-0.460950421787543,"ENSG00000184226.15"
1.62940417142683,4.62126244339544,3.88874949099404,0.000341109930752777,0.00350146665043924,-0.466814236439241,"ENSG00000178878.13"
-1.02428188546306,4.54974979608102,-3.88685531966105,0.000343085627855766,0.00351356172041873,-0.469554021050784,"ENSG00000111801.16"
-1.52104535990799,5.90668652389783,-3.90616917165669,0.000323449290194766,0.00336065012377243,-0.469941000258333,"ENSG00000167900.12"
-1.004752574571,4.15151063078805,-3.87392007269291,0.000356876637675707,0.00360192710219108,-0.473792663376642,"ENSG00000155846.17"
2.0607550131438,1.83677092408851,3.78980523173976,0.000460544192185794,0.00438961080797019,-0.477230548598169,"ENSG00000072195.15"
1.10743504983613,2.85831925550785,3.82397160506639,0.000415336537190227,0.00407766056492318,-0.484732952337382,"ENSG00000178498.16"
-1.43412423512289,3.6919900932052,-3.84833447592196,0.000385751122178686,0.00384496009223961,-0.48857919467155,"ENSG00000183048.12"
1.73920168823146,0.926591032212508,3.75874390670204,0.000505736980737479,0.0046970531711696,-0.490239755788099,"ENSG00000104213.13"
1.60946404768358,2.74259225961003,3.81642507758968,0.000424937266796307,0.00414699853300567,-0.490721326086659,"ENSG00000185565.12"
2.00860290117809,-2.30497343200395,3.69130162545682,0.00061904784394856,0.0054646789862474,-0.495377343583876,"ENSG00000142609.18"
-2.7868016038779,-2.75696375372462,-3.6840800700518,0.000632538160528499,0.00555624694234846,-0.499538555483325,"ENSG00000211961.3"
1.03511653325402,1.79080656766226,3.78025461591354,0.000474007873039258,0.00448648188158071,-0.500127055329045,"ENSG00000156265.16"
-3.55036582389596,1.25753137494461,-3.75875608534726,0.000505718450197847,0.0046970531711696,-0.501065851007128,"ENSG00000239855.1"
1.60569408202007,-1.82666553365023,3.69632120084769,0.000609834543981767,0.00540668230655676,-0.501790439292291,"ENSG00000109927.11"
-1.20544554698503,0.724095932846581,-3.74788305084328,0.00052252569532276,0.00482100648588143,-0.502095930091059,"ENSG00000260793.2"
1.72814036332958,-1.75894855891592,3.69717354913233,0.000608283246839113,0.00539638069571387,-0.502583706352763,"ENSG00000112530.11"
1.03606461859944,2.49382703155283,3.80280913083204,0.000442804427785158,0.00427335971023262,-0.505794463582856,"ENSG00000151773.13"
1.11644702488058,0.53260330592697,3.74262145084231,0.000530851032127954,0.00487086409083948,-0.507315368440056,"ENSG00000259456.4"
-1.37758148967405,5.81327121358066,-3.89306707122941,0.000336647580332723,0.0034610972522304,-0.508420382900972,"ENSG00000277972.2"
1.08879857384027,-2.00120969050459,3.6895649802714,0.000622266491002536,0.00548568202454844,-0.512218380161755,"ENSG00000228653.2"
1.35752306711047,-0.893141515637341,3.70937428940569,0.000586489670502894,0.00524406190380444,-0.514171122841782,"ENSG00000236204.6"
1.70524705283813,-0.613569737978674,3.71392521704961,0.000578554703675998,0.00520089111429235,-0.516482662985361,"ENSG00000127472.11"
1.01488887196947,0.67104243378729,3.7415015428869,0.000532639472357872,0.00488443849160357,-0.519806668744658,"ENSG00000286156.1"
-1.69056148800887,7.18844972964864,-3.88658978625822,0.000343363473238921,0.00351356172041873,-0.521144220519587,"ENSG00000008517.18"
1.18531776742768,-1.45524838817103,3.69301962085227,0.000615879530539458,0.00544651965528039,-0.529814375758141,"ENSG00000147127.8"
-2.8262793322736,-2.17709679444954,-3.6778324731722,0.000644436889666608,0.0056300020466455,-0.531767120382937,"ENSG00000158516.12"
1.49204499992288,-1.31020487280865,3.69462168793895,0.000612939078029688,0.00542541018683976,-0.532566651995348,"ENSG00000286964.1"
1.61972268504147,-2.19438405145629,3.67871844329233,0.000642736525323638,0.00562536991475259,-0.534378288926455,"ENSG00000279837.1"
-2.56297877650252,4.24626008560973,-3.84010857040071,0.000395505041916813,0.00392224170552405,-0.53963293026024,"ENSG00000134028.14"
-1.08515434140775,1.62301510454934,-3.75935351659534,0.000504810226086914,0.00469511826027516,-0.540011419564721,"ENSG00000141497.14"
1.68647702709937,-1.86232090997702,3.68169724220062,0.000637051174198869,0.00558675883322797,-0.540615652453021,"ENSG00000244586.1"
1.43329264900999,-2.39892042540668,3.67250897115044,0.000654745299326254,0.00568509138112955,-0.542483471992096,"ENSG00000109625.19"
1.18996078834016,2.96535164100897,3.80629070795249,0.000438167996532028,0.00424442773715758,-0.547413169945575,"ENSG00000175548.9"
2.634315920174,-2.19863740388059,3.67314754758344,0.000653500440929693,0.00567931278584555,-0.550315677139777,"ENSG00000006377.11"
1.23701518452033,2.00142713173059,3.76969221168466,0.000489340094642906,0.00458823620065462,-0.550422013270595,"ENSG00000133401.16"
1.09233038361431,1.08498568547928,3.73763416042726,0.00053886026036872,0.00492765590708448,-0.561350470493482,"ENSG00000171943.12"
1.89296534694022,3.26655771011367,3.80643377339791,0.000437978481755876,0.00424442773715758,-0.572158005872569,"ENSG00000156535.15"
-1.12192238741747,2.53688970439084,-3.77816140338961,0.000477009048789036,0.00449801759093945,-0.573330048180611,"ENSG00000205544.4"
1.44091600125853,-1.36528368486704,3.67542425696784,0.000649080663116647,0.00565343202179697,-0.583159566043097,"ENSG00000240541.3"
-1.20367579061189,7.27823258581311,-3.86561537118199,0.000366011785884643,0.0036762433781016,-0.583739520852338,"ENSG00000167792.13"
-1.04001321381594,1.97260623621607,-3.7547703148231,0.00051181812397118,0.00474005958364617,-0.584650224221534,"ENSG00000177465.4"
-3.74585842227712,-1.72582007928756,-3.66427614998338,0.000671000254662665,0.00579033054265678,-0.585059514095833,"ENSG00000211974.3"
-1.19772006257144,4.02463841666735,-3.82781138520194,0.000410532319153301,0.00404061076773073,-0.58883990775889,"ENSG00000130768.15"
-1.1055657005256,1.6991630887463,-3.74258398458964,0.000530910770280729,0.00487086409083948,-0.59424778024593,"ENSG00000108370.17"
-3.34431555271667,3.27806409736627,-3.78044626832154,0.000473734000639653,0.00448648188158071,-0.598706637092031,"ENSG00000211966.2"
1.87558773927171,-1.92183285013322,3.65968475024504,0.000680233400640713,0.00584684614334144,-0.598822247378494,"ENSG00000244694.7"
2.83235141246694,1.00805338372149,3.72209207535748,0.000564573546697683,0.00510799674967918,-0.600700587923972,"ENSG00000182747.5"
-1.70998063342899,4.33549355629067,-3.82964075523926,0.000408262390327124,0.00402230775113246,-0.601850665666273,"ENSG00000174640.15"
-1.08509053530061,4.44169134597213,-3.83599511323096,0.00040047157380631,0.00396147612313144,-0.606401227976514,"ENSG00000141295.14"
-2.16547435500085,-0.61904794401757,-3.67777824221673,0.000644541110790811,0.0056300020466455,-0.609856551606418,"ENSG00000174123.11"
-2.69581704795382,-2.85356493606914,-3.64038757792513,0.000720392295120955,0.00609229577449452,-0.616200332191859,"ENSG00000278857.1"
1.26589676311112,2.40297063838218,3.75908656876224,0.000505215849714051,0.00469666284945173,-0.620938142963525,"ENSG00000080561.14"
-2.89596701538249,-3.30011683697862,-3.63602489351363,0.000729782156284139,0.00613555272560327,-0.62167914109093,"ENSG00000253883.1"
-1.64180452954201,4.72927241772985,-3.83243766331389,0.0004048153406296,0.00399637944027388,-0.624635174666238,"ENSG00000168350.8"
-1.43661718101138,-0.901395735515174,-3.6664633401095,0.000666644385424436,0.00575527513017679,-0.628524803272416,"ENSG00000137880.6"
1.28412312063074,4.12159017653556,3.82044652560173,0.000419794792350054,0.0041090847223241,-0.62978517619725,"ENSG00000129474.16"
1.40093825811125,0.806057017343455,3.70377752085238,0.000596391907463552,0.00531010887272043,-0.636276604300229,"ENSG00000179909.15"
-1.21213958290275,6.1435668965912,-3.85118519829345,0.000382425429981858,0.00381957869598793,-0.637993966544445,"ENSG00000119431.9"
1.01256332924039,3.53737544564695,3.79457412009463,0.000453960303737803,0.004351491758722,-0.646555938877464,"ENSG00000109790.16"
-1.0922990091013,3.6476890226118,-3.79422174210078,0.000454443669165184,0.004351491758722,-0.648690173608818,"ENSG00000176108.9"
-1.91039931260634,-1.70625034438846,-3.64316569131262,0.00071447354758619,0.00606462560699613,-0.649059237101061,"ENSG00000197057.10"
1.58244313009426,-0.447095237192558,3.66977924825215,0.000660092458049698,0.00571173581412831,-0.649475801720414,"ENSG00000253854.1"
-1.30121497343738,2.89712464374794,-3.76393426134274,0.00049789858212753,0.00464847600056778,-0.651347366400191,"ENSG00000275074.2"
1.73543574664135,1.68901787733389,3.72343201690432,0.000562310950673744,0.00509457878877515,-0.653012094764827,"ENSG00000144642.22"
-1.09591252424704,6.95989211691992,-3.84439336244177,0.000390394953135853,0.00388138106043689,-0.653209926158094,"ENSG00000117410.14"
2.08997724378228,-2.01539207931952,3.63770638912573,0.000726149207038713,0.00611824563900692,-0.6553163620627,"ENSG00000153930.12"
1.1205473743261,0.633399240882522,3.69247618037647,0.000616880047743489,0.00545290812265953,-0.655321845907502,"ENSG00000234899.11"
1.08331340151654,3.52772980425689,3.79015038464696,0.000460064599595764,0.00438717244147594,-0.656971827537951,"ENSG00000170919.16"
-2.14328228011943,0.957166646604729,-3.6962326188061,0.000609995983989776,0.00540668230655676,-0.662262771253979,"ENSG00000132514.14"
1.34132428828153,-1.12496087506193,3.6500393799388,0.000700029397799626,0.00597508766794056,-0.666288505038571,"ENSG00000279926.1"
1.36931670387109,1.34809553226642,3.70776246919649,0.000589325079232606,0.00526453461460743,-0.667420915501159,"ENSG00000102349.18"
1.75880471621852,-0.918560985926168,3.65210994539055,0.000695733670738032,0.00594618759742365,-0.671333737692789,"ENSG00000284196.3"
-1.88592540562036,3.19473526971001,-3.76007462532655,0.000503716080399874,0.00468942369171245,-0.681239847800696,"ENSG00000262814.8"
1.1578814431114,1.77812784804796,3.7125776225705,0.000580893522008721,0.00521302960038287,-0.691403076732306,"ENSG00000169255.15"
-1.40613204847352,3.12946798079555,-3.75804647204237,0.000506799262466926,0.00470118032806157,-0.693172831144274,"ENSG00000160593.19"
1.42987767230504,-0.68097345515242,3.6478112555454,0.000704680483096302,0.00600172265490274,-0.697176737050335,"ENSG00000117154.12"
-2.0628906034815,4.90470822517632,-3.80670400869631,0.000437620724558782,0.00424331944891171,-0.699545100835714,"ENSG00000172828.13"
1.21355152899978,-0.0426994434937422,3.66043567967469,0.000678714996418335,0.00583837993068989,-0.700526702749917,"ENSG00000224596.8"
1.32504523371425,-0.851982111043329,3.64309602606674,0.000714621395898847,0.00606462560699613,-0.700678046044278,"ENSG00000251141.6"
-3.40370015390386,-0.903474782917855,-3.63614257440169,0.000729527333961709,0.00613555272560327,-0.70068465787326,"ENSG00000211970.3"
1.01802397715532,0.544828983363449,3.67375178560494,0.000652324619296553,0.00567160819775088,-0.701480406296574,"ENSG00000160013.9"
-1.20058459934629,7.65692293170444,-3.82075109493227,0.000419407778841679,0.0041073471088761,-0.703484735816918,"ENSG00000184012.13"
-1.44418809429846,5.18267232071264,-3.81501224023097,0.00042675835024494,0.00415856074299319,-0.711291928632688,"ENSG00000278535.5"
1.89709949299751,0.0642226129293649,3.65698489302921,0.000685719628805056,0.00588626052642379,-0.716562948378059,"ENSG00000132854.19"
1.09395852063503,2.73910870872193,3.73807617679617,0.00053814573688193,0.00492341825352642,-0.717958539721705,"ENSG00000155099.8"
1.17141962229302,2.30072324606339,3.72037007698964,0.000567494155051017,0.00512024408832501,-0.720601737172707,"ENSG00000183801.8"
-1.27264094203764,-2.11431413597395,-3.60797835819256,0.000793014689929427,0.00653332652973411,-0.727304604314222,"ENSG00000233585.2"
1.03398242144812,7.16934465792423,3.81624759952386,0.000425165615149024,0.00414716271174715,-0.72947368382337,"ENSG00000182326.15"
-1.29129213310808,2.94555083759306,-3.73828285174505,0.000537811958298245,0.00492266165004453,-0.73105632059949,"ENSG00000172349.17"
-1.01021385111883,5.13283446676175,-3.80959162697595,0.000433815458667246,0.00421270660130392,-0.732138042855075,"ENSG00000175826.12"
1.32782588290246,-1.8328115589712,3.61217620449222,0.000783226463272294,0.00647383559819418,-0.733407029554964,"ENSG00000272692.2"
-1.26313959830524,7.48533826790897,-3.81194293625888,0.000430740552848616,0.00418696047553295,-0.733914582957813,"ENSG00000142669.15"
-1.27960067234954,6.0157995595867,-3.81673105829221,0.0004245438613829,0.00414522258280535,-0.736016170815936,"ENSG00000110717.13"
1.90166086463932,-0.749469281291546,3.63062861746675,0.000741559386698107,0.00620792840148311,-0.739608608380508,"ENSG00000182389.20"
1.89585319610719,0.172150147610594,3.65047926352902,0.000699114659771627,0.00596987892834605,-0.741741745430682,"ENSG00000178662.16"
1.67164657105123,1.66621395999203,3.68976167531359,0.000621901135044704,0.00548492741956206,-0.746032755492032,"ENSG00000236609.4"
-2.96020156342258,-2.33970588143736,-3.59749856178433,0.000817965880121036,0.00668488497109338,-0.746901712830609,"ENSG00000259337.4"
1.02321182441923,-1.9428548297372,3.60326278376393,0.000804150163641421,0.00660304363458749,-0.752387466979053,"ENSG00000260927.2"
-1.70419121361315,5.74910683528122,-3.80533271729834,0.000439439061526838,0.00425051370601357,-0.756368102204328,"ENSG00000130303.13"
1.23604713763277,1.33863208798306,3.67558210012415,0.000648775310282895,0.00565328388151397,-0.757013355261611,"ENSG00000197168.13"
-1.23988113206766,1.61771439606918,-3.68164444402936,0.000637151522549105,0.00558675883322797,-0.759025262439925,"ENSG00000102962.5"
-1.52395207036177,2.83359369511233,-3.721729232313,0.000565187742864712,0.00511119505839739,-0.761629605901653,"ENSG00000204175.5"
1.43308716443533,3.85939841203865,3.76409181568371,0.000497662487589612,0.00464847600056778,-0.763851265656388,"ENSG00000143333.7"
-1.38094635924613,5.46971583408142,-3.80112048246403,0.00044507023093446,0.00429009191135743,-0.765091478129617,"ENSG00000169689.15"
-1.48033057454626,7.55848177195065,-3.79618385956191,0.000451758489455042,0.00433750095213298,-0.776382024565757,"ENSG00000179091.5"
-1.20291034912353,6.36461292479063,-3.80358549329043,0.0004417664569709,0.00426873984986272,-0.776754567161801,"ENSG00000160685.13"
-1.20083683682583,3.97475005685562,-3.7600663494299,0.000503728624521195,0.00468942369171245,-0.78055034424217,"ENSG00000006047.13"
1.74643270414661,-1.78716985854376,3.59519526824948,0.0008235498811058,0.006713729301023,-0.781976585833511,"ENSG00000100427.16"
1.44987841834184,-1.70550638669105,3.59673294854089,0.000819817954553,0.00669165312946133,-0.782020394579437,"ENSG00000196503.5"
1.73198687319633,-2.25800160658394,3.586888586158,0.000843993639039787,0.00684328736901394,-0.783339429413767,"ENSG00000142405.22"
2.49815194336253,-1.47942774575349,3.59546665801961,0.000822890039706577,0.00671114064828916,-0.795683022030162,"ENSG00000183019.7"
-2.99659296155185,1.05455459323968,-3.64976826948226,0.000700593744975301,0.00597730242122966,-0.796213771303033,"ENSG00000205364.4"
-3.50318423217608,-0.999265689384717,-3.59822728817934,0.000816206768014973,0.00667329019754027,-0.798694562927782,"ENSG00000211597.2"
-1.30357585690111,1.7304679705072,-3.67044015402563,0.000658793992406041,0.00570508613741733,-0.799965927781458,"ENSG00000213638.6"
1.14531286955572,1.78646503005084,3.67409673507995,0.000651654274989326,0.00566829357384238,-0.800677974014333,"ENSG00000241644.2"
1.81182972216632,1.1131180357316,3.65264786973148,0.000694621812171913,0.00593927398580137,-0.803332616446813,"ENSG00000159708.18"
-1.16927707173699,6.79279143124373,-3.79136352996396,0.000458382746352961,0.00437326137469399,-0.808977660843661,"ENSG00000042445.14"
1.01908035626949,1.09505316125597,3.64782734248348,0.000704646796303358,0.00600172265490274,-0.814476509038465,"ENSG00000235609.7"
-1.04169057417622,4.05637848905254,-3.75087332171234,0.000517850482239644,0.00478688192116476,-0.817621103368683,"ENSG00000174292.12"
2.03695736675202,4.21482142729001,3.75209717281644,0.000515948674575031,0.00477285084606756,-0.821632189130525,"ENSG00000102359.8"
1.23123263785376,-1.36990488151928,3.5867539841483,0.000844328886343197,0.00684328736901394,-0.827233653067864,"ENSG00000265590.10"
1.4863767170031,-0.550414166787795,3.60316831603929,0.000804374768324859,0.00660304363458749,-0.827989508080797,"ENSG00000205363.6"
-1.60692060828303,1.62657715164543,-3.65699962616584,0.000685689575304961,0.00588626052642379,-0.828009505643377,"ENSG00000105609.17"
1.3638584326025,-0.499912579234168,3.60350931452543,0.000803564300249031,0.0066029680095065,-0.830137823431151,"ENSG00000254595.1"
-1.13780503336971,-1.85480482245126,-3.57421987775469,0.000876113118078389,0.00702538805441509,-0.832785693588249,"ENSG00000175730.8"
2.07867576267964,1.14489477916593,3.64316597493581,0.0007144729457219,0.00606462560699613,-0.832833159641401,"ENSG00000110427.17"
1.50337041464572,-1.607487148575,3.57978885940517,0.000861852027828264,0.00693941308320367,-0.833250747846876,"ENSG00000260388.2"
1.09694977022572,-1.90947107835212,3.5740740345336,0.000876489618591222,0.0070255337130415,-0.833674821225562,"ENSG00000228839.5"
-1.49782581779119,-0.807942515700857,-3.59395060737934,0.000826582587108276,0.00672897095026253,-0.833977124709331,"ENSG00000277200.1"
-5.54242731707596,1.43063989700185,-3.63649170547545,0.000728771839982494,0.00613231789471964,-0.83402613477988,"ENSG00000071203.9"
-1.3730164277814,4.48267939410051,-3.75554973605925,0.000510619774497239,0.00473119626597016,-0.834307877758958,"ENSG00000253313.6"
2.91287261817245,-1.22310169197913,3.58356897179998,0.000852299034641151,0.00689363649883432,-0.84001195842469,"ENSG00000104237.11"
-1.27348698818016,5.09574484239948,-3.76972137216374,0.000489297114434266,0.00458823620065462,-0.841244389555276,"ENSG00000141655.17"
1.56049421891286,-1.95564521060741,3.57050720523488,0.000885745987704664,0.00707370095109476,-0.841263571329167,"ENSG00000232063.2"
1.26004555424118,-1.12051689457595,3.58503455167556,0.000848622656355221,0.00687240636121456,-0.845669805564076,"ENSG00000143994.14"
-1.25120624772057,7.26854163794258,-3.77281054109957,0.000484764494185765,0.00455622851054942,-0.852630225076835,"ENSG00000149260.18"
1.87898610711919,-1.45568491219738,3.57318133239038,0.000878797551056061,0.00702966331538357,-0.858797473893456,"ENSG00000176956.13"
-1.1076308746037,6.54009089865507,-3.77250344980559,0.000485213258217036,0.00455826120776388,-0.866635965117263,"ENSG00000125170.11"
-2.38287602982566,2.78642974461522,-3.67771239227721,0.000644667683092888,0.0056300020466455,-0.868440720486283,"ENSG00000169248.13"
-2.68793616549971,-1.06858197227832,-3.57342089086251,0.000878177641126431,0.00702966331538357,-0.868700413097922,"ENSG00000178473.7"
-1.35381188938276,3.35134944647465,-3.70437715655514,0.000595323334930382,0.00530300286444574,-0.870588294926653,"ENSG00000103044.11"
1.34775645856276,3.05720504640598,3.69556072994019,0.000611221835704371,0.00541509955301396,-0.873498053013146,"ENSG00000176171.11"
1.51768544267893,-1.32035752258832,3.57026854668744,0.000886368670898618,0.0070757260056549,-0.874468159341215,"ENSG00000255389.1"
-1.97190170813775,2.9751352882464,-3.68331795411738,0.000633978231611419,0.00556640269098678,-0.879616245031904,"ENSG00000198417.7"
1.01426025436816,4.61577551958917,3.74855616752759,0.000521469758871556,0.00481579655790661,-0.881397131588582,"ENSG00000184014.8"
1.67860581331075,-0.302079553976321,3.58445849227359,0.00085006587179449,0.00688125164426208,-0.894134770012902,"ENSG00000134532.19"
-1.15100017571756,4.49811124871318,-3.73625303473826,0.000541098758833086,0.00494218923287983,-0.897806481392793,"ENSG00000244509.4"
1.20819914516972,0.408166976021583,3.5997967321426,0.000812430523987389,0.00665073605565626,-0.898116875932366,"ENSG00000215458.8"
-1.36683224079609,6.44612530926632,-3.75833249548768,0.000506363352375545,0.00470064388573624,-0.905526380081463,"ENSG00000104518.11"
1.57175724861317,1.62480469442518,3.63063508532293,0.000741545162082449,0.00620792840148311,-0.908219750722567,"ENSG00000187240.16"
2.41295843558246,-2.29860933629408,3.54039831935996,0.000967705768422368,0.0075880378728687,-0.908480474629746,"ENSG00000171889.5"
1.79770383342611,2.83619488754199,3.67229770557542,0.00065515764813681,0.00568615354111125,-0.910637164617273,"ENSG00000121898.13"
1.27078891411413,3.02308278585586,3.67972315337468,0.000640813496489523,0.00561384692232957,-0.915197728585494,"ENSG00000249992.2"
-1.61630891369053,1.85485292290086,-3.63252089382127,0.000737408905476172,0.00618376347338145,-0.916596925788951,"ENSG00000110848.8"
-1.18608667119681,4.60749222412792,-3.73133908136379,0.000549136072944978,0.0050076101610043,-0.918800090485756,"ENSG00000161981.11"
3.17369965032791,-1.79404699782856,3.54427259598842,0.000956766018325815,0.00752139316571609,-0.919933579174389,"ENSG00000162344.4"
-1.03799752131982,5.90443572111235,-3.75337272868596,0.000513973686993535,0.00475777531029048,-0.920168374864607,"ENSG00000069399.15"
1.6457568051877,-2.38298164708144,3.53304578615483,0.000988797373354352,0.00770829475228049,-0.923709461310008,"ENSG00000249574.1"
1.36064227252005,-2.05485641675216,3.5360516114864,0.000980122142293455,0.00765893771295555,-0.929842971318183,"ENSG00000272138.2"
1.41251342167643,-0.219663945048919,3.57325887272234,0.000878596852574544,0.00702966331538357,-0.93045091786205,"ENSG00000236015.1"
-1.17625191460293,7.33077372056789,-3.74383977155337,0.000528912004656194,0.00486162623689139,-0.934899706454382,"ENSG00000128309.16"
2.02880365016853,-2.90237884638014,3.52087094686399,0.00102469368099633,0.00790639288060369,-0.937348541820662,"ENSG00000226468.2"
-2.30739886370005,-1.31500159778255,-3.54301842839992,0.000960294361992523,0.00754308143478582,-0.940857009476479,"ENSG00000204872.4"
-3.02620369608323,-0.587241156753143,-3.55581156361516,0.000924881135481834,0.00732063768359178,-0.942555185123802,"ENSG00000211946.3"
1.31664657966891,4.83585646980094,3.72791263953918,0.00055480833580452,0.00503466112973979,-0.952062554813265,"ENSG00000021300.14"
-1.9353020910201,1.05209163648687,-3.59430907558202,0.000825708056458151,0.00672715614423054,-0.954271903007738,"ENSG00000188536.13"
-1.0424505029952,3.98833426547927,-3.70009129661133,0.000603001572789334,0.00535679602904743,-0.954876395815919,"ENSG00000125449.7"
1.1177702312745,0.99758462344017,3.59423728013921,0.00082588313981245,0.00672715614423054,-0.956025600867881,"ENSG00000115526.11"
2.92566566304971,-2.73033346364249,3.51798541430473,0.00103338248600957,0.00795152944297631,-0.956472391557994,"ENSG00000232023.3"
-1.67901287545006,4.1468608451,-3.69907753904963,0.00060483164111628,0.00536932808968322,-0.956534339716989,"ENSG00000129514.8"
1.20240924959328,1.94989381407332,3.6232868853398,0.000757876043678731,0.00630951919845656,-0.958816684029324,"ENSG00000126947.13"
-1.03037168196202,7.90929080763211,-3.72912839062153,0.000552789303751171,0.00502456517818519,-0.95955372927469,"ENSG00000107438.9"
1.01597069331912,1.81924396034532,3.61823140732498,0.000769311491756626,0.00637494552298412,-0.9602017664434,"ENSG00000270344.3"
-1.2451899676262,3.90568512691654,-3.69352565928726,0.000614949277885397,0.00544074708583985,-0.960985868003403,"ENSG00000100116.17"
1.01460366811172,3.01615463878666,3.66305163757514,0.000673450853452496,0.00580636650518453,-0.9621812318415,"ENSG00000183682.8"
-2.763104939752,-3.0920533199127,-3.51069057919291,0.00105566404379876,0.00807543864327684,-0.962465434348846,"ENSG00000237111.1"
-3.02334605378998,-1.17731878625572,-3.53175193592244,0.000992554203043595,0.0077283628692902,-0.973659962507841,"ENSG00000274576.2"
-1.85445437888619,-2.48038492313835,-3.5109184250494,0.00105496120112388,0.00807543864327684,-0.974058929615057,"ENSG00000185155.12"
2.37951182090105,-1.0716609317502,3.53656275695696,0.000978654176404238,0.0076535675239655,-0.977368109063649,"ENSG00000197410.14"
-1.28763509368263,-1.58099153679947,-3.52492799284302,0.00101259547647502,0.00784610199733059,-0.980710363975422,"ENSG00000258875.6"
1.09455467875414,-1.53844591765205,3.52703062399811,0.00100637930885308,0.00781428622945481,-0.980787701600738,"ENSG00000229666.1"
1.39753923101867,4.07546180316079,3.69527102782238,0.000611751124414185,0.00541734080635253,-0.981238111643339,"ENSG00000072952.19"
-1.71829303529656,5.16071613798887,-3.71752613897824,0.000572349528771857,0.00515456355585716,-0.982527114796929,"ENSG00000182154.8"
1.40942912359688,1.54944646371738,3.60097291705519,0.000809611499718758,0.00663042734481452,-0.983938567500291,"ENSG00000168772.11"
-1.07189461659823,5.59579006658391,-3.72835607623147,0.000554071086266639,0.00503155058700497,-0.984047118739676,"ENSG00000143891.17"
-2.12631994647642,7.6789916913883,-3.72058888252388,0.000567122242754295,0.00511924433307584,-0.985809886494451,"ENSG00000166165.13"
-1.33557041549626,-0.0391108595047612,-3.55514014991405,0.000926708162935271,0.00733213891949512,-0.987756267048754,"ENSG00000250073.3"
-1.15421282086339,5.86562385229441,-3.72717015158465,0.000556044898944203,0.00504061418518035,-0.993332414427968,"ENSG00000160113.5"
-1.567961023641,2.29982062842362,-3.62025821673788,0.00076470710563551,0.00634752223246817,-0.993414668446349,"ENSG00000254827.6"
-1.02423256076903,7.33358184382046,-3.72249863500412,0.000563886113821112,0.0051041325704417,-0.996645306419125,"ENSG00000140497.16"
1.64279984172217,-2.32459612874736,3.50651703163705,0.00106861786261751,0.00814909444359354,-0.997744427642191,"ENSG00000002079.14"
-1.11890478683339,5.31886604491916,-3.71832140723384,0.000570987774937241,0.00514466282877736,-1.00220713620167,"ENSG00000156381.9"
-1.45308154421222,3.10513890898162,-3.64814873424501,0.000703974111353137,0.00600092018573461,-1.00254780949993,"ENSG00000185811.19"
-1.05744892910954,2.69943509474683,-3.63336547288967,0.000735563634464203,0.0061735704697368,-1.00256618903356,"ENSG00000078081.8"
2.32473957665742,0.247191013224506,3.55694482581647,0.000921805170605263,0.00729935293502597,-1.00504781039791,"ENSG00000087495.17"
1.62366291817437,4.57563747966118,3.70096113739545,0.000601435557921182,0.0053453062323675,-1.00563853149141,"ENSG00000276644.5"
-1.53050068543244,3.80648777150376,-3.67274998292242,0.000654275196625825,0.00568352658619669,-1.00654849225352,"ENSG00000160712.13"
1.15635152508755,4.9968063667722,3.71253447066538,0.000580968564563734,0.00521302960038287,-1.00678443610848,"ENSG00000123104.12"
1.6926773121322,-1.75606577716123,3.51270484343742,0.00104946608428799,0.00804509011618699,-1.00754041497811,"ENSG00000261366.1"
1.28166432466394,-1.26459772469824,3.52172775335287,0.00102212719390325,0.00788969518254611,-1.01008598944606,"ENSG00000260400.1"
-1.46440706139721,9.42563416059409,-3.68826833364639,0.000624680152748335,0.00550024141927614,-1.01379398120601,"ENSG00000108679.13"
1.30386089303852,5.11772460373941,3.71094858858265,0.000583732949936643,0.00522871065097483,-1.0152673490675,"ENSG00000102780.17"
-1.61802295312022,2.44008274944975,-3.61717904824663,0.000771712667595588,0.00639050450092119,-1.01662629984919,"ENSG00000166501.14"
1.52259027067293,-2.10484558874782,3.50136731942122,0.00108481118366786,0.00824692053780224,-1.02123109722955,"ENSG00000286923.1"
-1.51702599706574,-2.20754947924888,-3.49635483638342,0.00110079827460395,0.00832006591051855,-1.02504296641172,"ENSG00000255571.9"
-1.28480717886748,6.65493443926334,-3.71619251621492,0.000574640141554047,0.00517044268715403,-1.02573409150173,"ENSG00000167315.18"
1.49428489862115,1.33311059484592,3.57911529311439,0.000863564991139805,0.00695035107400945,-1.02583135797829,"ENSG00000196867.8"
1.72016270730233,-2.53973639577051,3.49197581275742,0.0011149492009351,0.00840757462828218,-1.02750743257265,"ENSG00000226690.8"
1.07862301712642,6.24398784070595,3.71679618208433,0.000573602201419186,0.00516347326034185,-1.02769239373418,"ENSG00000136603.14"
1.00651367479455,0.688593158566333,3.55883784492688,0.000916688887202404,0.00727635721558313,-1.0305009054971,"ENSG00000196358.11"
1.7692588489041,-1.39730603042448,3.50981301552446,0.0010583752788287,0.00809302095035709,-1.03420524220424,"ENSG00000248441.7"
-1.65822191205506,3.29286017389182,-3.64015652476031,0.000720886668698909,0.00609229577449452,-1.03713768152784,"ENSG00000167799.10"
1.1701007661494,1.36261090667165,3.57567892298566,0.000872355057632451,0.00701116921281783,-1.03745547352517,"ENSG00000172264.17"
1.87605261549357,-1.8014748646459,3.49850196465292,0.00109392270264797,0.00829064091004183,-1.04361400410239,"ENSG00000253667.2"
-2.74422554127264,0.579552577854425,-3.54793088242704,0.000946544991301683,0.00745299642548627,-1.04396483281649,"ENSG00000163295.5"
1.6023167675123,1.47071248577558,3.57437189642325,0.000875720840470191,0.00702511571123509,-1.05087869360338,"ENSG00000064692.20"
-1.1290853406749,5.67685762529279,-3.70542489138301,0.000593460656265824,0.00529362585384338,-1.05122981803241,"ENSG00000125445.11"
1.78816985566154,-2.02635498929526,3.49140800767939,0.00111679677015577,0.0084150336186295,-1.05201930827219,"ENSG00000233828.5"
-2.64473102234431,-3.26294739884033,-3.474953012837,0.00117162911270383,0.00869782672611558,-1.05558957163681,"ENSG00000211595.2"
1.47837139309484,1.02929086297055,3.55693944870903,0.000921819742279113,0.00729935293502597,-1.06212949108488,"ENSG00000184949.16"
1.25203228908088,-0.445773520256259,3.51944396006216,0.00102898179115958,0.00793323515433535,-1.06385619870046,"ENSG00000178947.9"
2.81404717778324,2.3897843546292,3.5991858621428,0.000813898342816457,0.00665997116413166,-1.06452325149674,"ENSG00000128422.17"
1.40373891390286,-1.33650635648889,3.49947172002786,0.00109083081996201,0.00828304765924677,-1.06602865254296,"ENSG00000276115.1"
-1.0210988477009,7.91319000663873,-3.69158082586374,0.00061853187944699,0.00546258379659355,-1.06661430874297,"ENSG00000072778.20"
-2.52514414219809,-1.96855051420003,-3.48245316774236,0.00114632480190573,0.00858203536770525,-1.07135135463774,"ENSG00000104921.15"
1.2442063005329,-0.0843184364272208,3.52483275546891,0.00101287790244026,0.00784610199733059,-1.07169273874633,"ENSG00000168852.13"
1.29233768659443,-1.0074134885425,3.50258153089716,0.00108097206455926,0.00823050030980539,-1.07645083163562,"ENSG00000273297.2"
1.64623709795657,-0.665454343973935,3.50840600167603,0.0010627361632631,0.00811686997153731,-1.07984471719654,"ENSG00000280339.1"
1.44429468111282,1.99537851421233,3.58085923538041,0.000859136630557299,0.00693501409029378,-1.08159268382469,"ENSG00000107249.23"
1.46770594143563,-0.211060432583197,3.51732340844908,0.00103538581572005,0.00796381887132494,-1.08398274531913,"ENSG00000238113.7"
1.31516301915884,-0.175403194637569,3.51704049855802,0.00103624307712754,0.00796728696869122,-1.08714782137701,"ENSG00000257497.2"
2.3878029300361,1.9046216507883,3.5751823481703,0.000873632345833201,0.00701410146290161,-1.08742329949033,"ENSG00000106236.4"
-1.99196019065093,1.13682413486609,-3.54839090778622,0.000945267138431684,0.00744592507677445,-1.08749629826248,"ENSG00000184163.3"
1.24309092676756,-1.17185077036377,3.49469099472035,0.00110615466554504,0.00835732885266903,-1.08853098989963,"ENSG00000163449.11"
1.70036619196776,0.461563039858045,3.53038519897996,0.000996537511801709,0.0077470715528883,-1.09312045982115,"ENSG00000198753.12"
-1.56878837010359,5.73414143212347,-3.68822571044116,0.000624759647083952,0.00550024141927614,-1.0944961223956,"ENSG00000160446.19"
-1.02520302735108,2.26917462257548,-3.58380452371572,0.00085170712860889,0.00689169210214853,-1.09544621772068,"ENSG00000125434.11"
1.079628422872,4.55221674638221,3.67094856424284,0.000657796803273311,0.00569896779716153,-1.09807843318891,"ENSG00000176014.13"
1.93746687901678,-0.259632617964778,3.50951212834641,0.00105930640358331,0.00809382749362993,-1.10133680868866,"ENSG00000082175.15"
-1.07467952618242,6.49794237556506,-3.6899253737986,0.000621597226746198,0.00548471432384607,-1.1038949871786,"ENSG00000104886.12"
-1.81455615630159,0.0500321714101447,-3.51354066881512,0.00104690445856573,0.00803916267883125,-1.10553736647303,"ENSG00000099866.15"
1.18159770821696,3.78430260782423,3.64197071855726,0.000717013677067444,0.00607772163968193,-1.10710373973279,"ENSG00000173546.7"
-1.34501415961131,4.90110790559626,-3.6685928377144,0.000662429548099493,0.00572392847952343,-1.11699775073559,"ENSG00000119125.17"
1.7666983314551,-1.50685191375029,3.47689441627591,0.00116502838699903,0.00866383664738593,-1.11720769359569,"ENSG00000124343.14"
-1.02067705787766,3.95214435639818,-3.64124752439211,0.000718555169391304,0.00608815585613047,-1.11858619009711,"ENSG00000126106.14"
-1.20230077121194,4.63601230946453,-3.66187258421119,0.000675818607292212,0.00582080988945339,-1.11869121777307,"ENSG00000136840.19"
1.32601287629135,2.13274311897712,3.56999524905843,0.000887082246348044,0.0070757260056549,-1.12540510746489,"ENSG00000112394.17"
1.42726981880164,-0.0794140388911342,3.50487788516057,0.00107374691462944,0.00818502410895211,-1.1262864628508,"ENSG00000078053.17"
-1.24065692585889,4.0794853474879,-3.6400013192279,0.000721218937702835,0.00609229577449452,-1.12843411866372,"ENSG00000135617.4"
1.15662669950295,1.44367206733838,3.545151583924,0.000954300572192612,0.00750502086578754,-1.12873449008419,"ENSG00000203688.6"
-3.52637638652131,1.18885417039757,-3.5297005184575,0.000998538741051941,0.00775955234128591,-1.13542621728391,"ENSG00000211638.2"
1.49751793103306,3.76839197568227,3.62733641425555,0.000748833983170468,0.00625282754431013,-1.14300742833011,"ENSG00000133019.12"
-1.97958672270622,-0.999086923617687,-3.47433831207807,0.00117372652136023,0.00870680369950386,-1.14554016636645,"ENSG00000143001.5"
1.1750839071221,-2.06309597477277,3.45471278400633,0.00124260836142934,0.00909390800081506,-1.14795392619095,"ENSG00000231530.1"
1.45883264892368,-1.66206186895354,3.46167538629849,0.00121774031409597,0.00895019969897047,-1.1499672124059,"ENSG00000288100.1"
1.00799469977978,1.966811475991,3.55308237501974,0.000932329278999604,0.00736769360905531,-1.15537444992863,"ENSG00000177464.5"
-1.11288887709039,5.77373343340783,-3.66957478131043,0.000660494667633666,0.00571224457592663,-1.15597756538066,"ENSG00000129255.16"
-1.96459672736638,5.51837450581005,-3.6603190360573,0.000678950639700752,0.00583837993068989,-1.15678442429713,"ENSG00000167617.3"
-1.68574549528838,4.21982076589911,-3.62968311574627,0.000743641630507781,0.0062147646239282,-1.15825325146566,"ENSG00000179085.8"
1.2083940628268,-2.20508374687072,3.44795708639789,0.00126720058919274,0.00920516293134974,-1.15916862478331,"ENSG00000164743.5"
-1.04038210698785,5.7944743103894,-3.66887062412098,0.000661881628871436,0.00572171570355087,-1.15937842568222,"ENSG00000169241.19"
-3.33566617083004,1.72158426126354,-3.53499233644111,0.000983171006167587,0.00767358708078094,-1.16440160877899,"ENSG00000211935.3"
3.01468468225716,-1.86140422364059,3.45012428050562,0.00125926132641329,0.0091716225323787,-1.17044156100954,"ENSG00000231764.10"
-1.34549384752845,9.51950756543954,-3.63048572012057,0.000741873724608534,0.00620792840148311,-1.17339680392025,"ENSG00000172270.21"
-2.06060796014047,-0.273865894607566,-3.48030857867783,0.00115350645365646,0.00861073157668482,-1.17344925230887,"ENSG00000177455.15"
-1.38372782864297,1.73171255696299,-3.53575259690235,0.000980981863996995,0.00766260176315741,-1.17453472668306,"ENSG00000156127.8"
1.11487664098758,-1.91703494916566,3.44663039437644,0.0012720843345979,0.00922696465561466,-1.17687909143023,"ENSG00000239332.6"
1.23366627270778,-0.741067405484096,3.4697879023009,0.0011893648807554,0.00879056552672781,-1.18059789951621,"ENSG00000224138.1"
1.36212617963221,1.23600749735667,3.51919563376248,0.00102972976694001,0.00793588121486864,-1.18261641100364,"ENSG00000078814.17"
-1.41035748728778,3.21176382707643,-3.58693277694059,0.000843883602849984,0.00684328736901394,-1.18456609472038,"ENSG00000179674.4"
2.52109501410647,-1.37366032370116,3.4530084732999,0.00124876907727404,0.00913217699702902,-1.18646361216549,"ENSG00000144891.18"
1.56023692217979,-1.69602198129401,3.44680437873591,0.00127144285051422,0.00922572484351659,-1.18775971798375,"ENSG00000248858.7"
1.68445717201639,1.64885656294722,3.53042875046419,0.00099641034667007,0.0077470715528883,-1.18820004791168,"ENSG00000163689.20"
-1.06428280923367,0.462787762671811,-3.49213725558929,0.00111442441941581,0.00840685077609323,-1.19394540237893,"ENSG00000183153.7"
-1.0721814201209,5.88415888029999,-3.6562116483193,0.000687298716518892,0.00589145134737203,-1.19682125791998,"ENSG00000160445.11"
-1.18896898933286,6.66898380336087,-3.65619315940604,0.000687336516560154,0.00589145134737203,-1.19735788719352,"ENSG00000118640.11"
1.63596649154637,-0.739689507238367,3.46329487134979,0.00121202460433243,0.00892002792512823,-1.1975177366705,"ENSG00000249825.6"
-1.6444382390518,5.40509985051878,-3.64686995146565,0.000706654314855409,0.00601592032004132,-1.19792184668311,"ENSG00000125652.8"
1.14882332819278,-1.37711228025252,3.44962948078344,0.00126106977174939,0.00917762952669579,-1.19823921125893,"ENSG00000287382.1"
1.01274226567849,1.28061154552886,3.51324924653465,0.00104779692515696,0.00804035480024554,-1.20214715753171,"ENSG00000253320.7"
1.28537833452812,3.09984790862541,3.57979000271372,0.000861849123024152,0.00693941308320367,-1.20376446121841,"ENSG00000162614.19"
1.1029922688121,-0.19859772552797,3.46789166530374,0.00119594027347061,0.00882484192761185,-1.21912001882251,"ENSG00000258768.2"
1.38991390578117,-1.4930645818989,3.43885779196199,0.00130105948203253,0.00937738393320866,-1.22019459409308,"ENSG00000113763.12"
-1.18029350830461,7.91982317951336,-3.63712297714222,0.000727407722563958,0.00612609785592309,-1.2205111940327,"ENSG00000073350.14"
1.79797916233383,-1.87397440546496,3.42930459603334,0.00133753598849015,0.00957070459501381,-1.22538074174319,"ENSG00000228554.1"
-1.83781369282437,-1.90811167807847,-3.42479856263122,0.00135507798536963,0.00968562121077544,-1.22948762538489,"ENSG00000143184.5"
-1.37579169194566,-1.28944189650392,-3.43717514320155,0.00130741459680596,0.00941357715202996,-1.2323336623964,"ENSG00000260997.1"
1.31842439208894,2.84257735354956,3.55827451657264,0.000918208549293735,0.00728252298440654,-1.2339086390378,"ENSG00000100154.14"
-1.37955839125894,5.09824365164806,-3.63084728752333,0.000741078615741308,0.00620792840148311,-1.2347339913431,"ENSG00000206341.7"
1.66518137300014,-1.05708264715765,3.44245396842159,0.00128757598144615,0.0093117722951801,-1.23473747132892,"ENSG00000247199.5"
-1.00792940478115,6.6940612790456,-3.64277882574381,0.000715294951751408,0.00606577544292305,-1.23647051062101,"ENSG00000167553.16"
-1.04234719333472,-0.69796456036429,-3.44852495415632,0.00126511566256548,0.0091968326586054,-1.23757165700482,"ENSG00000198520.12"
-1.67173643538275,6.2263588629809,-3.64009028945072,0.000721028449386686,0.00609229577449452,-1.23818150618858,"ENSG00000175756.13"
3.88848602923205,3.00794584313281,3.55053285021803,0.000939339012068746,0.00741113910286513,-1.23978327206748,"ENSG00000108244.17"
1.50225068276754,1.99053994044319,3.52344186567632,0.00101701118304506,0.00785948807835297,-1.23992092393007,"ENSG00000138738.11"
1.81810791461294,-1.20638464414992,3.43679951951953,0.00130883731216842,0.00942036135916816,-1.24124796203886,"ENSG00000111981.5"
1.14571514086768,-0.195129996820728,3.45876389424124,0.00122808077869935,0.00900439481943883,-1.24399434095723,"ENSG00000185904.12"
-1.16674504676954,6.82702245614979,-3.63874675893699,0.000723910148677799,0.00610713527322587,-1.24496051001195,"ENSG00000108561.8"
-1.69122684391935,7.18224386466764,-3.63428851215931,0.000733552014171311,0.00615938231473512,-1.24674980553085,"ENSG00000175793.12"
-1.17871972878121,5.29903611443034,-3.6300111329268,0.000742918614806757,0.0062113698771434,-1.25192547269418,"ENSG00000023445.16"
1.8842593401421,-1.56134044454838,3.42490510266384,0.00135466070253,0.00968562121077544,-1.25299120266087,"ENSG00000100884.9"
-1.60818142054377,7.4269260956731,-3.63028348921431,0.000742318800067831,0.00620900272787112,-1.25325079414535,"ENSG00000051523.11"
1.40190866868258,0.506288959200677,3.47264014016076,0.00117953948984279,0.0087400777498617,-1.25346999808112,"ENSG00000171757.17"
-1.18609431280325,5.81536073214613,-3.63268120342428,0.000737058312859343,0.00618346824215673,-1.26064780012964,"ENSG00000108528.14"
1.12777224949336,-1.80915031311892,3.41570676362837,0.00139114296627744,0.00987857623934645,-1.26493994056559,"ENSG00000277692.1"
-1.1219965291571,1.7188271061894,-3.50154777428635,0.00108423979358245,0.00824577400813714,-1.26853165375273,"ENSG00000254614.2"
2.31401894858479,-0.485846778780149,3.44074912326673,0.00129395140943647,0.00934424053872366,-1.27192257813424,"ENSG00000153993.13"
-1.92170301840887,5.34622192156806,-3.61655881915837,0.000773131218102419,0.00639848487214691,-1.27345031437742,"ENSG00000166920.13"
-1.13608612296105,1.1620129368394,-3.48144306713665,0.00114970201515015,0.00859055546365946,-1.27520428132146,"ENSG00000161929.15"
-1.81167756997119,-0.537947545235903,-3.43634342514033,0.00131056680578175,0.00942934781436954,-1.2764423050637,"ENSG00000253549.6"
1.06813519308333,3.00715178167159,3.54901916564712,0.000943524641407697,0.007435186543183,-1.27983672771244,"ENSG00000250903.9"
-1.82280040002226,0.496048251604943,-3.46001022289788,0.0012236440863007,0.00898363062046097,-1.28127262181546,"ENSG00000176919.13"
1.13974633313933,1.77349722112395,3.49887519237128,0.00109273174514872,0.00829064091004183,-1.28605618048789,"ENSG00000198892.7"
2.55024011474383,0.103141134436662,3.44972440846167,0.00126072262805683,0.00917762952669579,-1.28645773192514,"ENSG00000136155.17"
-1.30650113125937,4.07568101280694,-3.5828307644496,0.00085415659430634,0.00690296545258454,-1.28778642135263,"ENSG00000125458.7"
-1.92133912044612,5.17673733541639,-3.60850814070324,0.000791772937962046,0.00652796476942131,-1.28797120133085,"ENSG00000166126.11"
1.54085767392919,0.195679520190482,3.45079128937326,0.00125682739277937,0.00916984280007975,-1.29109905841388,"ENSG00000231551.8"
1.4089129424143,0.66636326418556,3.4616160387701,0.00121795025996395,0.00895019969897047,-1.29498305083403,"ENSG00000163364.10"
1.36445629336026,-1.14813339507186,3.41656667972286,0.00138769306539638,0.00986122154409619,-1.29930262839894,"ENSG00000112619.8"
1.6884719866896,-1.57582553125509,3.40648997309125,0.00142863728347382,0.0100863747136434,-1.30148394573216,"ENSG00000232907.8"
1.69247638745494,-1.63096974196001,3.40494895852383,0.00143499948969957,0.0101167206023192,-1.30270867690647,"ENSG00000146250.7"
-1.14720306981235,2.61009153011772,-3.5205378620482,0.00102569307112009,0.00791099069723861,-1.30642118455091,"ENSG00000100918.13"
-2.98981773351516,0.0497537897094781,-3.43467735102171,0.00131690305738842,0.00945411986201297,-1.31202190058962,"ENSG00000211670.2"
2.09146550630633,-0.536299552717301,3.42294313071641,0.00136236480894741,0.00973060999789544,-1.31722394089677,"ENSG00000276966.2"
2.13460114089732,2.87597765194823,3.52656381851091,0.00100775619769754,0.00782077767790128,-1.31724905476629,"ENSG00000249669.10"
1.5050871846009,-1.78570650259999,3.39480589116222,0.00147755499057611,0.0103534464421856,-1.32145535665806,"ENSG00000147697.9"
3.17878713005095,-1.54592408227482,3.39831171965028,0.00146271193980516,0.0102567704906366,-1.3231476470526,"ENSG00000100593.18"
-1.17523244299697,5.97050226009644,-3.61066064056751,0.000786746887690958,0.00649745555184032,-1.32569912371429,"ENSG00000110697.13"
-1.25617234883313,5.87070201738494,-3.60926376396446,0.000790005069540018,0.0065216165866954,-1.32678708394406,"ENSG00000008323.15"
-1.12047487397905,5.800302979974,-3.60873269517432,0.000791247170442442,0.006526374431508,-1.32889655244762,"ENSG00000175221.15"
-1.44420623375106,6.91686656007019,-3.60735652829286,0.000794474575934051,0.00654198594530156,-1.32991246996181,"ENSG00000159069.14"
1.41729614307999,-1.73230254920918,3.39263468384647,0.00148681936729674,0.0103849592145422,-1.33009165996987,"ENSG00000143502.15"
1.15651762580771,1.24862278243366,3.46548328858274,0.00120434165201291,0.0088788134511982,-1.33013835380901,"ENSG00000272341.1"
1.00189628464884,1.58987739694593,3.4762959889537,0.00116705922640651,0.00867375405342156,-1.33045789516979,"ENSG00000118690.13"
1.17786694797629,-1.67142896511881,3.39348441513015,0.00148318705364916,0.0103706723872487,-1.3313557330531,"ENSG00000241155.1"
-1.54771441846211,-1.77830407089808,-3.38853313410976,0.00150447165267075,0.0104746701783603,-1.3335607798428,"ENSG00000234393.1"
1.67493387953187,0.181865524636192,3.43436519966415,0.00131809344915323,0.00945920210984562,-1.33442467760442,"ENSG00000079156.17"
-2.90529179421889,-0.325616734068214,-3.41707433379757,0.00138566023869088,0.00985494292746989,-1.33456715112077,"ENSG00000282639.1"
-1.14600625833615,2.05657815752715,-3.48905436004197,0.00112448652671308,0.00846646806556705,-1.33481204493793,"ENSG00000160188.10"
2.21164239330256,-1.85949680773512,3.38647291710021,0.00151341361326495,0.0105107996109361,-1.33992286149538,"ENSG00000286970.1"
-1.24309134937602,4.30462561850337,-3.57280826978676,0.000879763767783941,0.0070345221986835,-1.34002684029127,"ENSG00000160404.18"
1.21147896533429,2.95210771219305,3.52437168653028,0.00101424626686419,0.00785049834510037,-1.34157013342647,"ENSG00000213462.5"
-2.43326257053566,-3.16672505842309,-3.36481279806378,0.00161054138706547,0.0109677924400159,-1.34521133158928,"ENSG00000211958.2"
1.95001001990965,-2.18719898190656,3.37789286062482,0.00155120117819576,0.0106711755437565,-1.34672304504728,"ENSG00000253844.1"
1.10654503602435,0.360555179605054,3.43334549596053,0.00132198925951777,0.00947675371923417,-1.34933043865636,"ENSG00000279348.1"
1.1882820697932,-0.887832368421384,3.40142784720151,0.00144963823100732,0.0101977672995607,-1.35532214535641,"ENSG00000233396.8"
2.37066212356461,-3.09278339542851,3.36216641118313,0.00162280729483246,0.0110359902263216,-1.35535481556308,"ENSG00000243944.5"
-1.47467822447856,2.0115937339467,-3.4793196076597,0.00115683272453075,0.00861407610981768,-1.35555963408937,"ENSG00000140323.6"
1.77155882798104,-0.103665967813885,3.41900132389987,0.00137796971486935,0.00981346684697726,-1.35628657111911,"ENSG00000215218.4"
1.26720315927486,1.7012326773426,3.47064637044558,0.0011863994305807,0.00877676536887081,-1.35668368369394,"ENSG00000137571.11"
1.14511656373166,1.76119422768995,3.47138818693324,0.00118384262867437,0.00876195491800288,-1.36018287491932,"ENSG00000103742.12"
1.52838907536579,-2.10170884989227,3.37356084584336,0.00157061967552572,0.0107632189298697,-1.36178981762563,"ENSG00000277287.1"
1.63187036036069,-2.04630717705068,3.37375435813651,0.00156974732774744,0.0107610021356001,-1.36412007521931,"ENSG00000277767.1"
1.1702712379554,0.677968250523424,3.43512079626945,0.00131521373954976,0.0094490508741768,-1.36711595518891,"ENSG00000243742.5"
1.35327079676829,-0.716832993474999,3.39951142652604,0.00145766531940235,0.010225039804008,-1.37030789847574,"ENSG00000081853.15"
-2.84039185494597,3.3157540718005,-3.51264652777016,0.00104964503301063,0.00804509011618699,-1.37363644090462,"ENSG00000066230.12"
2.28603845486997,-1.31003312722823,3.38400577574556,0.00152418838785961,0.0105631804639009,-1.37476912806682,"ENSG00000176842.15"
1.41613168185293,-1.49304606848187,3.3798440037536,0.00154252996668219,0.010633910874392,-1.3771184559898,"ENSG00000253123.4"
1.8620098542656,-2.31296173762155,3.36359613372095,0.00161616957970424,0.0109984799651792,-1.37840201825264,"ENSG00000134259.5"
1.02443040714264,1.89941849545526,3.46937115555055,0.00119080702312923,0.00879689619271732,-1.37888855816856,"ENSG00000162994.16"
1.77860727155995,-0.363479269648455,3.40422929228289,0.00143797993737982,0.0101268084239471,-1.37893151386947,"ENSG00000124749.17"
1.35540715325475,1.43889567851722,3.45231726052489,0.0012512759686341,0.00913347603910654,-1.38273013169529,"ENSG00000046889.19"
1.05139380908912,-0.703238271331718,3.39438956818386,0.00147932713462887,0.0103584599291191,-1.38532684417873,"ENSG00000240429.1"
1.61475330643361,1.13349963467729,3.44100069489332,0.0012930087418777,0.00934424053872366,-1.38752924090807,"ENSG00000164114.19"
-1.01250906993031,2.10960539368724,-3.4717527623537,0.00118258798583119,0.00875653768137847,-1.38823411221389,"ENSG00000142512.15"
-1.24329764795189,6.51431114363071,-3.58812487619406,0.000840920433105271,0.00682977879513751,-1.39024461565869,"ENSG00000117308.15"
-1.61727110563062,-1.57988944569648,-3.36977500919101,0.00158777927780881,0.0108656197279998,-1.39395527454317,"ENSG00000196668.4"
-1.00324667477438,6.45578316070224,-3.58715965208501,0.000843318894561461,0.00684328736901394,-1.3954016421138,"ENSG00000176087.15"
1.80469737316622,-1.14342585445146,3.37998760226384,0.00154189361812736,0.0106332628480496,-1.39578274079604,"ENSG00000277151.1"
1.33198561486,-2.14437618455873,3.35887230614104,0.00163819962854253,0.0110862235185559,-1.39819399092693,"ENSG00000232546.1"
-1.18205648233107,3.93968082583022,-3.53968383679091,0.000969736288268754,0.00759898068257282,-1.39885660105326,"ENSG00000237289.10"
2.16536784285847,1.57298500355936,3.45065076058261,0.00125733981230749,0.00916984280007975,-1.39960570129142,"ENSG00000184368.16"
1.41369257010306,2.42379270300691,3.48143453896928,0.00114973056904225,0.00859055546365946,-1.39980509936464,"ENSG00000144857.14"
1.7232521039028,1.53150363233155,3.44603370475923,0.0012742866904351,0.0092336497714054,-1.40834600171131,"ENSG00000221890.6"
-1.14154856988749,6.16485115403664,-3.5798706362953,0.000861644280962483,0.00693941308320367,-1.41453505608665,"ENSG00000125648.15"
1.49845078054126,1.69153132030671,3.44882362728992,0.00126402039908867,0.00919227891117673,-1.41536101925938,"ENSG00000197380.11"
1.96059075507713,-1.79360896292222,3.3584013934126,0.00164041137949675,0.0110862235185559,-1.41705308128117,"ENSG00000184845.4"
-2.58979645212426,-2.68604335441493,-3.34050185632627,0.00172661955895327,0.0114791804248348,-1.42152667550382,"ENSG00000211957.2"
1.95152443731953,-1.93750218713517,3.35307128032852,0.00166564446786096,0.0111952778323216,-1.4241225025449,"ENSG00000274080.1"
-2.72829333702777,0.840477293320659,-3.41494614310426,0.0013942013202096,0.00989670929906931,-1.4249980558816,"ENSG00000205358.4"
-1.02368897797153,2.88852250281425,-3.4886900070878,0.00112568144487803,0.00846766157867111,-1.42544621917186,"ENSG00000118507.17"
1.11649705732326,0.600990229361118,3.41126412068343,0.00140909712958309,0.00996636303124319,-1.42573434289696,"ENSG00000168917.9"
2.31940156481602,4.72998506824305,3.54914621018406,0.000943172652887197,0.007435186543183,-1.42936351152058,"ENSG00000164379.7"
2.53459505894857,0.731657807024857,3.41164715913806,0.00140754048243676,0.0099589457591682,-1.43543191037574,"ENSG00000165194.15"
-1.18114211493371,3.74786585795589,-3.51823675442805,0.00103262286504472,0.0079488040408586,-1.43602151448158,"ENSG00000111678.11"
-1.02829106718584,2.70050664153685,-3.47681935376236,0.00116528293579296,0.00866383664738593,-1.43678309991539,"ENSG00000166289.6"
-1.0183414349275,4.47100556214599,-3.54549396309725,0.000953341891592872,0.00750049001868774,-1.4369433337383,"ENSG00000178537.10"
-2.11984931716378,7.90360964683467,-3.55869332347863,0.00091707852525878,0.0072765040737449,-1.43695138472159,"ENSG00000143416.21"
1.18748166096259,0.56442179078455,3.40540154519349,0.00143312815144924,0.0101071620637819,-1.43893411071707,"ENSG00000117425.14"
2.56898399610165,-0.0707787294502529,3.38836700000492,0.00150519085419409,0.0104746771781233,-1.43909870553875,"ENSG00000248323.7"
-1.34633831245953,-0.984987136506204,-3.36615113240795,0.00160437191418411,0.0109447862733103,-1.43919098427452,"ENSG00000268027.5"
-1.38940478103499,0.238316846213355,-3.39364265641567,0.00148251156056197,0.0103706723872487,-1.44344622013124,"ENSG00000198785.7"
-1.8031614507887,3.41720670612774,-3.49875288619851,0.00109312188346424,0.00829064091004183,-1.44513540934304,"ENSG00000186188.11"
-2.41334740896052,-0.333422503915949,-3.37674341284779,0.00155633123355093,0.0106989586833799,-1.44550040350277,"ENSG00000243064.8"
-1.84133924821727,1.26640249140765,-3.42095866617164,0.0013701997533608,0.00977944534561045,-1.4458446639475,"ENSG00000099958.15"
1.53432413067642,3.26053077727142,3.49712177927482,0.00109833762434832,0.00831155030454062,-1.4474595288855,"ENSG00000118922.17"
-1.11867622794832,0.0233340141678315,-3.38678638289093,0.00151204981859434,0.0105087730391211,-1.44768958953276,"ENSG00000234664.1"
1.09583348334426,3.2383642404464,3.49697013282047,0.00109882374729008,0.00831155030454062,-1.45084868840592,"ENSG00000143067.5"
2.05034086702381,-1.33684387443378,3.35418584158545,0.00166033770917476,0.0111694028059029,-1.45251077474165,"ENSG00000277224.2"
1.88037502864536,-1.62862920835336,3.34759207950968,0.00169196815190295,0.0113063147873924,-1.45415553280873,"ENSG00000180537.13"
-2.98561174966189,-0.835386881416644,-3.35973743736054,0.00163414373489039,0.0110806148295292,-1.4555505799096,"ENSG00000181617.6"
1.57646829499549,1.3083790650196,3.41691277345858,0.00138630687513832,0.00985494292746989,-1.46715827662665,"ENSG00000148734.8"
1.05037186597924,2.97909327205642,3.48009233583349,0.00115423297535948,0.00861073157668482,-1.46730901088773,"ENSG00000166446.15"
-1.16597975365088,8.69127693474221,-3.53782086282071,0.000975049969756656,0.00762842366602115,-1.46886635409401,"ENSG00000131143.10"
1.0713637807226,3.62778090205154,3.50672694304419,0.00106796272482809,0.00814726738637337,-1.46918618856387,"ENSG00000109113.20"
-1.2507299040601,2.13458130610558,-3.44255635920489,0.00128719403780803,0.0093117722951801,-1.46932897649042,"ENSG00000164691.18"
2.61355814711224,-1.56810378673305,3.34266391985526,0.00171598219091455,0.0114200769976479,-1.46945115234015,"ENSG00000141449.15"
1.36359743855031,3.89022319969441,3.51343383895296,0.00104723153533281,0.00803916267883125,-1.47452142718343,"ENSG00000170271.11"
-1.45351430260607,-2.36360000865893,-3.32373491136501,0.00181126848055801,0.0119050847848364,-1.4746512000131,"ENSG00000213809.9"
-1.37338803011746,4.37920191724892,-3.52378323508234,0.00101599524933645,0.0078578315023631,-1.48182334782436,"ENSG00000085552.17"
1.15225564174023,3.86922738549869,3.51069494096213,0.00105565058471744,0.00807543864327684,-1.4830961307318,"ENSG00000183160.9"
1.55419474117075,-0.608926760511436,3.35946189962536,0.00163543446770677,0.0110806148295292,-1.48318192258099,"ENSG00000138152.10"
1.43350018809016,2.02943069383561,3.43569757225193,0.00131301958911339,0.00944006676353394,-1.48371950888957,"ENSG00000246898.1"
-1.2068454811134,-0.150310581549257,-3.36883682217128,0.00159205920651117,0.010883437485802,-1.48382006267638,"ENSG00000230513.2"
-1.22137727226903,7.23845870189981,-3.55026921082514,0.000940066743870001,0.00741389725676398,-1.48497775573203,"ENSG00000167642.13"
1.03259737010274,-1.08961198089386,3.3478103874189,0.00169091180748836,0.0113031083865042,-1.48565909798556,"ENSG00000249846.7"
1.5580752564498,0.163526639075308,3.37651864464564,0.00155733627497659,0.0107021153197304,-1.48822652365336,"ENSG00000237877.7"
-1.22085322670937,2.24423227934071,-3.43935859993784,0.00129917370657186,0.00937489867171434,-1.48884087551189,"ENSG00000172602.11"
1.04024175559225,3.43075071974165,3.49152002342779,0.00111643205273453,0.0084150336186295,-1.48963588976277,"ENSG00000102760.13"
1.6799806613971,-0.213133110035024,3.36546185229753,0.00160754655181777,0.0109559349428238,-1.49207904214457,"ENSG00000226648.2"
-1.17224312051639,7.43448231267174,-3.54387005507596,0.000957897129074309,0.00752726697901038,-1.49792474522083,"ENSG00000104964.15"
1.37935873370343,2.13402885933783,3.43417649081884,0.00131881358995925,0.00946090715138717,-1.49844633591767,"ENSG00000044459.15"
-2.05364585507144,-2.21636128116385,-3.31307840501104,0.00186710350519992,0.012161605090681,-1.50858099864839,"ENSG00000188822.8"
1.15149157954945,-0.444224631124909,3.35222283445482,0.00166969498894152,0.0112168249660549,-1.51313046469929,"ENSG00000133107.15"
-1.84937831185256,0.324884629757842,-3.36857308931864,0.00159326430998926,0.010883437485802,-1.5148351402896,"ENSG00000162461.8"
1.44367214185608,-0.757037124031309,3.34356079990445,0.00171158785543294,0.0113985704801693,-1.51609840470726,"ENSG00000271553.1"
1.21654200456361,-0.465961154263905,3.35039294796738,0.00167846288841809,0.0112490527003714,-1.5164861328569,"ENSG00000186976.15"
1.36830093731779,-1.81416464860872,3.31986764746176,0.00183134507438456,0.0119924353802216,-1.5171906889402,"ENSG00000259033.2"
1.49543916790297,-1.68435611799567,3.32213917153095,0.00181952715068657,0.0119449784726399,-1.5182800517816,"ENSG00000258526.7"
1.61302187688809,-2.16137469971661,3.3126856488331,0.00186919229531516,0.0121686890289593,-1.51855862839823,"ENSG00000156574.10"
1.38426688550605,3.36134280809048,3.47615288143869,0.00116754538114838,0.00867407909920237,-1.51874798022121,"ENSG00000166250.12"
-1.24673831181169,3.22435321857212,-3.46663447790002,0.00120031883273461,0.00885381904988518,-1.52013414973001,"ENSG00000275183.2"
-2.58389182490908,0.742553965048999,-3.37678510260823,0.00155614488750384,0.0106989586833799,-1.52076329744754,"ENSG00000143297.19"
-2.2317861344755,-2.49410896270876,-3.30358256563614,0.00191823182680042,0.0123796806426864,-1.52194447738205,"ENSG00000168412.6"
-1.43852000017692,7.32315476340919,-3.53552917416609,0.000981624716715543,0.00766456957225207,-1.52239621222912,"ENSG00000189334.9"
-1.66391167371016,3.34540545085668,-3.46800834490997,0.00119553467417262,0.00882484192761185,-1.52325628170375,"ENSG00000148803.12"
1.14819642112879,6.65492345029407,3.53831003909694,0.0009736520191494,0.00762519890748374,-1.52842879910857,"ENSG00000177469.13"
-1.02108411780977,4.0464194388028,-3.49703435228692,0.0010986178581034,0.00831155030454062,-1.52976983755773,"ENSG00000169020.10"
1.30832440888016,-1.19740899416426,3.32779299746934,0.00179042631131685,0.0117953959205908,-1.53159078200487,"ENSG00000172476.4"
1.1897889009783,-1.53760468279517,3.31921423570895,0.00183475803038748,0.012002758072665,-1.53445130895651,"ENSG00000279265.1"
1.62649934020442,-0.106955938140504,3.35167048202652,0.00167233698179096,0.0112248678072556,-1.53594907910056,"ENSG00000178222.13"
-1.3215466765233,2.56726208850769,-3.43363869001723,0.00132086797801044,0.00947217906981447,-1.53755901454127,"ENSG00000070190.13"
-1.27264453651583,0.214990323495432,-3.35776579106128,0.00164340114128623,0.0110952213416177,-1.53765874719518,"ENSG00000250539.1"
-1.1371312311003,3.15268852409526,-3.45781402396449,0.0012314724509338,0.00902588742916187,-1.5403085956504,"ENSG00000104894.12"
-1.53730289306521,1.44779734693007,-3.39133478098148,0.00149239242212365,0.0104164634489698,-1.54227336863804,"ENSG00000118308.15"
1.66653467911231,3.79630788431986,3.48305148407051,0.00114432884096733,0.00857306505770178,-1.54546457436888,"ENSG00000133048.13"
1.78691261134921,-0.897251055510147,3.32758667734969,0.00179148043825041,0.0117983760404224,-1.54917579713548,"ENSG00000122012.14"
1.34863126232767,0.630391132719263,3.36560031416282,0.00160690835425244,0.0109559349428238,-1.55044638666122,"ENSG00000198598.6"
-1.2923835033473,0.048701309768049,-3.34848720734714,0.00168764081055469,0.0112897687773648,-1.55099447150351,"ENSG00000185669.6"
1.14632548484171,3.28081689333353,3.46187848542898,0.00121702209888431,0.00895008824858435,-1.55200160724734,"ENSG00000133104.14"
1.42555703964868,0.807953972099005,3.36888037049867,0.00159186029987341,0.010883437485802,-1.55520312309067,"ENSG00000111052.7"
2.17509536875946,-1.24581669103949,3.316708326554,0.00184790324420366,0.0120669131911232,-1.55565354989232,"ENSG00000135914.6"
2.39172682747647,-1.74340006270533,3.30564492583693,0.00190701567843636,0.0123409682086601,-1.55788743915718,"ENSG00000215146.5"
2.28592987923987,-1.09466654057535,3.31855986338611,0.00183818206215235,0.0120171382162584,-1.55972869536647,"ENSG00000107984.10"
-1.03045924811458,2.45336988620657,-3.42022233452012,0.00137311781414491,0.00979314218411244,-1.56429871377044,"ENSG00000269416.6"
1.25493642877384,1.68828908012062,3.39353777207916,0.00148295925319614,0.0103706723872487,-1.56429982711071,"ENSG00000171827.11"
1.21640920525218,3.28345357499268,3.45609328363641,0.0012376394454099,0.00906431040967741,-1.56705982664421,"ENSG00000151835.16"
-1.15961876806434,5.03141736784213,-3.51145406741795,0.00105331065316373,0.00806687838512818,-1.56836173500228,"ENSG00000179178.11"
-2.87436094511037,2.7013508284423,-3.41977975654673,0.00137487458946367,0.00979854278481453,-1.56866306949904,"ENSG00000198074.10"
1.08436480732883,4.57419000721167,3.50166284749564,0.00108387557753651,0.00824577400813714,-1.57307515070353,"ENSG00000132688.11"
2.38111063381266,-1.61203133007561,3.30190128001593,0.00192742183823559,0.0124101913170598,-1.57421213945772,"ENSG00000236452.1"
-1.80214084413162,-0.210747487898197,-3.33215949756328,0.0017682549048793,0.0117004406564507,-1.57507297791649,"ENSG00000132517.15"
1.61784026315049,-1.29848538250471,3.30537354900308,0.00190848799391296,0.0123409682086601,-1.58385000779168,"ENSG00000077264.15"
-2.55198650958592,-2.59544511407678,-3.27794240290358,0.00206301189981947,0.0129847227312554,-1.58529610611298,"ENSG00000163534.15"
1.7433744146225,3.11870576960897,3.44092986176147,0.00129327409535948,0.00934424053872366,-1.58549779304659,"ENSG00000135960.10"
1.74707863015588,-1.67722198276984,3.29562359915829,0.00196210697666848,0.0125594984808889,-1.5878126947238,"ENSG00000241935.9"
-1.24164102459945,4.19566126325439,-3.48001299051767,0.00115449966540631,0.00861073157668482,-1.5907678308217,"ENSG00000198624.13"
1.08073591821586,5.86855471538785,3.51554759694593,0.00104077806722431,0.00799901794825553,-1.5920937501183,"ENSG00000152818.18"
1.01374621943497,0.686865947035473,3.35100451347441,0.00167552770951677,0.011242435411631,-1.59306741976571,"ENSG00000225968.7"
-1.31025028087129,6.48376721104127,-3.51467244759001,0.00104344533563386,0.00801637509813382,-1.5947995598962,"ENSG00000198682.13"
1.85699601981825,2.04702576269979,3.39278137284157,0.00148619171660268,0.0103849592145422,-1.60118644876785,"ENSG00000149596.7"
-2.44633917054998,-1.08628956988435,-3.29978109296672,0.00193907054170586,0.0124729058532431,-1.60125534170525,"ENSG00000132185.18"
-1.49466816404934,-0.147257942393705,-3.32392898396236,0.00181026650170516,0.0119050847848364,-1.60219034353281,"ENSG00000253508.1"
-1.62983252548013,-1.34563263850346,-3.29398907706927,0.00197123475063095,0.0125848350768057,-1.60593834476479,"ENSG00000187980.7"
-1.43825541212466,-1.7798109046584,-3.28329165039792,0.00203197598143427,0.0128264395016099,-1.60954647311252,"ENSG00000108786.11"
1.5218740506914,-2.0578983029322,3.27877223355271,0.00205816798201157,0.012966722832686,-1.61165097683698,"ENSG00000250986.1"
-1.23425357790841,-1.56123500732877,-3.28563236315147,0.00201853519470245,0.0127910151995269,-1.61680810606999,"ENSG00000128886.12"
-5.14140281109527,1.7098529829722,-3.35831081115263,0.00164083714595276,0.0110862235185559,-1.61919154521779,"ENSG00000167434.10"
2.0899240740766,-1.10435305430922,3.29547272176232,0.00196294784729018,0.0125594984808889,-1.61955577784251,"ENSG00000233237.8"
-1.52930647176414,-0.840793146570704,-3.29949345227975,0.0019406560349831,0.0124750924038628,-1.62227617221807,"ENSG00000182487.12"
1.06406906842685,2.51956852066159,3.40208778016642,0.00144688381460482,0.0101821981583425,-1.62701917346228,"ENSG00000196440.11"
-1.50684723094408,7.33719941080346,-3.49709841970276,0.00109841249316676,0.00831155030454062,-1.62852630168225,"ENSG00000100300.18"
1.76654181714961,0.137137346586519,3.32240039826736,0.00181817273909766,0.0119420752840029,-1.63004221630349,"ENSG00000100867.15"
1.30124105188517,0.586921715385758,3.33437996852625,0.00175708059575756,0.0116382845136563,-1.63030154349354,"ENSG00000114948.13"
1.63771229655926,-2.15493533326555,3.26960268561133,0.0021122972137096,0.0131647823686887,-1.63083873050585,"ENSG00000228252.9"
1.27589021159254,1.39619114939143,3.35807753725861,0.00164193409440432,0.0110891353272102,-1.6326638130665,"ENSG00000115252.18"
1.01514748780089,3.94197803480444,3.45994397986897,0.00122387951303097,0.00898363062046097,-1.63320974900729,"ENSG00000165655.17"
1.5120898053752,1.00543965710693,3.34474242710548,0.00170581472065357,0.0113717114631533,-1.63511789764858,"ENSG00000198759.12"
1.63591420467968,-2.13837092211839,3.26790971864056,0.00212243762504801,0.0131893857612334,-1.63584917976465,"ENSG00000139988.10"
1.08080138074619,0.581823762391749,3.33175537818125,0.00177029585270036,0.0117060440094581,-1.63667884975347,"ENSG00000270157.1"
-4.05242818363357,-0.597964106920025,-3.29288681695313,0.00197741292598887,0.0126160617725147,-1.63699630412626,"ENSG00000131096.10"
1.67583554042431,-2.07168784180072,3.26768487496534,0.00212378784610294,0.0131935945851376,-1.63994724721622,"ENSG00000259116.2"
-2.88827749535122,0.111310973758204,-3.31237896169037,0.00187082488935295,0.0121737115103398,-1.64186169879248,"ENSG00000184709.7"
1.67719259226528,1.30736252451891,3.35086197555694,0.00167621137644149,0.0112427596585898,-1.64452929712889,"ENSG00000129682.16"
-1.82551352166244,-0.847915524971481,-3.28407253592343,0.00202748258368697,0.012825676164625,-1.6600413131203,"ENSG00000127129.10"
-1.65396239250202,-0.693735580893545,-3.28771441756843,0.0020066506304213,0.0127404120013083,-1.66109602350522,"ENSG00000205362.11"
-1.9683064898645,3.11644161491989,-3.40612622413576,0.00143013662145467,0.0100933256300361,-1.66143336404276,"ENSG00000244734.4"
1.61393225005606,0.581106470727378,3.32190275236254,0.0018207537664518,0.0119449784726399,-1.66317967825823,"ENSG00000078018.20"
1.07197949742791,-0.0171831000749512,3.30543166360278,0.0019081726107834,0.0123409682086601,-1.66434595020492,"ENSG00000225439.3"
1.42510186011107,-1.68711844154536,3.26576303792579,0.00213536206728126,0.0132439146148565,-1.6649762066094,"ENSG00000268521.1"
-1.27624348901825,5.65356267096566,-3.48520659985483,0.00113716695979564,0.00853898713663475,-1.66712022115364,"ENSG00000170412.18"
-2.42523386993215,-2.81563335069837,-3.24274555098786,0.0022787151408469,0.0139049141149843,-1.66895679133157,"ENSG00000242076.2"
1.00745932398751,3.55196629756212,3.4304454776982,0.00133312903653084,0.00954265348310467,-1.67067569800859,"ENSG00000139278.10"
-2.79186193939286,-0.570874603826088,-3.28361442238667,0.00203011753114037,0.012825676164625,-1.67369079188551,"ENSG00000226777.7"
1.99163090644686,-1.09764441204236,3.27484836655685,0.00208116805805957,0.0130449032124864,-1.67423570849052,"ENSG00000172139.15"
-1.13961012987319,7.07234392247538,-3.48348601284582,0.00114288135256857,0.0085720473597779,-1.67460791686646,"ENSG00000126934.14"
1.19963065078507,1.17394955945986,3.33351949090315,0.00176140287443587,0.0116590360419277,-1.67872870892698,"ENSG00000115896.16"
1.27665174040149,1.87965962904855,3.35644433691306,0.00164963363956594,0.0111287748343659,-1.68252422532027,"ENSG00000134775.15"
-1.94545307259274,0.829588965175341,-3.31939477784226,0.00183381440334934,0.012002758072665,-1.68255763252664,"ENSG00000012124.17"
-1.2215404275504,5.6981166767527,-3.47954894241074,0.00115606057229981,0.00861343936866036,-1.68502071939136,"ENSG00000125656.11"
2.33245912903564,1.31248867985644,3.33553102444741,0.00175131447856272,0.0116118605568822,-1.68633315654013,"ENSG00000113296.14"
-1.42826315313504,6.25700515951796,-3.47947547245005,0.00115630788627533,0.00861343936866036,-1.69079226835604,"ENSG00000176058.13"
1.01754168955347,4.21565999347814,3.44753403387553,0.00126875595901928,0.00921304790093778,-1.69295522680492,"ENSG00000173542.9"
-1.28967142200257,5.39549147950111,-3.47173064285617,0.00118266407121749,0.00875653768137847,-1.69463334015407,"ENSG00000102879.16"
-1.8595057249372,-2.62858652568836,-3.23423048931019,0.00233402212335398,0.0141307589768581,-1.69480263992234,"ENSG00000165496.5"
1.27939259356998,0.850900308753257,3.31757001490466,0.0018433730319147,0.0120430428736153,-1.69485439651185,"ENSG00000185345.23"
1.82834722182907,-1.39942105126816,3.2589166040599,0.0021770826477293,0.0134607008487482,-1.69839910273692,"ENSG00000273828.2"
1.64882190162448,1.22117437980188,3.32695455772869,0.00179471372680345,0.0118157009159531,-1.70088574892459,"ENSG00000281026.1"
1.17283417634019,5.75450716172288,3.47519099250642,0.00117081806920746,0.00869509813063694,-1.70129468784921,"ENSG00000182871.16"
-1.15064088508577,-0.203789731238415,-3.2839893235049,0.00202796095802948,0.012825676164625,-1.704484476183,"ENSG00000104808.8"
1.89320485799077,-2.31977659162266,3.23790651644962,0.0023099913864067,0.0140358047485379,-1.7047846947802,"ENSG00000259723.1"
1.84872469412102,0.913373415250963,3.31564116258732,0.00185352838479716,0.0120892473427589,-1.70551418390243,"ENSG00000228956.8"
1.86863423541099,-1.1611792906494,3.26114393015377,0.00216342573466235,0.0133847033618776,-1.7064409273564,"ENSG00000214353.8"
-1.20386022038961,-2.50285273602669,-3.2311221811923,0.00235452619102672,0.0142170743767385,-1.70753005188925,"ENSG00000213561.4"
1.08947379982048,-1.65979341637023,3.24892295438523,0.00223937147983126,0.0137375210367871,-1.71038419498088,"ENSG00000227542.1"
-1.69028388505407,-0.324819028888716,-3.27701730019595,0.0020684246955645,0.012993763082742,-1.71267185271533,"ENSG00000188487.12"
1.59565700662605,-2.48194511356088,3.23156215211574,0.00235161357622328,0.0142055833754398,-1.7128030161199,"ENSG00000227825.4"
1.66344920880675,4.72318907598316,3.45046745130167,0.00125800852509221,0.00916984280007975,-1.71473612423047,"ENSG00000163520.14"
1.61543013292338,-0.627183372557817,3.26918821303509,0.00211477553442604,0.0131709940050689,-1.71901378528955,"ENSG00000123119.12"
1.62882892533303,-1.61054236204562,3.2463155345429,0.0022558988675063,0.0138172924699558,-1.71934296617891,"ENSG00000197083.11"
1.19573592441337,1.16221395471785,3.31652410005177,0.00184887316261013,0.0120669131911232,-1.72289750394251,"ENSG00000064225.12"
1.82011163944122,-2.64718393561706,3.22213675781723,0.00241476256713072,0.0144512257953895,-1.72977212769494,"ENSG00000181291.8"
-1.80180891233517,4.96091024630782,-3.445997925518,0.00127441886572595,0.0092336497714054,-1.7302224043211,"ENSG00000164120.14"
1.17483794950519,0.979212475840972,3.30616976124004,0.00190417132123841,0.0123333937641891,-1.73506042895016,"ENSG00000242732.4"
-2.66035007931079,2.92548597247057,-3.36758543215738,0.00159778504245312,0.0109074420412033,-1.73544263096831,"ENSG00000086696.11"
1.73573048440376,-2.05980433463453,3.23084774955851,0.00235634466300237,0.0142199994361459,-1.73559507486992,"ENSG00000267199.1"
1.25936100665333,-0.322516485721153,3.27033731614231,0.00210791129073789,0.0131449455363254,-1.7361064095979,"ENSG00000182771.19"
-5.8794482405207,1.97878880708027,-3.3161462983337,0.00185086373238771,0.0120758849707799,-1.73629146685839,"ENSG00000016602.9"
2.64220786494726,-2.19478083926506,3.2272407019185,0.00238037010227115,0.0143158086580148,-1.7389312767477,"ENSG00000197085.11"
1.5642654114061,-0.4600074187564,3.26453058690203,0.00214281593606591,0.0132739492077435,-1.74200477804992,"ENSG00000137142.5"
-1.06781787498625,5.84137901654199,-3.46072003140036,0.00122112415164586,0.00897016115292948,-1.74228352562651,"ENSG00000167114.13"
-2.75554919863412,-0.889443988544255,-3.24777816429496,0.00224661366178306,0.0137690238990055,-1.74565308939028,"ENSG00000211968.3"
2.04820187367344,1.69811113870732,3.32617730246141,0.00179869698901927,0.0118379500391782,-1.74592212636828,"ENSG00000173641.18"
-1.16406652155096,5.63825063846394,-3.45594854142732,0.0012381595327844,0.00906473330835357,-1.74891295404859,"ENSG00000185187.13"
1.53982858959824,-0.794317207594213,3.25313940666714,0.00221288771709091,0.0136316286299342,-1.75042123138295,"ENSG00000253771.6"
1.54328976315273,-1.82683140362868,3.22927388101547,0.00236679933823672,0.0142560577036772,-1.75137212040011,"ENSG00000196632.10"
1.51566713351267,0.0925312822840028,3.27417945091085,0.00208511321485264,0.013060936003323,-1.75379246871954,"ENSG00000102385.12"
-1.14524242261903,3.54020016916454,-3.39390078014777,0.00148141032312583,0.0103693433756533,-1.75732816379961,"ENSG00000173083.15"
1.03704095479197,2.71905972084667,3.35953007821025,0.00163511500066195,0.0110806148295292,-1.76485140209428,"ENSG00000182247.10"
1.06578923181983,3.71590707435569,3.40105975957056,0.00145117671966615,0.0101977672995607,-1.76847178313834,"ENSG00000185585.20"
1.12051413818159,2.83599698260054,3.35999532570545,0.00163293655772411,0.0110806148295292,-1.7766319736026,"ENSG00000102781.14"
-1.41163725069393,-0.51167127688686,-3.24785380814978,0.00224613443874446,0.0137690238990055,-1.77810887838784,"ENSG00000283787.2"
1.127600137059,1.77775500309919,3.31660498903129,0.00184844723755095,0.0120669131911232,-1.7785265880053,"ENSG00000235217.6"
1.79855941576212,-0.732069918697922,3.24283538408004,0.00227813833213498,0.0139049141149843,-1.78056636587011,"ENSG00000144649.9"
-1.34209319193882,1.75557211306149,-3.31216761743035,0.00187195073116097,0.0121760130151336,-1.78187386993541,"ENSG00000162300.13"
1.77401097133232,-0.776444018654657,3.24116854761808,0.00228886347867914,0.0139321506870485,-1.78217400138842,"ENSG00000123201.14"
1.51796117754409,0.374756675918741,3.27051433516957,0.00210685573655031,0.0131425432932884,-1.78336147053207,"ENSG00000276334.1"
-1.22987427025573,6.76633617515422,-3.44504640749581,0.00127793876084456,0.0092557323033315,-1.78513313595328,"ENSG00000168961.17"
1.0747062264288,-0.732412992975398,3.24132036176915,0.00228788466383314,0.0139321506870485,-1.78578133784659,"ENSG00000246596.7"
-1.18455296666501,5.10127597707261,-3.43170597603743,0.00132827614826462,0.0095148637789098,-1.7917814299144,"ENSG00000122140.11"
1.47318385356548,-1.3424698965172,3.2239305987612,0.00240262165549466,0.0144168851694421,-1.79315065668659,"ENSG00000287569.1"
1.29263395757479,-2.08581033958703,3.2072654190616,0.0025176740406767,0.0148411056047828,-1.79400137342489,"ENSG00000130997.16"
-1.11723489305986,8.43562381456718,-3.42197353920028,0.00136618753674511,0.00975436010394193,-1.79894191583448,"ENSG00000126247.11"
-1.42901090188653,0.799408275063965,-3.27384297853049,0.00208710035617168,0.0130692077876404,-1.80139558790636,"ENSG00000105649.10"
2.00271422226584,1.85871200722845,3.31032417584622,0.00188179817520347,0.0122167334513375,-1.80343764642477,"ENSG00000042832.12"
-1.58885406709269,4.15923801088809,-3.39611273214409,0.00147200535281128,0.0103182470315402,-1.80641884410079,"ENSG00000253958.2"
-2.81899086575427,-0.77595620582004,-3.22632690986276,0.00238649331987601,0.0143394385625158,-1.80835009280628,"ENSG00000231292.6"
1.67907961277634,-1.14235992593933,3.22204029771381,0.00241541706270995,0.0144512257953895,-1.80961148701705,"ENSG00000224417.2"
1.02207406961511,-0.501750301504664,3.23758767602436,0.00231206637376439,0.0140428665811725,-1.81007551088115,"ENSG00000250519.7"
1.07730117964191,-0.296713679069824,3.24189236818261,0.00228420023997497,0.0139210537472643,-1.81209872113158,"ENSG00000232811.1"
2.12716225140395,-1.49057450059262,3.21263117662287,0.00248007276893271,0.0146842076776334,-1.81244184762694,"ENSG00000180176.15"
1.28119146396628,0.23775139902123,3.25561945353531,0.00219744938386542,0.0135567000063138,-1.81246266741297,"ENSG00000240771.8"
1.30405880878739,-0.222026682172798,3.24293577667879,0.00227749388567166,0.0139049141149843,-1.81412672373236,"ENSG00000167178.16"
1.37650018713736,2.24122170166116,3.3203578194393,0.00182878872869086,0.0119796965635526,-1.81583851771564,"ENSG00000251136.9"
-3.4156592237717,2.92502947404763,-3.33096830668304,0.00177427727797121,0.0117205122344689,-1.81745051443716,"ENSG00000080493.18"
1.29875581391315,4.67114096380541,3.41388923651188,0.00139846164999632,0.00991976812946016,-1.81952491550588,"ENSG00000174807.4"
1.19739213101437,-2.16613212922188,3.19457245204438,0.00260878033906094,0.0152316102822004,-1.82208213754781,"ENSG00000271966.1"
1.83722923205797,1.12552393477863,3.27733169210868,0.00206658367177692,0.0129905224331062,-1.82419164653954,"ENSG00000170153.11"
1.55526639310988,-2.09267946250237,3.19465732749751,0.00260816090172609,0.0152316102822004,-1.82626724148761,"ENSG00000135312.7"
1.55642124849756,-1.41681711054191,3.20733186697853,0.00251720511645573,0.0148411056047828,-1.8309934050889,"ENSG00000287117.1"
-1.08449908464667,3.92593658393205,-3.38309270896492,0.00152819453454265,0.010587202135775,-1.83171637666308,"ENSG00000110324.11"
1.62833009288502,-1.14941058615448,3.21308170038173,0.00247693996689494,0.0146830622323043,-1.83203203709202,"ENSG00000272037.1"
1.87594669945062,-1.76866692257104,3.19844307403967,0.00258067284582277,0.0151215396937242,-1.83351517906096,"ENSG00000125675.18"
1.19937857620015,-1.30731162200791,3.20835497681317,0.00250999543539963,0.0148225814778449,-1.83557336962885,"ENSG00000158089.15"
1.13379467559581,1.8138179999663,3.2964166827341,0.00195769258131374,0.0125474078944875,-1.83576427642126,"ENSG00000108950.12"
-2.80451907395454,1.63864931101863,-3.28367084645739,0.00202979281943463,0.012825676164625,-1.83801538314123,"ENSG00000140274.14"
1.45579118825816,-0.428319948741179,3.22797292456066,0.00237547430182651,0.0142951347948467,-1.83916388287958,"ENSG00000284052.1"
-1.17786598536555,5.01932505292564,-3.41232190341226,0.00140480234742752,0.00995394102770652,-1.84068392762483,"ENSG00000167107.13"
1.57641067147057,3.06339523654257,3.34393734149871,0.00170974615249791,0.0113901743343099,-1.84411531093211,"ENSG00000136383.7"
1.20107700120465,1.79568079999545,3.29190133517313,0.00198295212150936,0.0126349558967541,-1.84612143707634,"ENSG00000198932.13"
1.75957338304796,-1.48436900968529,3.19916123721047,0.00257548932878953,0.0151047094765922,-1.84772472866727,"ENSG00000151322.19"
1.77556600853938,-1.08866306067773,3.20797293942792,0.00251268529888473,0.014833998184262,-1.84873889610223,"ENSG00000261105.6"
1.13833241088366,-1.8947480094937,3.18899868913004,0.0026497646794125,0.0154059932750634,-1.85092081564514,"ENSG00000167094.16"
-1.02670750810301,5.56904852391299,-3.41869750672627,0.00137917952463367,0.0098185162527116,-1.85119065354657,"ENSG00000176920.13"
-1.0078512294602,4.97922697158276,-3.40776462228808,0.00142339512334302,0.0100566071309057,-1.8533837857879,"ENSG00000167645.17"
-1.19469245804786,5.5794449083396,-3.41699926057006,0.00138596067939608,0.00985494292746989,-1.85353836546271,"ENSG00000090013.11"
1.28912566183212,-0.748085287772591,3.21458923672058,0.00246648424256732,0.0146697087478838,-1.85371823409062,"ENSG00000185634.12"
1.46597419168308,-1.2961741995433,3.2010709755338,0.00256175320386687,0.0150511637144183,-1.85473833932165,"ENSG00000178796.13"
1.57123642222892,3.50399829305199,3.3584199173182,0.00164032432399232,0.0110862235185559,-1.85507848744798,"ENSG00000164761.9"
-1.27283082547034,-1.1052739396858,-3.20304114631888,0.00254765505490685,0.0149878029688409,-1.85739228915783,"ENSG00000155961.5"
2.5467796832199,1.26986779611376,3.26869001896211,0.00211775811472963,0.0131770122492508,-1.8595481018826,"ENSG00000226476.6"
1.43608820811174,0.171928279043094,3.23536649871966,0.00232657069069828,0.0141003848413696,-1.86065608063081,"ENSG00000280739.3"
-1.83318906400846,2.32065607958038,-3.30201148902209,0.00192681815036974,0.0124101913170598,-1.8619821166913,"ENSG00000172955.17"
-1.39482583483338,5.81392554276957,-3.41362158988163,0.00139954248699825,0.00992384448466099,-1.86612045022498,"ENSG00000244187.8"
-2.87129815057785,-2.49442582444792,-3.17089688983539,0.00278710768937598,0.016001181071129,-1.86649311856944,"ENSG00000211594.2"
1.03383247570206,1.94141641525104,3.28916089877553,0.00199843311698496,0.012700576885448,-1.86759949035419,"ENSG00000070371.16"
-4.52846490439284,-0.880805909651722,-3.19423478375196,0.00261124608515187,0.0152382554300241,-1.8732186577581,"ENSG00000044012.4"
1.02758575746011,4.95231324211363,3.40082250361415,0.00145216919866607,0.0102010767462872,-1.87602249348291,"ENSG00000182568.17"
1.11757405014331,-0.220750807308751,3.21675652077574,0.00245152592635021,0.0146181926131454,-1.88222580450817,"ENSG00000230615.7"
1.14048403790999,2.3750579920592,3.30077145083525,0.00193362103284208,0.0124460190314845,-1.88260935818041,"ENSG00000088854.12"
2.10550288429786,-2.62712211768818,3.1623751373326,0.00285406811484194,0.0162682666157424,-1.88333611986894,"ENSG00000125363.14"
1.34491481981167,-2.11254031425474,3.17106803376425,0.00278577823760665,0.0159982331946444,-1.8850680700837,"ENSG00000178187.8"
-1.42848221278397,0.352476315976596,-3.22844144693426,0.00237234666379813,0.0142850825216296,-1.88643678733681,"ENSG00000226976.3"
-1.12641571432564,-0.924346985273469,-3.1962053545892,0.00259688747946283,0.0151887080049218,-1.88687175253416,"ENSG00000011590.14"
1.40951661834289,0.223967412181909,3.22636926512545,0.00238620917266299,0.0143394385625158,-1.88770278309408,"ENSG00000130224.15"
1.34837344280795,-2.49357265132201,3.16233676886703,0.00285437300612842,0.0162682666157424,-1.88818225592904,"ENSG00000171873.8"
-1.09523992502224,9.09650742882452,-3.37866475914175,0.0015477651932434,0.0106625032954076,-1.88870589083536,"ENSG00000111669.15"
-1.49487845424265,1.22761501037412,-3.25310074779685,0.00221312918118507,0.0136316286299342,-1.89021084357269,"ENSG00000185905.4"
-1.06875890380746,-1.15975007867247,-3.18880225798135,0.0026512201015028,0.0154059932750634,-1.89134165464414,"ENSG00000185527.12"
-2.51480882252068,-3.03451866601704,-3.15369523660663,0.00292383126101335,0.0165678137871178,-1.89181513955332,"ENSG00000242472.1"
2.26502929465114,-2.43645770445344,3.16238127936005,0.00285401931067322,0.0162682666157424,-1.89250178547416,"ENSG00000213981.8"
1.57582715499265,-0.07219792313362,3.2161399534128,0.00245577263210181,0.0146301665831018,-1.8935549716861,"ENSG00000103647.13"
-1.32887719833017,8.65539930275435,-3.38242752522903,0.00153111939090521,0.0105962325372706,-1.89719179297863,"ENSG00000188229.6"
1.24040344744716,-0.0581134094600504,3.21346517293152,0.00247427636932851,0.0146790917929166,-1.90160965015331,"ENSG00000087494.16"
1.38177434571395,-1.06417958703345,3.18703801781692,0.00266432585241285,0.015456877539206,-1.90463876232624,"ENSG00000279041.1"
-1.05716614953221,2.51669884826109,-3.29548089899581,0.00196290226512404,0.0125594984808889,-1.90587543350117,"ENSG00000196544.8"
2.1597350211427,-1.49736235995081,3.17568800380789,0.00275011573642047,0.0158631271339393,-1.90608768088619,"ENSG00000253649.5"
1.41014251553026,0.0736530361003701,3.21407273057462,0.00247006182795312,0.0146709180323243,-1.90904078366596,"ENSG00000267254.7"
-3.11123911536449,0.907109890391968,-3.23299160143985,0.00234217413656193,0.0141659976831773,-1.91001548354169,"ENSG00000280411.1"
1.15589138304049,-1.26185006885819,3.17974876777005,0.00271912653280336,0.0157167437506317,-1.91173228993194,"ENSG00000272549.1"
1.00421356100927,3.71460596376931,3.34698736746597,0.00169489750139704,0.0113143208758565,-1.91408186315692,"ENSG00000198707.17"
-1.05544736597698,5.34558729849334,-3.39199210295466,0.00148957181141911,0.010400478965343,-1.91489982947209,"ENSG00000130159.14"
1.16073925789513,1.56122232221077,3.25666412693849,0.00219097688986165,0.0135295410716937,-1.91641592204838,"ENSG00000240225.10"
1.35191693962077,-1.75153419948425,3.165690402472,0.00282783952444705,0.0161593184833311,-1.91835316399713,"ENSG00000171509.16"
1.16566536890022,0.927023948450183,3.23416003897553,0.00233448497232294,0.0141307589768581,-1.91996416623529,"ENSG00000198453.13"
1.52422656728248,2.65719013204976,3.2967161457283,0.00195602818981665,0.0125449423256608,-1.92362530414045,"ENSG00000158270.12"
-1.12269690267157,6.6786050799939,-3.39466145339259,0.00147816958323716,0.0103540524647902,-1.92479886710969,"ENSG00000185000.12"
1.44802529129562,-1.71267485164299,3.16343097178492,0.00284569008815583,0.0162376600315434,-1.92622683519672,"ENSG00000164591.14"
1.11272399052454,0.100642081120556,3.20748474391163,0.00251612657479575,0.0148409078295564,-1.92792865174157,"ENSG00000160539.6"
-1.17929910282689,5.08315195920354,-3.38090365254976,0.00153784007645732,0.0106127745649497,-1.92997433610421,"ENSG00000077463.15"
1.21127387252339,-0.567649482051877,3.18910357215168,0.00264898787649354,0.0154059932750634,-1.93079540340118,"ENSG00000247287.3"
2.08002894210599,-2.40028272706207,3.14716115993968,0.00297740656042009,0.0168282666805956,-1.93243494570522,"ENSG00000082482.14"
-1.23472074145302,2.62875429885753,-3.28966773147269,0.00199556134764556,0.0126864383209919,-1.93271841685121,"ENSG00000227507.3"
1.06848598527733,2.91459720717812,3.30410378402176,0.00191539127723048,0.0123733645408174,-1.93572279413954,"ENSG00000169896.18"
-1.75733622991094,-2.48005006699656,-3.14018161853791,0.00303565717210662,0.017038962071664,-1.93967327435904,"ENSG00000164485.15"
1.34235453242889,-1.71879300224748,3.15653173579897,0.00290085820197977,0.0164757317230636,-1.94346376396435,"ENSG00000185736.16"
-1.1441750243812,5.93211299000112,-3.3869545976497,0.00151131845006697,0.0105074147276642,-1.94470593455757,"ENSG00000145494.12"
-1.4267814889946,1.91754692350318,-3.255472055778,0.00219836407579887,0.013558076775751,-1.94645169105826,"ENSG00000168040.5"
-1.00925042924255,4.28898139627341,-3.35344930597031,0.00166384276853206,0.0111870031961041,-1.94722294635282,"ENSG00000171823.7"
1.39644257634808,1.34107105607866,3.23699476985138,0.00231592965461242,0.0140619748554757,-1.94812828690024,"ENSG00000181652.19"
1.60036751717289,0.0879067655483975,3.19890631474662,0.00257732816503736,0.0151109736853237,-1.94920656706499,"ENSG00000233608.4"
1.17146782504044,0.855092552703594,3.22067210953979,0.00242471852065693,0.0144936071085365,-1.94929195567069,"ENSG00000115468.12"
1.29980635998368,-2.38939729280193,3.13979409848905,0.00303892268564108,0.0170475302359596,-1.95016922991615,"ENSG00000205129.8"
1.17215193263784,-0.472160337531783,3.18316850379424,0.00269328555242275,0.0155949664916717,-1.95231821094952,"ENSG00000240859.3"
-1.26056016115214,4.58223516178756,-3.35852865743789,0.00163981337432725,0.0110862235185559,-1.95261521498312,"ENSG00000103266.11"
1.46916613735599,0.724858157251884,3.21539424343927,0.00246091813251191,0.0146519164609865,-1.95328593799343,"ENSG00000112276.14"
-1.34911171476151,-0.0263373538866581,-3.19218815094481,0.00262623838566068,0.0152970973824312,-1.95418812727807,"ENSG00000050730.16"
1.90513718896713,-2.53498803638466,3.13547164242645,0.00307557207356652,0.0172182298841842,-1.95498096198523,"ENSG00000269516.6"
-2.00426629530562,-1.85810775593924,-3.14616729740914,0.0029856363440008,0.0168547037605758,-1.95498293836699,"ENSG00000234663.7"
-1.02319086793531,2.16589992809463,-3.26280339159688,0.00215330355663604,0.013330492431767,-1.95504851640564,"ENSG00000287263.1"
1.50187843118048,-1.8206043207096,3.14855375096697,0.00296591107626564,0.0167771646166371,-1.95778195303594,"ENSG00000223658.8"
-1.41347945631739,1.2928286139727,-3.22951383705315,0.00236520255809022,0.0142549227911933,-1.95790237677318,"ENSG00000172575.12"
2.51193885648547,-0.0222672387493836,3.19170291473253,0.00262980482890096,0.0153133214955249,-1.95871084903312,"ENSG00000128714.6"
-1.10990809700549,7.10706260755941,-3.37610718541286,0.00155917769931487,0.0107072637382723,-1.96802733093381,"ENSG00000164062.13"
-2.62061218026843,3.34325401970856,-3.29423425777917,0.00196986300529419,0.012583582510923,-1.97009145204807,"ENSG00000196188.12"
-1.11907438503433,4.37124225591693,-3.34724074918907,0.0016936694813172,0.0113099740635916,-1.97128517012723,"ENSG00000177409.12"
1.49174182292475,6.21580759112404,3.37612662350108,0.00155909066039951,0.0107072637382723,-1.97286736354562,"ENSG00000141756.19"
2.24330301541864,0.454976726205154,3.19852610413478,0.00258007305183787,0.0151215396937242,-1.97658186268365,"ENSG00000181722.17"
-1.09933511113664,-0.235540390138167,-3.17686678108384,0.00274108583585126,0.0158156942017951,-1.98039346455672,"ENSG00000260996.1"
1.40801343230832,5.94807741828675,3.37260671977258,0.00157492760296896,0.0107852010421968,-1.98199920154488,"ENSG00000112655.16"
-2.48665553089848,-0.154308859602466,-3.17501657001933,0.00275527174381259,0.0158860375360036,-1.98454734202211,"ENSG00000112175.8"
1.2205864517343,3.24318235984795,3.29652201013296,0.00195710702673612,0.0125474078944875,-1.99353320092797,"ENSG00000157570.12"
-1.0853698073512,-2.01276298012961,-3.1284233322139,0.00313622915802241,0.0174932884415896,-1.99433890613273,"ENSG00000250221.1"
1.09016345143414,2.20149764510722,3.2508651307443,0.0022271354579296,0.0136838664331456,-1.99581650122391,"ENSG00000205269.6"
-1.53984910030531,2.86301021223001,-3.27364300821732,0.00208828219361429,0.0130724331698601,-1.99741237674279,"ENSG00000116711.10"
1.83804236777987,1.28455641539367,3.21627071324779,0.00245487142154213,0.0146292428847279,-1.99754930234008,"ENSG00000162383.13"
1.38264111281575,-1.74056208001812,3.13455677702685,0.00308338234655566,0.0172475875282654,-1.99779538379891,"ENSG00000277007.1"
1.13449405416495,-1.89286314202449,3.13112108320467,0.0031128804937483,0.0173927429354315,-1.99788194667448,"ENSG00000283828.1"
-1.18090350454742,7.55212143162899,-3.35972763763067,0.00163418962424578,0.0110806148295292,-2.00019183426029,"ENSG00000123159.16"
2.21551866041701,0.624821493132078,3.19410099846409,0.00261222363136191,0.0152382554300241,-2.00118852144744,"ENSG00000165078.13"
1.38533649841136,-1.34499591435155,3.14102688148328,0.00302854588192591,0.0170136591865442,-2.00483809997567,"ENSG00000260641.1"
1.87949940056421,-2.43019120938204,3.116742887317,0.00323924040986793,0.0178595465342718,-2.00705080671,"ENSG00000288531.1"
-1.58446404805058,6.89210592211704,-3.35922247045522,0.00163655684105824,0.0110833621505312,-2.01396352019236,"ENSG00000176387.7"
-1.49711536350926,3.19002154470677,-3.2806399380212,0.00204730520430237,0.0129065806545184,-2.01687490415161,"ENSG00000144063.4"
2.45955358319367,-3.25589586459868,3.10180727617332,0.0033756089520525,0.0183584435822306,-2.01799431358174,"ENSG00000112238.12"
1.02308011904719,3.88680162545611,3.31510577904326,0.00185635657768957,0.0121036671307555,-2.01886507363952,"ENSG00000151240.17"
-1.04293137757725,-1.87747368822289,-3.12175503694882,0.00319465296041311,0.0176975168930002,-2.01890030686544,"ENSG00000217716.3"
1.4646508361617,1.5061815205152,3.21431316346477,0.00246839585633319,0.0146697087478838,-2.02242455944198,"ENSG00000196876.18"
1.66977288150099,-1.81241720875155,3.12277732881524,0.00318563010819437,0.0176833136753281,-2.02330167914279,"ENSG00000236548.2"
-1.04366991501794,4.81116376253217,-3.34060883364403,0.00172609175799311,0.0114791804248348,-2.0259580197049,"ENSG00000176595.4"
-1.00002455986425,4.46654246183065,-3.33027276863541,0.00177780276421751,0.0117358925909927,-2.02661576529879,"ENSG00000130592.17"
-1.01417134724027,6.63450075443097,-3.35657026240984,0.0016490387568927,0.0111287748343659,-2.02947998131913,"ENSG00000100889.12"
-2.25117470285647,4.58160435601509,-3.31771080787589,0.00184263383551109,0.0120422263263435,-2.03276113118137,"ENSG00000114455.13"
1.11942182291535,-1.70216906015732,3.12136780584694,0.00319807698900693,0.0177022861226623,-2.03350656661078,"ENSG00000272275.1"
-1.22198567626826,7.04146368745425,-3.35207525881453,0.00167040047846409,0.0112168249660549,-2.03385410985956,"ENSG00000167815.12"
1.08474646608971,0.460897287336416,3.17474252338189,0.00275737879933927,0.0158860375360036,-2.03809739822927,"ENSG00000142621.19"
-1.22441670823333,-1.06938754977319,-3.13174610512646,0.00310749445578569,0.017367598717256,-2.04187980654266,"ENSG00000288156.1"
1.59771853615421,-1.81096458278129,3.11539430019735,0.00325133703979459,0.0179063052080073,-2.04198658113002,"ENSG00000224020.1"
1.47006970666696,1.72404709508657,3.21454505048775,0.00246679010703431,0.0146697087478838,-2.04246994837399,"ENSG00000173557.15"
1.57431722441241,-0.624625340525196,3.14039859278439,0.00303383024230752,0.0170335841153154,-2.05101125049839,"ENSG00000151789.12"
1.027247844505,0.264215793082496,3.16387149274614,0.00284220143463244,0.0162224749133635,-2.05173731943611,"ENSG00000232611.1"
1.29398055341098,0.366611639958674,3.16647524123628,0.00282166371899601,0.0161334321594155,-2.05259763124087,"ENSG00000182916.8"
-3.24733003733173,0.92039783092469,-3.17835069812668,0.00272975827989104,0.0157642535598067,-2.05303428386634,"ENSG00000168748.14"
1.51965769136527,2.14104195525505,3.22495502566745,0.00239571417557088,0.0143816203693334,-2.05726274770013,"ENSG00000088836.14"
1.07332680191645,2.17197270966402,3.22583686737925,0.00238978318093771,0.0143548066928507,-2.05835043434633,"ENSG00000147100.11"
-3.2261404925805,7.54761700387966,-3.33084789222565,0.00177488714868018,0.0117205919289403,-2.05886925376081,"ENSG00000275395.6"
1.11159196708748,-2.04710774829374,3.09986092914575,0.0033937731142218,0.0184226688224927,-2.06772292736436,"ENSG00000272024.1"
1.40410164354328,-2.12613184264922,3.09721507418869,0.00341861305736133,0.0185189235395414,-2.07052694822483,"ENSG00000251002.8"
-1.21724827978278,3.38787810430048,-3.27063466526254,0.00210613850149979,0.0131425432932884,-2.07054785387626,"ENSG00000177181.15"
1.32923952500905,-2.21581217277738,3.0950996007899,0.00343859671687402,0.0185830110545408,-2.07129154798569,"ENSG00000237082.1"
-1.17167933295858,2.03117213019512,-3.21277515838955,0.00247907115700858,0.0146842076776334,-2.07168973038058,"ENSG00000120217.14"
1.74741765197563,-0.366942461179266,3.13810261190374,0.00305321517401504,0.0171179115532568,-2.07373936376101,"ENSG00000158560.14"
1.30088345242029,-1.64118724378327,3.1067115459809,0.00333024540109876,0.0181793983321882,-2.07386866778842,"ENSG00000233337.1"
-1.01670520801455,4.36638257349317,-3.30781635128741,0.0018952737248275,0.0122879420135476,-2.07692868998635,"ENSG00000149781.13"
1.36993778913237,-2.30380490393523,3.09107981859762,0.00347687273651378,0.0187324998274496,-2.07696300346047,"ENSG00000228204.2"
1.34141205562362,0.0879032989138892,3.14875266798068,0.00296427249037039,0.0167727349051088,-2.07814382412252,"ENSG00000118407.15"
1.11672950724562,2.07547198543277,3.21379148838156,0.00247201191985334,0.014677851514429,-2.07967635556708,"ENSG00000138829.12"
1.96828333397106,-1.47673304268979,3.10787130787283,0.00331960211457448,0.018139386582594,-2.07971086659005,"ENSG00000247381.3"
1.63930523140599,-0.836630824346978,3.12166938021869,0.00319541006840869,0.0176975168930002,-2.08485658278292,"ENSG00000250320.6"
1.14009444383368,3.47379082322648,3.27257416546659,0.00209460989789297,0.0130953194062786,-2.0851341956573,"ENSG00000151067.22"
1.40784010161042,-0.276665662242371,3.13608724129781,0.00307032716890508,0.0172040109955853,-2.0853033688405,"ENSG00000276517.1"
-1.08134296238653,7.38370744003178,-3.3289098564634,0.00178473030542508,0.0117657775279638,-2.08869502221973,"ENSG00000078808.19"
-1.42689190723214,1.51116306443497,-3.1854044609944,0.00267651540882131,0.0155116054109815,-2.09162349199775,"ENSG00000180535.4"
-1.66687422947833,-0.103512207719131,-3.13587457149396,0.00307213816170453,0.0172092402281083,-2.0919297847898,"ENSG00000263429.3"
1.85146936551639,-0.725043444060585,3.12054872114298,0.00320533101584233,0.0177224252387492,-2.09438405297121,"ENSG00000094963.14"
1.33793086853591,0.96999932725078,3.16827157007144,0.00280757653325589,0.0160716337258438,-2.094604131542,"ENSG00000180190.12"
2.05575844946342,-1.98395000670114,3.08960207232073,0.00349104427510179,0.0188036851806719,-2.09773400357722,"ENSG00000233569.2"
-1.02009767916867,7.53157749190878,-3.32336619816164,0.0018131735652268,0.0119132308712589,-2.09945248692833,"ENSG00000142634.13"
1.17495623107097,-0.716962349520739,3.11858870643479,0.00322275243409854,0.0177836431812372,-2.10129853934071,"ENSG00000112214.10"
1.21313142780216,-1.06699323126781,3.1096319932285,0.00330350531685428,0.0180867146725063,-2.10169482812131,"ENSG00000215022.7"
1.33993020062351,3.19148285275454,3.25299873462174,0.00221376647749211,0.0136316286299342,-2.10177892229657,"ENSG00000176124.15"
1.25572968288063,-1.70687720974974,3.09346534868308,0.00345410981275207,0.0186405937211167,-2.10332535277371,"ENSG00000150551.11"
1.26127123012363,-1.33508051155391,3.10193316635086,0.00337443724841817,0.0183571633441972,-2.10436771286016,"ENSG00000271327.1"
-1.00022167561365,2.25236220793905,-3.20761336511059,0.00251521949526679,0.0148409078295564,-2.10861948421831,"ENSG00000104883.8"
1.31299102496889,-1.11670748768793,3.10509649486726,0.00334512050505837,0.0182330921940991,-2.10980415006975,"ENSG00000272842.1"
-1.87557033733764,-2.72050499361383,-3.06746321553261,0.00370997153364161,0.0195952860691211,-2.11132569041301,"ENSG00000128438.10"
1.21109274020388,4.29412103826399,3.29438987924115,0.00196899279938174,0.012583582510923,-2.11293462570045,"ENSG00000197496.6"
-1.46837971717119,10.0400457695281,-3.27877618897825,0.0020581449191243,0.012966722832686,-2.1143061379007,"ENSG00000171747.9"
1.45110706207863,1.79017359089314,3.18886705381074,0.00265073992466406,0.0154059932750634,-2.11584423373332,"ENSG00000146592.17"
1.51617777967066,-0.412806328211943,3.12041945217856,0.00320647727159434,0.0177237646988663,-2.11595970372183,"ENSG00000125531.7"
-1.48095727749983,-0.999669146931586,-3.10243862765042,0.0033697366003581,0.0183374217160129,-2.11849490208557,"ENSG00000226363.3"
-1.40309633313564,6.17389172557952,-3.32184534113455,0.00182105175225547,0.0119449784726399,-2.12011128483016,"ENSG00000099795.7"
-4.56522166393529,-0.935133054888958,-3.09560719011717,0.00343379180681667,0.0185667187436425,-2.12061249251508,"ENSG00000182271.13"
1.1690660880742,4.15887345722274,3.28551062168966,0.00201923217016434,0.0127912975535515,-2.12442850350282,"ENSG00000137710.17"
1.0131014003039,4.11471902429768,3.28349318783144,0.00203081538384212,0.012825676164625,-2.1272093082598,"ENSG00000146242.9"
1.13187427820711,-2.16957212454485,3.07336940902523,0.00365033587084378,0.0194215699006141,-2.12744785330186,"ENSG00000237977.1"
1.16879470291459,-1.62437947687748,3.08412861262576,0.00354400968400135,0.0190246211202058,-2.13161147350447,"ENSG00000177173.5"
1.58555285101465,-0.707569333246927,3.10655890152401,0.00333164863108444,0.0181793983321882,-2.13167174268515,"ENSG00000107165.13"
1.3101851466776,2.18401521953184,3.19816141383541,0.00258270848955503,0.0151289461147941,-2.13188860046627,"ENSG00000146021.15"
-1.15723205515385,7.56921861561924,-3.31042197306655,0.00188127452014077,0.0122167334513375,-2.13258524633373,"ENSG00000143774.17"
1.19274251605242,-1.28328436711959,3.09138568794066,0.003473946232812,0.0187270249767699,-2.13421747217785,"ENSG00000271009.3"
1.55410268202573,-2.19753600600354,3.06996228098912,0.00368462714488828,0.0195300200491687,-2.13525881056626,"ENSG00000164841.5"
1.74001820725655,-1.58898784306344,3.08228370651358,0.00356203219813423,0.0190864179493358,-2.13770424444208,"ENSG00000156414.19"
1.15132446129125,3.15120120384201,3.23787632476684,0.00231018779575293,0.0140358047485379,-2.13932836541442,"ENSG00000169071.15"
-4.01167318345127,5.48376158857855,-3.27483905039098,0.00208122295463927,0.0130449032124864,-2.14086223217608,"ENSG00000091138.13"
-2.19470223704787,-1.53555227077298,-3.07856097742835,0.00359866171436504,0.0192287044098636,-2.14179577218519,"ENSG00000124939.6"
1.39135524397816,-1.74295474742481,3.07662635257692,0.00361783698095163,0.0192957866834978,-2.14320217460377,"ENSG00000279821.1"
2.34500197272684,-1.88081906304317,3.07206986584782,0.00366337964501085,0.0194645586233286,-2.14701938396448,"ENSG00000170369.4"
1.347814101801,1.57845638633103,3.16468756143867,0.00283574934608423,0.0161950776811324,-2.1578424934981,"ENSG00000280693.2"
-1.31415389599162,5.3946246034429,-3.30007670840081,0.00193744237309674,0.0124665228641072,-2.1605779188696,"ENSG00000147813.16"
1.19640439465746,-2.04237206949836,3.0622496025789,0.00376337434372689,0.0197973483721785,-2.16202142037496,"ENSG00000279031.1"
1.31435002475209,3.45546674255703,3.2420992199119,0.00228286924557611,0.0139200446816985,-2.16253681985529,"ENSG00000174080.12"
2.20177083006132,2.42282168480252,3.19409736941409,0.00261225015303024,0.0152382554300241,-2.16453840719993,"ENSG00000164946.20"
1.686067100687,-1.51524155820949,3.07325261673424,0.00365150634919667,0.0194225267179462,-2.16477201381973,"ENSG00000286486.1"
1.4941951104989,-0.221887678860046,3.10614096314569,0.00333549350618504,0.0181907331522292,-2.16488971658748,"ENSG00000286545.1"
1.13798066547433,0.534636980523159,3.12742405469173,0.00314491961102313,0.0175268032671176,-2.16495101370909,"ENSG00000261098.1"
-1.16354814665388,-1.79380439634415,-3.06458419318482,0.00373937248312055,0.019697881337838,-2.16639814162306,"ENSG00000237506.3"
1.53838424108992,-1.25173222325416,3.07838967809881,0.00360035570175504,0.0192287044098636,-2.16832235819506,"ENSG00000258947.7"
1.31042621543991,-1.64522847948445,3.06890091209753,0.00369537110861146,0.0195550461418182,-2.16835865872182,"ENSG00000203650.9"
1.16847310514303,6.92378137227053,3.30236067043746,0.00192490663779736,0.0124101913170598,-2.16906169307174,"ENSG00000151914.20"
1.34601579459653,4.48602121321428,3.27801283473864,0.00206260035275912,0.0129847227312554,-2.16906682408739,"ENSG00000169554.22"
1.33091672755996,0.198639042729708,3.11419521299946,0.0032621284236311,0.0179554435355731,-2.17410131282329,"ENSG00000276248.1"
1.16092892991239,-0.544592163298903,3.09399976101174,0.00344902968077106,0.0186234304382257,-2.174572950747,"ENSG00000261934.2"
1.72114923078855,-1.94783200675364,3.05858169143877,0.0038013767948212,0.019927406784874,-2.17682923547707,"ENSG00000204380.4"
1.7547821850115,-2.94620071610459,3.03857023585243,0.00401514305410889,0.0206814718733464,-2.17765805559888,"ENSG00000228566.2"
1.21497482261333,-1.55933137531109,3.06721125454399,0.00371253588592354,0.0195953673317208,-2.17776185277066,"ENSG00000224843.8"
-1.04888329853007,-0.743984430401883,-3.08549300755303,0.00353073642829949,0.0189757725913486,-2.17973197542837,"ENSG00000121905.10"
1.3509081493034,-1.09561541986314,3.0763274641698,0.00362080800854862,0.0193024498005904,-2.18338761397309,"ENSG00000215861.6"
1.69477592916533,0.489140374418477,3.11601298478658,0.0032457822527664,0.0178855556064469,-2.19093724194107,"ENSG00000251396.7"
1.20291259110024,1.28864266144814,3.14081163378342,0.00303035529127974,0.0170189475338959,-2.19230717611244,"ENSG00000158023.10"
1.64316374451834,1.61361787331512,3.15166203557244,0.00294040390753431,0.0166520967680871,-2.195024504012,"ENSG00000163879.11"
1.30728084960608,-0.641049367787008,3.08325093909532,0.00355257277005972,0.0190513516766387,-2.19514984678982,"ENSG00000281641.3"
-1.00552038261586,7.61313623046415,-3.28664354565705,0.00201275494788409,0.0127667659360128,-2.19530404683241,"ENSG00000116133.13"
1.50352122329603,-1.92034728963307,3.05102050029319,0.003880857841302,0.0202276518467328,-2.19681015942984,"ENSG00000107147.14"
1.43122186742153,0.154855229167809,3.10337587635276,0.00336103676851483,0.0183147545535024,-2.1984256438375,"ENSG00000175984.15"
1.53127218562625,0.480930676878885,3.11234123296142,0.00327888009151979,0.0180274041150693,-2.19963633680502,"ENSG00000196263.8"
1.86009205035224,-0.447820428676615,3.08587218882231,0.00352705595272916,0.0189611897475207,-2.20036183822098,"ENSG00000248429.5"
1.36504952774644,-1.9955675907355,3.04668310064125,0.00392715351126817,0.0203681710882662,-2.20329274694428,"ENSG00000105697.9"
1.22733947249846,2.284864561013,3.17464370886692,0.00275813892545936,0.0158860375360036,-2.20395334995308,"ENSG00000197016.12"
-1.01708600964268,6.64340197316502,-3.29141478024829,0.00198569237881851,0.0126359898666393,-2.20447849969044,"ENSG00000149782.13"
1.24172623437686,-1.60350119998546,3.05407373254403,0.00384857696839527,0.0201106609920996,-2.20783143833197,"ENSG00000169385.3"
-1.38989539126817,6.59843047371468,-3.2888692755157,0.00200008726398734,0.0127069704788515,-2.20820490962674,"ENSG00000161714.12"
1.61202537991458,-1.05477778526104,3.06716711489661,0.00371298529212194,0.0195953673317208,-2.20824199686047,"ENSG00000203867.8"
1.38646976040358,-2.24741579606358,3.03703738016629,0.00403197452704557,0.0207265056573821,-2.21396688706605,"ENSG00000281091.3"
-1.10524073300822,3.27400684212025,-3.21103479764424,0.00249120370536287,0.0147382437680581,-2.21563908464605,"ENSG00000119922.10"
-1.70817750991734,5.09044580890773,-3.26957958992532,0.00211243524083926,0.0131647823686887,-2.21576972173941,"ENSG00000187608.10"
-1.97983005692678,2.75775672751267,-3.1842258469644,0.00268534291686073,0.0155581658475093,-2.216257344427,"ENSG00000137872.17"
1.45644749010181,4.11554711720217,3.24649346534627,0.00225476737007849,0.0138146778305496,-2.21737921598395,"ENSG00000162591.16"
2.16485312478156,-0.269507219875098,3.08331248758165,0.00355197163342353,0.0190513516766387,-2.21809263150474,"ENSG00000070193.5"
-2.27611274305266,-2.66163406399659,-3.02481463043206,0.00416857606972799,0.0212448927535968,-2.22052995021708,"ENSG00000188403.7"
-1.02842944596219,2.45315039995968,-3.17264735649152,0.00277353824957959,0.0159606665457169,-2.22129005802761,"ENSG00000170684.9"
1.59795598917729,5.00351509869802,3.26845874358646,0.00211914406625223,0.0131814525897656,-2.22569807037309,"ENSG00000230590.11"
-1.15109643939669,0.934672000644821,-3.11380671704304,0.00326563199138012,0.0179646410838941,-2.22667757156412,"ENSG00000152475.7"
1.45184390885176,1.10419087574078,3.12076677019756,0.00320339840321667,0.0177167359925151,-2.22787426430963,"ENSG00000138356.14"
-1.33543513431691,0.203251758135883,-3.09114276632164,0.00347627027422144,0.0187324998274496,-2.2286118468376,"ENSG00000183813.7"
-1.8088390281715,3.82454242521543,-3.22151653224798,0.00241897381927479,0.0144680905127216,-2.23028507423235,"ENSG00000157111.13"
-2.7841993630687,-1.0902322223146,-3.05180873505485,0.00387249980177327,0.0201979864627738,-2.23073930690079,"ENSG00000253451.1"
1.27729262164248,0.26251906381053,3.09359578736118,0.003452869211074,0.0186390291168273,-2.23092655128937,"ENSG00000218226.1"
1.39104938263567,-1.40413636829593,3.04929591115432,0.0038992036597451,0.0202886908049263,-2.23176011208574,"ENSG00000269696.2"
-1.96184455348261,-1.53247869613666,-3.04179462565979,0.00397995291229929,0.0205561003157376,-2.23484317376112,"ENSG00000196990.9"
1.17877703670981,-1.63411823151551,3.04203260578947,0.00397736717276912,0.020548158310754,-2.2359233563814,"ENSG00000268182.6"
1.59868178222144,0.511115856946847,3.09878721293426,0.00340383286392468,0.018465840379111,-2.2363195466259,"ENSG00000226453.2"
-1.7727942449938,-2.0610276856567,-3.02898807776605,0.00412145246631906,0.0210759512401282,-2.23752328265114,"ENSG00000271856.1"
1.84978508307845,-2.42606824399125,3.02398618533529,0.00417799023808861,0.0212818073806093,-2.23795531771525,"ENSG00000242082.2"
-1.29012612985878,-0.424953275959842,-3.06985384506486,0.00368572346481958,0.0195300200491687,-2.23877764747657,"ENSG00000232070.9"
1.01502109221665,3.44018344088742,3.2134377272038,0.00247446691704526,0.0146790917929166,-2.23890870077966,"ENSG00000152229.18"
2.22631171948807,-1.31408921179292,3.04787045376544,0.00391442886028271,0.0203404045501886,-2.23903617631512,"ENSG00000196917.6"
-1.10843406508549,7.67470841857208,-3.26891600862472,0.00211640466926105,0.01317277141128,-2.24023796413686,"ENSG00000197728.11"
1.62537781607458,-1.71048806004984,3.03816214525873,0.00401961762290748,0.0206943284002496,-2.2405109521911,"ENSG00000145794.17"
-1.05756054088868,5.95386650969961,-3.27756968922515,0.00206519103671496,0.0129900979999466,-2.24061350376786,"ENSG00000188486.3"
-1.28483914271583,3.26699235956247,-3.19923745415614,0.00257493979292002,0.0151047094765922,-2.24261589862163,"ENSG00000041353.10"
1.09227158058881,4.5093745700736,3.25204771559257,0.00221971605680795,0.0136553978693996,-2.24519772297138,"ENSG00000000971.16"
1.16725886174264,-2.27411424775804,3.02366848973903,0.00418160571304819,0.0212927936237049,-2.24521967448636,"ENSG00000171357.6"
-1.91827808646507,0.166538637349769,-3.08230031663363,0.00356186955314161,0.0190864179493358,-2.24574704441368,"ENSG00000138798.13"
-1.23778934837983,5.46614930606291,-3.26919521589074,0.00211473363825573,0.0131709940050689,-2.24733093776906,"ENSG00000174917.9"
1.21292055148335,4.23886655091019,3.24118071319024,0.00228878502708228,0.0139321506870485,-2.24734479947908,"ENSG00000131620.17"
1.29407486823703,0.074390881320003,3.08129516319225,0.00357172453249953,0.019133009588608,-2.24853124947937,"ENSG00000168490.14"
1.21805725567311,-0.284736234037128,3.07034319691718,0.00368077840052357,0.0195300200491687,-2.2512322051791,"ENSG00000286599.1"
-1.0666929854545,5.33208406786918,-3.26418677338277,0.00214489972006807,0.0132826607427841,-2.25805136224914,"ENSG00000105364.14"
1.57720156033487,0.0375761148070835,3.07630259600686,0.00362105530789409,0.0193024498005904,-2.25841941426786,"ENSG00000128594.8"
-1.1408057247256,2.95610944199266,-3.17925509266707,0.00272287625199113,0.015729143133924,-2.25934552081771,"ENSG00000169972.12"
1.36577771898868,3.43398572587076,3.20309759438808,0.00254725220749779,0.0149878029688409,-2.26070845501352,"ENSG00000204271.13"
1.89169725294869,0.618688235789599,3.09223577489615,0.00346582492612065,0.0186883838012985,-2.26141399288811,"ENSG00000133063.16"
-1.14713183727937,2.45785346857294,-3.1569912363828,0.00289715274499467,0.0164594542794452,-2.2614368022139,"ENSG00000186810.8"
1.47271660325919,-2.15580163565377,3.01967119906096,0.00422734772948348,0.0214385358469356,-2.26179848781382,"ENSG00000231952.3"
1.41795330789352,-1.29017283440201,3.03906545823091,0.00400971939900976,0.0206608563829133,-2.26423023003876,"ENSG00000130988.13"
-2.42392744803247,-2.16018248161886,-3.0157008675815,0.00427324568538438,0.021609815555235,-2.26424272430302,"ENSG00000116748.21"
1.25514673732585,3.29641264542464,3.19557155669629,0.00260149749463474,0.0152072033034612,-2.26550745412741,"ENSG00000115355.17"
-1.20660340359391,4.0277936587176,-3.22254784546745,0.00241197516096237,0.0144438561410594,-2.26644697641121,"ENSG00000196517.13"
-1.12376893663755,4.97892888799057,-3.25170551326432,0.00222186058218809,0.0136643031914616,-2.2706629852328,"ENSG00000177542.11"
1.26389675069567,0.529136299951744,3.08501218501441,0.00353540867044998,0.01899047188845,-2.27230975275125,"ENSG00000177679.16"
-1.04338922352361,6.15582638133918,-3.26566717936487,0.00213594093706907,0.0132439146148565,-2.27451155943739,"ENSG00000105355.9"
1.09423529766556,-2.11673059068449,3.0148399192248,0.00428325993776528,0.0216437098813985,-2.27505236665197,"ENSG00000145283.8"
-1.0958821335836,5.06162920598021,-3.25205426828878,0.00221967501129794,0.0136553978693996,-2.27626149764022,"ENSG00000138744.16"
1.40103900426724,1.56940545761441,3.11793888559041,0.00322854798419891,0.0178106110799673,-2.27722634309949,"ENSG00000112541.17"
-1.19894944618665,5.50253064278479,-3.25641803493216,0.00219249997514225,0.0135304232019638,-2.28333526107101,"ENSG00000170638.10"
-1.12289310003167,4.59377010214043,-3.23560152580975,0.0023250318923925,0.0140963913589435,-2.2872153707623,"ENSG00000114859.16"
-1.17428825620806,7.68856722871822,-3.25038049363562,0.00223018280133816,0.0136941798998607,-2.28865809218121,"ENSG00000079385.23"
1.39467094936175,-1.33574505404679,3.02778310638518,0.00413500654764335,0.0211232252144595,-2.28913107021001,"ENSG00000232000.3"
-1.04876844071771,8.13608969864998,-3.24280892334715,0.00227830821930426,0.0139049141149843,-2.29299098168415,"ENSG00000132507.18"
-1.03348615185943,5.78911957885338,-3.25655036920068,0.00219168082187318,0.0135296266352788,-2.29393286675452,"ENSG00000162302.13"
1.19483724387034,2.75403776818269,3.1597353529765,0.00287511680132088,0.0163532172923403,-2.29598188431607,"ENSG00000137462.9"
1.17714951063887,5.33797973322283,3.25037601558032,0.00223021097726488,0.0136941798998607,-2.29774146154938,"ENSG00000136193.17"
1.84751600924915,-0.904163792331165,3.03339569089653,0.00407222805551796,0.020895080674296,-2.30126744901174,"ENSG00000228696.10"
-4.43804474865178,3.14674686538269,-3.14200549133553,0.00302033236425093,0.0169986609254549,-2.30260617451571,"ENSG00000179914.5"
1.51032584698531,-0.552437346276135,3.0391609999575,0.00400867382206458,0.0206608563829133,-2.31090934732632,"ENSG00000254111.3"
2.28359002648479,-2.33413114254461,2.99592429799385,0.00450891323034717,0.022419922088305,-2.31207073559245,"ENSG00000115593.15"
1.43993619453324,-2.0699167293223,3.00001459931923,0.00445919376451476,0.0222535422709488,-2.31453139600653,"ENSG00000160808.11"
-1.21476637297635,7.41438767745833,-3.24260704629084,0.00227960473593975,0.0139060144532777,-2.31759753763536,"ENSG00000172531.16"
-1.14535989099573,6.04500992644159,-3.24858401985512,0.00224151334148371,0.0137463592659148,-2.3178476328363,"ENSG00000099800.8"
1.0027527651569,2.20168848848869,3.12544923973557,0.00316216088181832,0.0175822392038005,-2.32192589543979,"ENSG00000137094.15"
1.50437840615956,-1.65661742719081,3.00453410157312,0.00440485504740874,0.0220873626750629,-2.32692785048497,"ENSG00000261560.1"
1.23384709059516,-1.5040981476813,3.0083230551282,0.00435977890519637,0.0219173910808411,-2.32717204094338,"ENSG00000179071.5"
1.1247777709935,2.73917405333433,3.14581251612467,0.00298857934423416,0.0168567567960457,-2.33041426328781,"ENSG00000152413.15"
-1.05813538072439,6.35283046303959,-3.24468252672176,0.00226630865379923,0.0138757613586554,-2.33045121727541,"ENSG00000198355.5"
-1.18488661333046,6.27042481271792,-3.24357123420609,0.00227341872274728,0.0138942167949449,-2.33215467115744,"ENSG00000140990.15"
2.10737328183461,1.6444924443542,3.09708979901035,0.00341979340679852,0.0185189235395414,-2.33783834737275,"ENSG00000170231.16"
2.40416071528999,-0.496724615176082,3.02903582484033,0.00412091624492355,0.0210759512401282,-2.33797528637013,"ENSG00000145864.14"
2.50034161986014,-2.07053558930326,2.98907716877731,0.00459330771941418,0.0226818814432167,-2.34221118378711,"ENSG00000214429.3"
2.25648130981588,-1.23962747120051,3.00773644888719,0.00436672918250192,0.0219410795366819,-2.34293358330625,"ENSG00000134812.8"
2.74977634088772,-2.69121461320108,2.97759199267262,0.00473819988256246,0.0231390651700305,-2.34372542284961,"ENSG00000258551.6"
1.02073139107197,3.45648642088386,3.17314175064707,0.00276971707583507,0.0159433567201475,-2.34546716980762,"ENSG00000151422.13"
-2.59705867557899,-1.37900749650789,-2.99930870997627,0.00446773731356747,0.0222829961256179,-2.34568946144,"ENSG00000012504.15"
1.48595892598575,0.259633072313307,3.04784907527807,0.00391465762684167,0.0203404045501886,-2.34602045470001,"ENSG00000197479.7"
1.07026995561186,-0.994140267919982,3.01364778754651,0.00429716275108794,0.0216915996132415,-2.34641500580499,"ENSG00000286535.1"
1.14474961929404,-0.0824642734835008,3.03785058505632,0.00402303692222775,0.0207022734638313,-2.34659651604743,"ENSG00000070182.21"
1.28336311573529,4.73471482649428,3.21708130435574,0.0024492917241778,0.014617070821275,-2.35091841616438,"ENSG00000187955.12"
1.64697474927646,-1.74908517980599,2.9918869141891,0.00455849861251075,0.0225805770078034,-2.35239333229141,"ENSG00000164418.21"
-1.03555143685436,1.87839149710386,-3.0974698108531,0.00341621409803048,0.0185189235395414,-2.35382550455188,"ENSG00000243649.9"
1.82994164711934,-1.33288450237039,3.00057274484857,0.00445244923945031,0.0222463608024115,-2.35566337639403,"ENSG00000163395.17"
1.63613257670224,0.731540032219874,3.05828373089921,0.00380447969204772,0.019927406784874,-2.35583047975366,"ENSG00000185666.15"
1.232512205083,0.755140999016462,3.0587760727449,0.0037993538319456,0.019927406784874,-2.35611693594692,"ENSG00000128596.17"
-1.30109042819445,3.30072813437233,-3.15618549609362,0.00290365326818886,0.0164868305751841,-2.35822957763404,"ENSG00000164342.13"
1.64038975991661,4.3155551575582,3.19728090439158,0.00258908199852011,0.0151487922388714,-2.36382752734329,"ENSG00000049540.18"
1.04865704417483,0.384187616503845,3.04421057138866,0.00395377599137941,0.0204532274635843,-2.36400521548753,"ENSG00000136866.14"
-1.0260170623903,5.89689594015699,-3.23072077577256,0.0023571864820705,0.0142199994361459,-2.36447936943363,"ENSG00000100258.18"
-2.51361287795994,-2.59081661985824,-2.96561759008507,0.0048938135934586,0.0236383614962674,-2.36976665482041,"ENSG00000211593.2"
-2.74077365179211,-1.87990460623744,-2.9760040564372,0.00475856614778632,0.0232009364128821,-2.37436884543062,"ENSG00000211900.2"
1.03384242919258,2.87947476521879,3.13529209431691,0.00307710341549602,0.0172182298841842,-2.37445399424085,"ENSG00000026652.15"
-1.11092469312356,3.52291727337826,-3.15986754173284,0.00287405929858798,0.0163519462008462,-2.37629108671941,"ENSG00000168899.5"
1.76109031064563,-1.58881501610541,2.98555857393024,0.00463724977959091,0.0227636252325136,-2.3771601177468,"ENSG00000274204.1"
1.48339164188033,-2.01238156409645,2.97433679920717,0.00478003794337453,0.0232607157899729,-2.3805084615215,"ENSG00000255052.5"
-1.25152702062517,2.82946546969818,-3.12543013654149,0.00316232809812585,0.0175822392038005,-2.38222111364646,"ENSG00000169564.7"
-1.38224415999084,7.80311342505347,-3.21255942391366,0.00248057206101816,0.0146842076776334,-2.38390828159186,"ENSG00000168528.12"
1.59216932768455,-1.89147656132184,2.97499055522814,0.00477160774918519,0.0232369949156793,-2.38571031187765,"ENSG00000230872.2"
1.40602689457136,-1.09421081004408,2.99282214456163,0.00454696725566633,0.0225462417841664,-2.39103938534572,"ENSG00000161243.9"
2.19958226740374,-1.40225869255547,2.98172352755534,0.00468559219230878,0.0229492182169388,-2.3972491202829,"ENSG00000164588.8"
1.20014581403463,0.175373599696988,3.02484060328822,0.00416828124514388,0.0212448927535968,-2.39733362532409,"ENSG00000198934.5"
1.64626028750625,-2.08828957596844,2.96535918022487,0.00489722390287268,0.023643184397863,-2.39855346701789,"ENSG00000198569.10"
-1.49514114568575,5.84546841001329,-3.21443737208901,0.00246753562521067,0.0146697087478838,-2.39960104620809,"ENSG00000125148.7"
-1.00380001865771,6.06274116668207,-3.21663302045951,0.00245237599725015,0.0146188153852498,-2.40415644887157,"ENSG00000206337.12"
-1.067911679397,6.81663771375666,-3.21470235491773,0.00246570138313077,0.0146697087478838,-2.40548487714483,"ENSG00000099817.12"
-1.57490988957547,-1.30174858733732,-2.97748615431513,0.00473955478225569,0.0231390651700305,-2.4100665238328,"ENSG00000224321.1"
-1.00692296934104,5.79624434905872,-3.21260542156616,0.00248025197485847,0.0146842076776334,-2.41045591161566,"ENSG00000168936.11"
1.15012039629948,1.22691354788226,3.0528546241399,0.00386143583911374,0.0201563660973546,-2.41057807980533,"ENSG00000280385.1"
1.29658974576828,1.68443607200813,3.06975416619012,0.00368673151897116,0.0195300200491687,-2.41092908059156,"ENSG00000152527.14"
-2.60573307757118,-2.25339088766607,-2.95228913970554,0.00507264242947475,0.0242275828190699,-2.41498663005289,"ENSG00000225523.2"
1.77756288290852,-1.26929997835319,2.97615675052408,0.00475660419547398,0.0232009364128821,-2.41956915224427,"ENSG00000232043.1"
1.37211355208822,-1.49477898599999,2.97084599916949,0.00482528836463368,0.0233822549869026,-2.41964919187154,"ENSG00000130032.17"
1.32898779311905,-2.35677801872291,2.95045244740922,0.00509775923494812,0.0243075324065033,-2.41993483457547,"ENSG00000260577.2"
1.37383771408549,3.0741614046344,3.12541715048853,0.00316244177392038,0.0175822392038005,-2.42049383460938,"ENSG00000146373.16"
1.21246015398608,-0.83477765197381,2.9875562129445,0.00461225412926108,0.0227297014406555,-2.42094625467137,"ENSG00000248890.2"
-1.11510734000059,0.120754862690145,-3.01163448591375,0.00432073832081185,0.0217768727898637,-2.42249748929642,"ENSG00000275718.2"
-1.10420423442009,4.24470591181248,-3.17010393285989,0.00279327523221186,0.0160272034541252,-2.42703696498265,"ENSG00000284976.1"
-1.10958834444325,5.91177061729967,-3.20657253544428,0.0025225686609786,0.0148654887788237,-2.42735366149418,"ENSG00000198356.12"
-1.43387496415079,2.49753890607224,-3.09239863355409,0.00346427109746902,0.0186851441917407,-2.4281826871796,"ENSG00000130748.7"
-1.60648404796495,-2.40250243988661,-2.94192647037865,0.00521588232823743,0.0247245227348983,-2.43269834630494,"ENSG00000267074.1"
-1.78838641514205,0.347391623631894,-3.01289004604569,0.00430602163510278,0.021730321415688,-2.43303155669285,"ENSG00000156219.17"
1.34164663987142,2.68111677668718,3.10242394900363,0.00336987302064646,0.0183374217160129,-2.43381669452497,"ENSG00000229152.2"
-1.17856086812757,6.28258995693734,-3.20489367386022,0.00253446572408866,0.0149221426385832,-2.43434659041291,"ENSG00000169976.7"
1.1327948523858,-0.773657246137129,2.98361711192721,0.00466166405372163,0.0228548600743351,-2.43470338821281,"ENSG00000214954.8"
1.00984683920688,1.70870182105306,3.06010633579634,0.00378553667225802,0.0198819265995957,-2.43726535233879,"ENSG00000106686.16"
1.01952720039117,-0.849323013322535,2.98042981610231,0.00470200617123951,0.0230123647012785,-2.43774275095443,"ENSG00000286584.2"
1.21617407038253,1.37898245519088,3.04743804494333,0.00391905841660242,0.0203434099327262,-2.43799393583067,"ENSG00000120659.15"
-1.79120134381393,-0.164040702783556,-2.99615420207647,0.00450610491668316,0.0224191690418441,-2.43828790868961,"ENSG00000259834.1"
1.39944623643843,-1.5139972363121,2.96144858604037,0.00494910537889114,0.0238057311232924,-2.44135388072938,"ENSG00000162687.19"
-1.19899028619212,5.55324425059873,-3.19611299262461,0.00259755880549336,0.0151887080049218,-2.44463497176844,"ENSG00000095321.17"
1.16528036738802,-2.06644389587873,2.94634399025961,0.00515436407334329,0.0245044767269565,-2.44527924213563,"ENSG00000267102.1"
-1.12522175857685,-0.961074360563081,-2.9726852892317,0.00480139633688462,0.02332412700222,-2.44537799214727,"ENSG00000233328.3"
-1.2006267735677,6.3971805021109,-3.19983676228738,0.0025706225528017,0.01508614392305,-2.44735849564757,"ENSG00000178078.12"
-1.15322151009315,-1.76948135994511,-2.94977830236711,0.00510700732271079,0.0243442707437558,-2.45036985092589,"ENSG00000185839.3"
2.18908035303106,-1.19857422922005,2.9636118174355,0.00492034278073776,0.0237139234412843,-2.4540871582012,"ENSG00000177508.12"
-1.02206838214381,6.082026735122,-3.19743239342364,0.00258798439670889,0.0151487922388714,-2.45454895392956,"ENSG00000185262.9"
2.01330280499101,-2.33470681699921,2.93547533792505,0.00530695444908627,0.0250115742617273,-2.45851789737661,"ENSG00000257191.1"
1.580068911743,-1.38282238751188,2.9572832696607,0.0050049315381688,0.023999125657094,-2.45921516451768,"ENSG00000259915.2"
2.67505796567557,-1.71931880627248,2.94869699387779,0.00512187374695827,0.0244032701537944,-2.45923002315023,"ENSG00000251026.2"
-1.20339342661163,4.6948149961542,-3.16977364825797,0.0027958479559875,0.0160346686369233,-2.46426949672655,"ENSG00000128228.5"
1.3793522108752,-0.991538026975493,2.9653969849308,0.00489672484442938,0.023643184397863,-2.46480806375906,"ENSG00000253485.2"
-2.65957231051987,-1.28837562309223,-2.95232489376771,0.00507215464223102,0.0242275828190699,-2.46518234213323,"ENSG00000224041.3"
-1.50934082079419,6.09882833785165,-3.19087057497494,0.00263593312076244,0.0153398945579307,-2.46535765195415,"ENSG00000198113.3"
1.26790776654955,0.253067587154656,2.99964224707139,0.00446369852318508,0.0222685173652841,-2.46569020716935,"ENSG00000143845.15"
1.87141569899622,-1.34017028666364,2.95528165556535,0.00503196746078761,0.0240978881378119,-2.46632032352078,"ENSG00000116329.11"
1.39536930756945,3.94790245029464,3.14535968199718,0.00299233969508817,0.0168682610873774,-2.46691116617646,"ENSG00000131471.7"
1.02688396307232,2.07596182936229,3.0631501436274,0.0037540987959923,0.0197591573138859,-2.4672832919221,"ENSG00000134317.18"
-1.21734206184294,5.32943805039793,-3.18337271087782,0.00269174984494938,0.0155906787178959,-2.46958070887853,"ENSG00000145703.16"
1.35796425399173,2.8951010641445,3.09730019092474,0.0034178113018232,0.0185189235395414,-2.47244099030084,"ENSG00000144366.16"
-1.04946538273079,5.65905611010879,-3.18694162314787,0.00266504368717606,0.015456877539206,-2.47393804491024,"ENSG00000174547.13"
1.19965851260969,-0.0595283408574883,2.98670700220665,0.00462286449738137,0.0227556819823397,-2.47526985044017,"ENSG00000272899.4"
1.92935296481765,0.0896594315532838,2.99061511112357,0.0045742238733877,0.0226333706825904,-2.47592554275544,"ENSG00000226887.8"
-1.32688117026911,1.24587699518785,-3.02543473532977,0.00416154244100402,0.0212200783090572,-2.47620217179736,"ENSG00000254838.5"
1.02804074388984,0.97988765121255,3.01673725350617,0.00426121993905974,0.0215656887261759,-2.47953971280301,"ENSG00000280106.1"
2.83661440123984,-0.80110880371464,2.96271193634118,0.00493228866208243,0.0237598160955253,-2.4797697867707,"ENSG00000229404.6"
1.06178778939951,2.94685427092283,3.09641730641439,0.00342613623074005,0.0185406643499557,-2.4820394512178,"ENSG00000232593.7"
1.52791898848432,0.127904593262838,2.98902236420667,0.00459398914674149,0.0226818814432167,-2.48291683998024,"ENSG00000146267.12"
-1.68039808720458,2.11912802628262,-3.05452266092819,0.00384385192365283,0.0200913251973174,-2.48492790434614,"ENSG00000172367.16"
1.17352480157312,3.32688694046974,3.11212316910918,0.00328085573082593,0.0180332092678927,-2.48724740261965,"ENSG00000282826.2"
-1.60498449911788,-0.506857806240145,-2.96638205261131,0.00488373776904913,0.0236071407051226,-2.48771806701426,"ENSG00000197582.5"
1.35122418943316,1.96674738830015,3.05013363199882,0.00389028200589711,0.0202645207697294,-2.48891516799202,"ENSG00000095970.17"
1.08259967288578,-2.14850520018853,2.9259231196928,0.00544453746679747,0.0254095695248824,-2.48984891175638,"ENSG00000248636.7"
1.01694426036883,-0.576990985467162,2.96583307614038,0.0048909714613459,0.023630455019997,-2.49146618546511,"ENSG00000120440.15"
1.59159584876855,-0.685768764473108,2.96190553398314,0.00494301666735296,0.0237939564891044,-2.49282809875262,"ENSG00000185518.12"
1.20157418529397,-1.17696076602726,2.94873111166697,0.00512140405924239,0.0244032701537944,-2.49397245223689,"ENSG00000183873.18"
1.51675855290217,1.89280432159138,3.04504167825271,0.00394480834920182,0.0204191719002159,-2.49429533806749,"ENSG00000067715.14"
1.55307127107846,-1.52310939202465,2.93897324728473,0.00525739085583867,0.0248556559246619,-2.4952785745648,"ENSG00000196132.14"
1.81359123194396,-0.371658284985142,2.96941074919042,0.0048440092419125,0.0234555804388581,-2.49564085156145,"ENSG00000151650.8"
2.2818922354873,3.70257798161538,3.11539014213537,0.00325137440275967,0.0179063052080073,-2.50111313771265,"ENSG00000168243.11"
1.75417835626335,3.48284789125754,3.11062989181464,0.00329441486471494,0.0180773293696057,-2.50196396223386,"ENSG00000114115.10"
-3.22669584105351,-1.41097968525098,-2.93260618133627,0.0053479345065897,0.0251277206620954,-2.50328670113694,"ENSG00000174358.16"
2.01562024982312,-1.63668101824806,2.93249410553844,0.00534954126510181,0.0251277206620954,-2.50350246956512,"ENSG00000180438.15"
-1.17871908990998,2.04303460383422,-3.04265323647859,0.00397063121941537,0.0205275487264396,-2.50932230607999,"ENSG00000172794.20"
1.5387057884451,-1.11902981947837,2.94279284121654,0.00520376343395274,0.024685455089784,-2.51138448872691,"ENSG00000229127.2"
1.05482943273165,5.51372363417426,3.17182199802229,0.00277992854871612,0.0159821495260928,-2.51148155218799,"ENSG00000185630.19"
1.50184885332333,-2.33026371701505,2.91252792631297,0.00564308955016605,0.0261089120850531,-2.51339185106579,"ENSG00000268833.1"
-1.06752765154498,5.57778196821297,-3.17049933049784,0.00279019825751589,0.016014235081047,-2.51424536932038,"ENSG00000198736.12"
1.38642337536625,3.24506860633549,3.09704351115371,0.00342022963055592,0.0185189235395414,-2.51433162568072,"ENSG00000171476.22"
2.09696371135879,4.05850132810987,3.12610072499614,0.00315646321305867,0.0175761481838195,-2.51496766638371,"ENSG00000254166.3"
-1.03262693223085,6.34040630009518,-3.17427242710971,0.00276099676342115,0.0158978274724332,-2.5160915036653,"ENSG00000167770.11"
1.18307973309817,0.706258096510812,2.99201816910517,0.00455687859267755,0.0225805770078034,-2.51888682832589,"ENSG00000165259.14"
1.97388249263559,-1.727869827316,2.92392619013827,0.00547371760495907,0.0255335968029568,-2.51897959959086,"ENSG00000188064.10"
-1.358696873877,2.75459677470229,-3.06908953898789,0.00369345953680513,0.0195502072566419,-2.51936492815222,"ENSG00000138678.11"
-2.55799298773485,-1.75282180806029,-2.91785567729243,0.00556332220558119,0.0258592923571894,-2.52275389051972,"ENSG00000242371.1"
1.06543814361735,-1.93588920447976,2.91715210533241,0.00557379546459193,0.0258956952319406,-2.52338843565933,"ENSG00000287385.1"
2.7199783420472,-1.37645390870471,2.92946627717272,0.00539312033614992,0.0252658344828089,-2.52489569483474,"ENSG00000249550.7"
1.28825375672781,-1.32078612308947,2.93121027408105,0.00536797892963963,0.0251901854702045,-2.52719347407465,"ENSG00000224848.2"
1.16807603725903,-0.501174099281847,2.95299961889587,0.00506295769045757,0.0241931144233758,-2.52784325855863,"ENSG00000237356.7"
1.00485201329687,5.21994240374901,3.16043703818339,0.00286950755718825,0.0163307881469471,-2.53109700701646,"ENSG00000024422.12"
1.46740076492372,0.256494721079758,2.97332269067722,0.00479314248482473,0.0233029126421356,-2.53117195902597,"ENSG00000155980.13"
1.35078858977523,-0.413652257588897,2.95151812197814,0.00508317198651524,0.0242655087418817,-2.53729641154953,"ENSG00000187730.9"
-1.01973151797832,-0.507385743620054,-2.94729548432348,0.00514120268571024,0.0244721735259817,-2.53819092195772,"ENSG00000227039.6"
-1.00529547623134,0.0101440922601076,-2.96157403218992,0.00494743314343043,0.0238035274135208,-2.53853905152659,"ENSG00000232093.1"
1.79694785966111,-2.31946390507787,2.90206012356757,0.00580293188077347,0.0265937842840632,-2.53944072403521,"ENSG00000152192.8"
2.06430082194662,1.5873405722086,3.01373836490398,0.00429610494058786,0.0216915996132415,-2.54289133925827,"ENSG00000189431.8"
-1.58282932747374,-1.63702136726495,-2.91389191297502,0.00562256683347813,0.0260543713867105,-2.54308208063095,"ENSG00000218014.1"
-1.22301180299446,4.17731998520166,-3.12106261185167,0.0032007780553845,0.0177072388696017,-2.5437304200139,"ENSG00000171443.7"
-1.26090998763869,1.21464225242143,-2.99569230175776,0.00451174876273373,0.0224283332256992,-2.54736234769336,"ENSG00000159884.12"
1.83634469920512,5.80898209733218,3.15469722726592,0.00291569649825101,0.0165312740152427,-2.55379950349824,"ENSG00000103888.17"
1.40405518210577,4.30359085714084,3.12496127308361,0.00316643482304434,0.017596689665705,-2.55634329943917,"ENSG00000086289.12"
1.2717222980465,-0.778825446904839,2.93356860347261,0.00533415542793744,0.0251035648872159,-2.55666957994593,"ENSG00000249307.7"
1.28983024475062,1.97707392769939,3.02273815873206,0.00419221006630057,0.0213320712587306,-2.55906766215628,"ENSG00000167555.14"
1.66089820998529,0.932986081861932,2.98313222930928,0.00466778031183868,0.0228791251984773,-2.56003272142863,"ENSG00000182983.15"
-1.01149155663987,3.94576373486345,-3.10808222276261,0.00331766996850217,0.0181338827439235,-2.56160499821462,"ENSG00000186517.14"
1.4669945164967,0.91999077789946,2.9811779323819,0.00469250788296923,0.0229716128722833,-2.5634148418727,"ENSG00000154928.18"
1.4712718496258,-1.46638111601761,2.91222988020507,0.00564758328696533,0.0261209053843459,-2.56356980737608,"ENSG00000177990.12"
-1.33588902234009,4.64972396058821,-3.12844484664005,0.00313604230201338,0.0174932884415896,-2.56475506461175,"ENSG00000103024.7"
1.65297246835065,2.24608764850403,3.03153028743694,0.00409299320593888,0.0209741831666591,-2.56519159252918,"ENSG00000273079.6"
2.0590815255309,-2.16490527353137,2.89408807078223,0.00592748641896233,0.0269654495250109,-2.56705757757905,"ENSG00000188338.15"
1.40789214120132,1.43571242472918,2.99680276759126,0.00449819142227591,0.0223893224232398,-2.57042752696266,"ENSG00000134533.6"
2.65142339320721,-2.41396308261852,2.88746759519939,0.00603281388108575,0.027272157932342,-2.57078525907345,"ENSG00000168875.3"
2.03966864657276,-1.58565288934485,2.90548320642666,0.00575020276168346,0.0264720280070814,-2.57176934252455,"ENSG00000174015.10"
1.1751307155546,1.61828585659684,3.002237892268,0.00443238469155146,0.0221687077200403,-2.57405358357121,"ENSG00000019991.18"
1.12372004941092,0.516684573323387,2.96078731008224,0.00495792913385771,0.0238364783223183,-2.58135339316388,"ENSG00000269834.6"
-1.16449245520121,-2.14654708788335,-2.88556613921158,0.00606338572134016,0.0273851049188194,-2.58243370446071,"ENSG00000260552.1"
-1.0876668301917,-2.00915960252952,-2.88868898495944,0.0060132520715007,0.0272088207047872,-2.58332199799101,"ENSG00000276116.2"
3.25303946811261,-1.77044856875695,2.89577970382734,0.00590084998621687,0.026880126586842,-2.58385728105629,"ENSG00000106536.21"
-1.01959729742799,2.90081906509814,-3.05098048647853,0.00388128257918029,0.0202276518467328,-2.58452469263795,"ENSG00000260260.1"
-2.3513391403622,-2.43568923689114,-2.87825969403918,0.00618220787388578,0.027717440561492,-2.58463166680346,"ENSG00000124233.12"
2.13145819445457,-2.00077153179691,2.8892692295804,0.00600397958825261,0.0271794097915679,-2.58743265895616,"ENSG00000238178.7"
1.30141098160533,-1.86322504885699,2.89216297272185,0.00595793534661435,0.0270539622438561,-2.58780512381769,"ENSG00000214842.5"
-1.991498007149,5.57950330018877,-3.13410567652077,0.00308724030809797,0.0172642422933739,-2.59086711345363,"ENSG00000145113.22"
1.28315143939383,-0.336534426068365,2.93018452432101,0.00538275281471954,0.0252353543006675,-2.59461845936658,"ENSG00000132840.10"
-1.12617199870821,-1.67999256973362,-2.89216338925022,0.00595792874271744,0.0270539622438561,-2.59571157523095,"ENSG00000253696.2"
1.25471778966618,-2.00323704944264,2.88369259690598,0.00609364992304208,0.0274585383569669,-2.59988371742306,"ENSG00000174225.15"
1.57526141150922,-2.02686683166193,2.88279743205674,0.00610815957764657,0.0274797101145797,-2.60101363317074,"ENSG00000053328.8"
1.03041350211173,-1.72006174329186,2.88956218936124,0.00599930306768738,0.0271645117656071,-2.60284745056002,"ENSG00000230510.7"
1.32262386613536,1.3725119740965,2.98127168617023,0.00469131882718462,0.0229715277037417,-2.60315607046709,"ENSG00000181690.8"
-2.35530394900975,0.207104629301067,-2.93754814662515,0.00527753135848418,0.0249088299986617,-2.60674033758241,"ENSG00000164825.4"
-1.08824416332506,-1.32945818534089,-2.89667291267012,0.00588683059491383,0.0268287309725431,-2.60691573453343,"ENSG00000226281.4"
-1.55127532094113,-1.26503505726615,-2.89684728618719,0.00588409733512719,0.0268287309725431,-2.60748457229497,"ENSG00000102931.8"
-1.83391557678878,-2.13221178728651,-2.8742304458586,0.00624865853208147,0.0279195987192318,-2.60887341457344,"ENSG00000197992.7"
-1.2186472826303,9.3309814899126,-3.10137245158031,0.00337965896411445,0.0183702782507424,-2.61100057239063,"ENSG00000106541.12"
-1.92703058305418,2.7959617047142,-3.03164049640896,0.00409176363242304,0.0209733641247807,-2.61183364839461,"ENSG00000224189.8"
2.17537959788895,-2.21681348826639,2.87365588625712,0.00625818822408764,0.0279525841096561,-2.61333995241412,"ENSG00000145087.13"
-1.6494851644423,0.88492772310261,-2.95720197163674,0.00500602698300125,0.023999125657094,-2.61406926822379,"ENSG00000112303.14"
2.17585787185534,-2.38417845609629,2.86490005238258,0.00640509804769366,0.0284306887758845,-2.62552146055916,"ENSG00000267506.5"
1.19210181559285,1.03863306832592,2.95986431848034,0.00497026971024364,0.0238723929297004,-2.62599159084646,"ENSG00000176826.15"
-1.14947756014342,8.22675584667425,-3.11288553449588,0.00327395365812094,0.0180053675795566,-2.62885622434655,"ENSG00000014216.16"
1.86117193295081,-1.52559018147194,2.88229317642694,0.00611634718438945,0.0275039226828302,-2.63112844439194,"ENSG00000186047.10"
1.14890260602572,0.669755311580473,2.94517232945399,0.00517061415744451,0.0245757724050563,-2.63178464393797,"ENSG00000169282.18"
1.13096921922817,-0.83917575477051,2.90047428697172,0.00582751264623423,0.0266575391838703,-2.6331813151524,"ENSG00000139364.10"
-1.01108684298702,10.5482024803395,-3.06859238926202,0.00369849972877502,0.019555767444003,-2.6391192055661,"ENSG00000111640.15"
1.27305879195507,0.871220978366163,2.94803027041662,0.00513106038424556,0.0244351639284718,-2.64099174903923,"ENSG00000117594.10"
-1.14556415418331,-1.49643860310743,-2.87783232333536,0.00618922476835039,0.0277235414229558,-2.64127552081475,"ENSG00000270006.2"
-1.39100172872905,-1.90618844835922,-2.86594335883495,0.0063874259487677,0.0283734660810493,-2.64258122301035,"ENSG00000228078.1"
1.22553185962016,-1.76592803899802,2.87143738950979,0.00629511156129735,0.0280695831864443,-2.64333393398096,"ENSG00000272945.1"
-2.41505352089177,-0.124005811706204,-2.91157803554038,0.00565742299947158,0.0261500399313075,-2.64428746896381,"ENSG00000288047.1"
1.05731018930895,-0.552356417652091,2.90359494260066,0.0057792340185503,0.0265419681817046,-2.64478914408884,"ENSG00000228775.8"
1.09095474184862,0.00485622006982401,2.91943083156518,0.00553994128108953,0.0257811746396965,-2.64489990902757,"ENSG00000148541.13"
1.09965539517081,-1.9484854988646,2.8658641083634,0.00638876674226598,0.0283734660810493,-2.6455303630485,"ENSG00000205209.7"
1.89109448535903,-2.51196952221,2.85250449988742,0.00661857222550893,0.0290754485891392,-2.64791588040404,"ENSG00000189410.12"
-1.09751029689011,-1.69198513905913,-2.86837168027174,0.00634646932657274,0.0282471912864438,-2.65140479270613,"ENSG00000164520.11"
-1.01364985254122,6.15865289416136,-3.12186498147837,0.0031936814237656,0.0176975168930002,-2.65216380695424,"ENSG00000183978.8"
-1.34614858350402,6.20383284626107,-3.11909027034372,0.00321828584893527,0.0177689981284779,-2.65587640371856,"ENSG00000119333.11"
1.18787634409116,-0.281481708815122,2.90494985813265,0.00575838894926113,0.0264983450563104,-2.65984161594365,"ENSG00000183604.14"
1.47912936380056,-2.11142679402372,2.85587680342331,0.00655984873221956,0.0289211590384297,-2.66043211372414,"ENSG00000145428.15"
1.45890271051198,1.86408582767895,2.97747510099316,0.00473969630331748,0.0231390651700305,-2.66058133928463,"ENSG00000137877.10"
-2.9013889248519,-1.00209574375296,-2.8779395303573,0.00618746386586274,0.0277235414229558,-2.66083375327534,"ENSG00000232216.1"
1.28084690014205,3.06128967015411,3.03045068763098,0.00410505638350303,0.0210140301448983,-2.6627526983323,"ENSG00000109846.9"
1.22458398790604,-0.727957989730033,2.89105283365223,0.00597556043984008,0.0270882862389606,-2.66318425914034,"ENSG00000206432.4"
-4.77584947640462,4.15073955594989,-3.02462348002937,0.00417074646934888,0.0212504301658145,-2.66378188529207,"ENSG00000016490.16"
-2.35474796480268,1.99875360979273,-2.97629205368987,0.00475486633044703,0.0232009364128821,-2.66407089500687,"ENSG00000186198.4"
-1.03061145678763,7.48863959876378,-3.10809967979075,0.0033175100958995,0.0181338827439235,-2.66784860143926,"ENSG00000143537.14"
-1.46659932769587,4.39465077492781,-3.07890065901096,0.00359530480449792,0.0192174334779134,-2.67090249450738,"ENSG00000127951.8"
1.42140959219575,1.13702580425377,2.9443777528773,0.00518166159662376,0.0246103820890032,-2.67304956944997,"ENSG00000233559.2"
-1.18116031684125,6.78470138375444,-3.11079371964276,0.00329292471394785,0.018074211069894,-2.6761625505181,"ENSG00000175416.16"
1.01687119897428,2.07887428116917,2.9796414373717,0.00471203512547889,0.0230499402869609,-2.6774598477352,"ENSG00000165338.17"
1.32065040466559,2.41417350015816,2.99371527988899,0.00453598045125985,0.0225184349197586,-2.67918827551982,"ENSG00000090376.11"
-1.9438057725085,6.83735448268883,-3.10646763503463,0.00333248789176193,0.0181793983321882,-2.6792253875523,"ENSG00000233041.8"
-1.08847744939888,6.64633283716844,-3.11007064300952,0.00329950648743909,0.0180827140213874,-2.68053161223932,"ENSG00000149823.9"
1.40430922008439,1.14777194700378,2.94136163321324,0.00522379753528479,0.0247445698180221,-2.68153775860689,"ENSG00000166432.15"
2.81092419001944,1.24226142626248,2.9429613119532,0.00520140990475175,0.0246802620020723,-2.68689364347833,"ENSG00000170835.16"
1.128842061443,-1.0870621307684,2.87090422628744,0.00630401539623753,0.0281028935558511,-2.6879603258753,"ENSG00000251023.1"
-1.17790513215143,4.72137052898394,-3.08471772428254,0.00353827287273656,0.0190006513127562,-2.68838136870081,"ENSG00000092929.12"
-1.02437720506516,1.64408194372066,-2.95469260850623,0.00503994973239695,0.0241184414091712,-2.68943404926145,"ENSG00000154146.13"
-1.32196194768061,-0.414918105178296,-2.88636975960488,0.00605044744177642,0.027339265393747,-2.69104474446402,"ENSG00000272463.1"
1.36142177829419,-0.234905325470131,2.89190211852142,0.00596207243010321,0.0270601318908754,-2.69461214314228,"ENSG00000145335.17"
1.20662432978001,-2.23990473119004,2.83724552849436,0.00689044629866868,0.0299145460876214,-2.69702862148857,"ENSG00000178201.4"
-1.41420889822353,3.0666535311284,-3.01213584410886,0.0043148561464468,0.0217529106729843,-2.69747121350736,"ENSG00000186564.6"
-1.09538895996172,7.44471613486429,-3.09675411184102,0.00342295816163271,0.0185285802642106,-2.69815132307,"ENSG00000170315.14"
1.23555703296143,3.14744537229842,3.0201036009096,0.00422237709124773,0.0214278106645484,-2.69945649766664,"ENSG00000165124.18"
-1.23108374353629,5.95041027585718,-3.10119277627639,0.00338133381894925,0.0183742879307979,-2.70081855645009,"ENSG00000167797.8"
-3.93468610437721,2.30115698947458,-2.96418515926214,0.0049127458186855,0.0236943268477627,-2.70196925752381,"ENSG00000204936.10"
-1.49943843565979,1.12548768739203,-2.9295601748194,0.00539176391375747,0.0252655170394668,-2.70277370241397,"ENSG00000181631.7"
1.24763755696388,0.223700216629958,2.90178397911401,0.00580720520621147,0.0265937842840632,-2.70376857097035,"ENSG00000146938.16"
1.36951295427876,-0.928165179658683,2.86753825393547,0.00636049844797411,0.0282903658282623,-2.70599613048691,"ENSG00000166257.9"
1.07914597077029,-0.746532925315881,2.87217356933563,0.00628283659270668,0.0280403583511512,-2.70757104063286,"ENSG00000186907.8"
-1.02261998943154,6.60314268222501,-3.09926259260434,0.0033993755268709,0.0184467635150376,-2.7094101509146,"ENSG00000074842.8"
1.02412169087941,-1.52676229621478,2.84971624619157,0.00666749430169362,0.0292052934046035,-2.710267424401,"ENSG00000234409.7"
1.48397295242868,-1.33517647070859,2.85305364177634,0.00660897654780633,0.0290593393577688,-2.71418540265676,"ENSG00000176402.6"
-1.0571803902096,10.8179544437539,-3.03400141516602,0.00406550660421117,0.0208660530058022,-2.71429517818838,"ENSG00000089157.16"
-2.91632310894218,1.47235005951356,-2.9337395637243,0.0053317112476052,0.0250980866075745,-2.71736636433022,"ENSG00000090402.8"
-1.28515069334948,11.3339508674902,-3.02103632156495,0.00421167374915696,0.0214033373576909,-2.72216065420877,"ENSG00000170421.12"
-1.14278271513649,9.6029771026641,-3.05264605571934,0.0038636398109698,0.0201625025642464,-2.72344078712956,"ENSG00000105193.9"
1.59905201663118,-1.42842806430626,2.84487684334906,0.00675320464083646,0.0295213668201203,-2.72726257437913,"ENSG00000160801.14"
1.13459422446358,-1.55974830360431,2.8415268526197,0.00681313495191442,0.0296948732151514,-2.7274033822811,"ENSG00000230295.1"
1.52293135108989,-2.62582493478578,2.81399760190955,0.00732467685631722,0.0312258348434345,-2.73191592811823,"ENSG00000158008.10"
1.00965644367361,0.905978900797712,2.91190333493368,0.00565251054849865,0.026137528729685,-2.73217691111231,"ENSG00000141040.15"
-1.06280702095579,0.681445475542817,-2.90242612259776,0.00579727257885223,0.0265929535028864,-2.73351107812696,"ENSG00000163599.17"
1.52996853875577,4.71664794928599,3.0676097168377,0.00370848127133507,0.0195926930223108,-2.73405619437848,"ENSG00000111341.10"
-1.00913113691564,-0.426125060884152,-2.86799906834803,0.00635273796347775,0.0282622601570104,-2.73540852159144,"ENSG00000257660.5"
1.96819507120606,-1.40068338334819,2.84145429287316,0.00681443847757154,0.0296948732151514,-2.73613315961716,"ENSG00000261553.5"
1.43353186554828,-1.42216917648732,2.84138886546246,0.00681561407059988,0.0296948732151514,-2.73616186269586,"ENSG00000179058.7"
-1.35111868472806,5.98157165864836,-3.08707402611472,0.00351541431718327,0.018911553520018,-2.73624240183838,"ENSG00000204616.11"
-1.32488957502027,-0.580715317562606,-2.86112624402801,0.00646940164508776,0.0286124720626192,-2.73993779094095,"ENSG00000166743.9"
-1.11633558150357,6.4268245194112,-3.08703369788468,0.00351580437070534,0.018911553520018,-2.74132831747911,"ENSG00000105669.14"
1.23974844778282,-2.74607452456761,2.80623706994402,0.00747519552047588,0.0316404756853303,-2.74289280692262,"ENSG00000287594.1"
1.29129161807963,0.842747926979815,2.90326905927731,0.00578425814994653,0.0265588209105039,-2.74850177137185,"ENSG00000286214.1"
1.04118270609802,-0.605130467907678,2.85837809403467,0.00651660610891488,0.0287952624231204,-2.75008088463484,"ENSG00000231407.6"
-1.02446987890221,-1.74452520589791,-2.8249235577301,0.00711752787226936,0.0306092894335625,-2.75141305673241,"ENSG00000214016.3"
-1.15945723390524,-1.81248204429742,-2.82309365684051,0.00715183794207858,0.0307026351417544,-2.75149787238768,"ENSG00000226652.3"
2.06498495988137,0.276473442883341,2.8833682937092,0.00609890281329533,0.0274611475524534,-2.75231544826859,"ENSG00000109205.16"
1.0780381430747,1.63166816397007,2.93071552676649,0.00537510004527811,0.0252115338487375,-2.75251922391717,"ENSG00000153012.12"
1.98629369563461,0.18036908717604,2.87923555360925,0.00616621324637112,0.0276778123332865,-2.75472577633186,"ENSG00000198185.11"
2.27228789044075,0.803293016403715,2.89918605259001,0.00584755196909064,0.0267211482037186,-2.75608145968586,"ENSG00000242265.6"
-1.09013945203364,6.31975964990891,-3.08099686812871,0.00357465408608931,0.019133009588608,-2.75715948461716,"ENSG00000104823.9"
1.84232475700184,-2.63115421463636,2.80206886047856,0.007557219381792,0.031877548020528,-2.76024977720122,"ENSG00000286355.1"
1.15018477852227,0.408943230302642,2.88335219672826,0.00609916365348862,0.0274611475524534,-2.76228466170527,"ENSG00000160229.13"
1.71641417273054,-1.42062456938696,2.83008455585222,0.00702158265403128,0.0303105467345667,-2.76264875203229,"ENSG00000235649.2"
1.48143736892605,0.421784337042715,2.88304896922681,0.00610407918336331,0.0274739615401793,-2.7641646907084,"ENSG00000125869.10"
1.15193352653083,-0.546720016405185,2.85274082703611,0.00661444106933658,0.029063812551639,-2.76744232639037,"ENSG00000162620.16"
1.24534588862242,-2.13294657371555,2.80950498857466,0.00741146644777264,0.0314616108450665,-2.76838366418487,"ENSG00000233178.7"
1.29875159936583,1.06718409618772,2.90234841285463,0.00579847374399875,0.0265929535028864,-2.76971579476723,"ENSG00000205795.4"
1.4531188296383,-1.91795692422443,2.81382483150326,0.00732799696896202,0.0312314148756038,-2.77066334675408,"ENSG00000254162.1"
1.24460493865167,-2.00921083958021,2.81091358016739,0.00738415270477721,0.0314042728698182,-2.772078700618,"ENSG00000228444.2"
1.09378846373439,1.43122075994809,2.91465004524374,0.00561119001948878,0.0260077994142073,-2.77253845299845,"ENSG00000163611.11"
1.10927679629184,-0.325419340965985,2.85662993329435,0.00654680051914056,0.0288916263912456,-2.77333129547898,"ENSG00000196873.16"
-1.06923428940615,5.6761196077399,-3.07130604689549,0.00367106669290288,0.0194958237415206,-2.77371405119267,"ENSG00000063241.8"
1.46904483526088,-0.869371604344781,2.84035420148695,0.00683422989043018,0.0297495362415129,-2.77448228410049,"ENSG00000272505.1"
-1.04069558972616,7.64451433571241,-3.06460672002133,0.00373914158805557,0.019697881337838,-2.77459906765381,"ENSG00000180879.14"
1.20330737594469,-0.0160953774836371,2.86371090172231,0.00642529603240966,0.0284695550431888,-2.77821910529336,"ENSG00000133116.8"
2.45205177307576,0.994548970878996,2.89673612230841,0.00588583966341364,0.0268287309725431,-2.77836219472085,"ENSG00000263934.5"
-1.98217212513912,-2.38645136374066,-2.79678626935908,0.00766237202204376,0.0321895148626933,-2.77848271279947,"ENSG00000224721.1"
-1.35707351268075,-2.14053177406946,-2.80109586247425,0.00757648627531732,0.0319107604541077,-2.78198636463926,"ENSG00000213977.8"
1.73412070985376,-0.630369501073317,2.84251728841191,0.00679536507408413,0.0296395834577294,-2.7852631831012,"ENSG00000113946.4"
-1.69722667811613,-0.62678559818113,-2.83928643558457,0.00685349083515873,0.0298004806448803,-2.78676220584923,"ENSG00000173578.8"
1.24059448906943,-2.57759325498365,2.79023576774436,0.00779464713737875,0.032536055306674,-2.78922217034273,"ENSG00000235961.6"
-1.3205101944629,-1.44955697813729,-2.8154054157472,0.00729767502736161,0.0311581482113353,-2.79172988168673,"ENSG00000183690.13"
-1.77117112265101,4.69725886541524,-3.03488221107161,0.00405575139087767,0.0208378044469465,-2.79265905705686,"ENSG00000173467.9"
1.08842988942963,-1.31274745652819,2.81986285457246,0.00721278971955662,0.0308898984800409,-2.79476324502647,"ENSG00000176268.5"
1.17553902084955,5.40593937159137,3.0599701540342,0.00378694898979756,0.0198840176470195,-2.79566754222478,"ENSG00000095637.22"
1.09813088832661,3.23835757234656,2.98598527414376,0.00463190001813236,0.0227608671531901,-2.79750312090107,"ENSG00000176170.14"
-1.33105148969713,2.75190102435267,-2.95724242513639,0.00500548186697183,0.023999125657094,-2.80069360344725,"ENSG00000188993.3"
1.37430158161318,-2.37743908537961,2.78964733163524,0.00780663253326905,0.0325583572531957,-2.80162844090019,"ENSG00000260249.3"
1.18283306274461,0.937271743602678,2.88420181366932,0.00608541040743962,0.0274403303698853,-2.8023722724563,"ENSG00000198723.11"
1.71893464958796,-1.52227085996335,2.80947356005411,0.00741207694039388,0.0314616108450665,-2.80481564152484,"ENSG00000253641.6"
1.16103275679431,-1.56866643650466,2.8075679697743,0.00744917995365129,0.0315740034290821,-2.80721404900686,"ENSG00000174332.5"
1.21381702359404,-0.279354965370975,2.84370666060889,0.00677408292632601,0.0295796592101443,-2.8074559070276,"ENSG00000270885.2"
1.27975493289126,-1.06784966776062,2.82101979349278,0.00719090787911471,0.030829857834665,-2.80777201911623,"ENSG00000272072.1"
-1.72505987270098,-1.13968711278859,-2.81589993232335,0.00728821216318691,0.0311245235616298,-2.80868733568209,"ENSG00000177272.9"
-1.0783257646661,-2.383323204472,-2.78386175540205,0.00792538738395659,0.0329415189844929,-2.80922532490622,"ENSG00000268034.1"
-1.04936168433075,7.63800101611742,-3.04956175722567,0.0038963703419277,0.0202793302160432,-2.81323018170849,"ENSG00000140264.21"
1.73376133711829,1.04929623891802,2.88390984345968,0.0060901334374727,0.0274490014195609,-2.81368099978966,"ENSG00000172915.18"
1.14473150820874,2.13314690633161,2.92698148269271,0.00542913109911622,0.0253678608983014,-2.81372041946388,"ENSG00000102935.12"
-1.19120515847288,8.92333502173081,-3.02903192240245,0.00412096006862099,0.0210759512401282,-2.81393689292862,"ENSG00000105640.13"
-2.13793826607802,2.98607308671635,-2.95717071360654,0.00500644822694657,0.023999125657094,-2.81602665879766,"ENSG00000168903.9"
1.17047413589963,0.526680051777229,2.86445022712034,0.006412731468479,0.0284477357108658,-2.81707644869761,"ENSG00000244198.7"
1.18906892635669,4.74122151340539,3.03767360027498,0.00402498050462456,0.0207068401400339,-2.81751990207006,"ENSG00000134853.12"
2.87892508979139,-0.390702790259694,2.83338109277648,0.00696092892117182,0.0301204971150948,-2.8208052008307,"ENSG00000204889.10"
-1.13707787293884,2.385599601852,-2.93250082329781,0.00534944494420896,0.0251277206620954,-2.82126415494095,"ENSG00000142583.18"
-1.11488406178794,-1.08613109201041,-2.81173342842732,0.00736829821519283,0.0313572508806318,-2.82522801986011,"ENSG00000225756.1"
1.25300641849492,-2.22548429209648,2.78279107141667,0.00794754698157226,0.0330126284154037,-2.82574878175326,"ENSG00000230825.2"
-1.00422861529149,0.0934655946705406,-2.84470759529112,0.0067562206424849,0.0295213866540136,-2.82830413816877,"ENSG00000262823.1"
1.00959124427905,0.572982339036938,2.85817439412994,0.0065201177526051,0.0287987967308417,-2.83546513383413,"ENSG00000258839.4"
1.64842062570254,-1.00898430492601,2.81038262860839,0.00739443730162432,0.0314343750510942,-2.83597656901446,"ENSG00000147488.11"
-1.91329483142319,-0.964726321718845,-2.80796216506673,0.0074414906208399,0.0315591315405986,-2.83775128452293,"ENSG00000197565.16"
-1.3913491339778,-1.9691428324033,-2.78064793158796,0.00799207540199943,0.0331134045502115,-2.84009682518765,"ENSG00000261829.1"
-1.10492839715924,1.90772456817087,-2.90369708970926,0.00577766005840595,0.0265409566787973,-2.84078857935809,"ENSG00000159871.15"
1.5634458177985,-2.28431520231587,2.77465389117224,0.00811784478561326,0.033494156611187,-2.84206136424066,"ENSG00000225187.1"
1.56889533695194,-2.51927793948855,2.76759086233413,0.00826839555298983,0.0339639981587929,-2.84587319316762,"ENSG00000283633.1"
1.35050875301238,-2.00355755910463,2.77836012014465,0.00803986466406838,0.0332411612407686,-2.84864103777284,"ENSG00000078725.13"
-2.10532572831824,2.00060999960132,-2.90172296678568,0.00580814976560026,0.0265937842840632,-2.84937652023167,"ENSG00000144820.8"
1.83924750925784,1.81053113500236,2.8985872960228,0.00585688787643935,0.026748228209986,-2.84961270965582,"ENSG00000183248.12"
-1.50430685901209,2.63193343192508,-2.9303255510729,0.00538071935522662,0.025231854503366,-2.850122527222,"ENSG00000225969.2"
1.27147990729053,-0.338582790148268,2.82389675997154,0.00713676113959841,0.0306714903338374,-2.8503088773954,"ENSG00000243406.6"
1.05370523071477,6.88723404983176,3.04203533047791,0.00397733757719013,0.020548158310754,-2.85067434652257,"ENSG00000100097.12"
-1.0802167373704,5.49390778516871,-3.03850755506418,0.00401583002253544,0.0206814718733464,-2.85139123212493,"ENSG00000185813.11"
1.0190954175213,4.19772511196971,3.00758183295833,0.00436856284546133,0.0219446690105341,-2.85139451133522,"ENSG00000178567.8"
1.3743704464937,-1.21814299225991,2.79821283936111,0.00763384249129717,0.0320971726108454,-2.85160366403914,"ENSG00000268926.3"
-1.35240701137492,2.45035350375351,-2.92253987414883,0.00549406096473609,0.0255980416527129,-2.85258840571071,"ENSG00000117016.10"
1.31356766492667,-1.78118735568712,2.78211148278641,0.0079616419736749,0.0330571691096718,-2.85333366423222,"ENSG00000277778.2"
1.27141394784196,-1.16313797308952,2.79863073814207,0.00762550373709827,0.0320689889038071,-2.85438612589173,"ENSG00000188107.15"
-1.09752431903866,5.63698592158637,-3.03705937056266,0.00403173259441949,0.0207265056573821,-2.86006927143442,"ENSG00000157601.14"
-1.13121813415644,7.49733055447645,-3.03084815519258,0.00410061130364364,0.0209979640426341,-2.86490157936954,"ENSG00000013306.16"
1.07190793933565,-1.27270063347475,2.79114320557976,0.00777619767274324,0.032497986550398,-2.86513535274339,"ENSG00000105479.16"
-1.26198092738318,3.34236148931624,-2.95874035242137,0.00498533615719168,0.0239271727534639,-2.86648318852271,"ENSG00000134321.12"
1.16817940975431,-1.96095126634758,2.77092775458225,0.0081969493556978,0.0337412112256584,-2.86841315954799,"ENSG00000272824.1"
1.41595334198432,-1.989643221891,2.7700750488026,0.00821515207030953,0.0338043442106599,-2.86888206585824,"ENSG00000260135.7"
2.30926702462429,2.12001919470853,2.90301862395768,0.00578812187035761,0.026566486813988,-2.8693030022332,"ENSG00000164398.15"
-1.50889878715583,2.15889697042545,-2.90124317430676,0.00581558264524516,0.0266153859343316,-2.87058131064698,"ENSG00000205502.4"
-1.26368601423102,6.80488769774277,-3.03401555117455,0.00406534986770664,0.0208660530058022,-2.87178064866479,"ENSG00000074370.18"
1.24207739725408,3.22246243753123,2.95374713256529,0.00505278679381694,0.024162179970628,-2.87488156593239,"ENSG00000174348.14"
1.33973565968024,4.15399856232479,2.99241888412571,0.0045519360861712,0.0225651729217377,-2.87954669591247,"ENSG00000105559.12"
1.72864380980048,1.39881050382357,2.86963454522744,0.00632526632793896,0.0281784075495504,-2.87981637658572,"ENSG00000164161.10"
-1.87794972176246,-2.14460750942065,-2.75736438328142,0.00849096063267008,0.0345238021908191,-2.88267806653925,"ENSG00000229950.1"
1.07480910452915,2.87112107080456,2.93292834123793,0.00534331841790168,0.0251272901073314,-2.885013277929,"ENSG00000127989.14"
1.11981578818511,-2.26877630924797,2.75610198406041,0.00851881607131141,0.0346109625636931,-2.88513035277455,"ENSG00000255750.6"
-1.15629530441511,5.7409791212579,-3.02669570521956,0.0041472740508145,0.0211638352525427,-2.88789267104572,"ENSG00000117399.14"
1.22439153736845,0.401324035512655,2.83018792026603,0.00701967339534598,0.0303105467345667,-2.88958646412066,"ENSG00000165821.12"
1.18853662787736,-1.00791084315445,2.78811766886731,0.00783786900496435,0.0326649861986866,-2.88961485266201,"ENSG00000139714.12"
1.05035070530989,5.77454465405743,3.02675460182453,0.00414660873539093,0.0211638352525427,-2.89189116731238,"ENSG00000143248.13"
-1.07528525270277,7.82512507681773,-3.01443191069744,0.00428801343629908,0.0216621467230301,-2.89579113521529,"ENSG00000166145.14"
1.69640046228272,-0.347608373961176,2.80424591726123,0.007514274714869,0.0317305341502739,-2.89596749317119,"ENSG00000237686.7"
1.23001704417347,4.12279094237069,2.98597627942185,0.00463201272994088,0.0227608671531901,-2.89604915740633,"ENSG00000088826.18"
2.18143784820621,-2.41881328346459,2.74847727138311,0.00868886389746597,0.0351001252968006,-2.89674787087483,"ENSG00000257178.5"
1.11023347633707,-0.261093716686612,2.80665901997846,0.00746693840264269,0.0316191780393548,-2.89692355656617,"ENSG00000188171.16"
-1.24991886305078,2.14583532453806,-2.8906108367731,0.0059825913099431,0.0271076231159567,-2.89742881899635,"ENSG00000089356.18"
-1.01494793493055,4.27500819568675,-2.98771862590623,0.00461022747945268,0.0227297014406555,-2.89854761382892,"ENSG00000167363.14"
1.16341635888836,3.93876782504706,2.97752914236666,0.00473900442292338,0.0231390651700305,-2.89905278471918,"ENSG00000102547.19"
-1.37561661725359,7.08149577138427,-3.02075645537141,0.00421488264898694,0.0214085464290254,-2.89966888335927,"ENSG00000169692.13"
1.67656652920837,1.51931146130047,2.86441724891341,0.00641329143333811,0.0284477357108658,-2.9038461837058,"ENSG00000212993.5"
1.14221335061344,4.678443965387,3.00129308269596,0.00444375894773469,0.0222199280615369,-2.906441783646,"ENSG00000205189.12"
-1.06709527957125,-2.06111413826689,-2.75003782191838,0.0086538068034771,0.0349829988238591,-2.90665315642059,"ENSG00000262050.1"
-1.22648267043838,5.91269381124517,-3.02029032993442,0.00422023225978915,0.0214266566646533,-2.90691004584664,"ENSG00000177700.6"
-1.26528237890277,1.85994968852018,-2.87361346322786,0.00625889239219578,0.0279525841096561,-2.90923775448116,"ENSG00000134539.17"
1.85677785220971,-1.417472256634,2.76620366454305,0.00829826612959111,0.0340393456295225,-2.91240826918023,"ENSG00000241158.7"
1.14023211941683,-1.89249578761386,2.75379485503186,0.00856994249544606,0.0347656305743256,-2.91242226241075,"ENSG00000250397.2"
1.16864347132754,-0.422614044627911,2.79497336131317,0.00769877046484718,0.0322939866781758,-2.91313864639854,"ENSG00000205085.12"
-1.03233962151733,0.736875900622961,-2.82916352640403,0.0070386164334573,0.0303695232822104,-2.91445836108661,"ENSG00000105427.10"
1.12501174346945,1.81507280012635,2.87148327209143,0.00629434586890102,0.0280695831864443,-2.91556572425534,"ENSG00000148655.15"
1.08884571303093,-0.635693149417183,2.78750886639535,0.00785033324828065,0.0326849933458888,-2.91632022774418,"ENSG00000241269.1"
-1.21127206617795,-0.78421630036581,-2.78098557585472,0.00798504479926411,0.0331052629169744,-2.91707790781496,"ENSG00000182327.8"
1.3942399015337,5.17240240333938,3.00581519903723,0.00438956550914057,0.0220163267772346,-2.92022354634263,"ENSG00000149212.12"
1.01376760420471,0.768281253483555,2.82845523591804,0.00705174186201474,0.0303993955467592,-2.92245201488745,"ENSG00000235652.9"
1.51871485608302,-2.29731073567791,2.7386051748463,0.00891369628893789,0.0356948385295989,-2.92466086375601,"ENSG00000236212.2"
1.14557300766757,2.68133287513037,2.9072477240172,0.00572319707162312,0.0263896993852876,-2.92473487799157,"ENSG00000105426.17"
-1.12575427286746,5.8907810757506,-3.01270747245762,0.00430815869339893,0.021730321415688,-2.92705403143396,"ENSG00000102890.16"
-1.31108070879235,-0.0561395163126237,-2.79669887205862,0.0076641230636003,0.0321899736043161,-2.93039734309803,"ENSG00000229155.1"
-1.11919172699834,10.1921156565561,-2.95894143829285,0.00498263752365709,0.0239200762215526,-2.93235933041575,"ENSG00000137818.12"
-1.79006612298827,-2.13524925431639,-2.73608517765093,0.00897194316273294,0.0358548547999474,-2.93276986859299,"ENSG00000187912.12"
-1.01485175723636,5.16745058719648,-3.00016082205679,0.00445742591133235,0.0222535422709488,-2.93497484614834,"ENSG00000170043.12"
-1.55299400088802,-0.0505309363208828,-2.79343267654851,0.00772982932022265,0.0323688666493561,-2.93756780973134,"ENSG00000287839.1"
1.23592664893616,2.47020875660371,2.89182175767132,0.00596334747291708,0.0270601318908754,-2.93776434277632,"ENSG00000155265.11"
1.35883896665368,0.439935480045835,2.80916495370309,0.00741807403526817,0.031480250981703,-2.94276555272787,"ENSG00000237298.10"
2.03282822175433,-1.46250561973699,2.75181148990613,0.00861412095025058,0.034865494498475,-2.94314084611864,"ENSG00000237978.6"
1.09573435697428,5.4230467387958,3.00242917301199,0.00443008524947691,0.0221685174582043,-2.9432838722432,"ENSG00000071967.12"
1.00339630025636,-1.6659966883352,2.74572417199886,0.00875103143661015,0.0352594990436043,-2.94546664931478,"ENSG00000177335.11"
1.04451206077389,0.357785568498185,2.80497491867793,0.00749994508816517,0.0316905007324496,-2.94606278182945,"ENSG00000188001.10"
1.34515039557479,-1.71483915023339,2.74364022863078,0.00879836196375177,0.0353629939855099,-2.94696663285447,"ENSG00000041515.16"
1.65993358599372,-1.0452639537848,2.76147396683757,0.00840086331552652,0.0342854550716513,-2.94833752882021,"ENSG00000246250.3"
1.1367482220224,0.336523186360909,2.8018884336621,0.00756078868123397,0.0318788866417792,-2.95192029103444,"ENSG00000253731.3"
1.0315945928858,0.434648866000614,2.80461878534427,0.00750694225792716,0.0317132320424305,-2.95280142335729,"ENSG00000205930.10"
1.07155310429303,-1.41895470009436,2.74836098603639,0.00869148144754056,0.0351001252968006,-2.95541400854101,"ENSG00000124097.7"
1.0274561155453,0.0940265805978243,2.79229992546967,0.00775273864660662,0.0324301672509856,-2.95639327228907,"ENSG00000150281.7"
1.42851865206132,-2.08263489214617,2.72963925724844,0.00912253715522215,0.0362497899200011,-2.95721152166926,"ENSG00000141622.14"
-1.0261741824543,4.80268855264531,-2.9818403690269,0.00468411240998298,0.0229477031259686,-2.95734188814558,"ENSG00000164967.10"
1.10838886456452,-1.99506716170612,2.73118321113663,0.00908625510775654,0.0361569144799421,-2.95835995628647,"ENSG00000138741.11"
1.50885683698932,-1.51375848044642,2.74354974251007,0.00880042243519247,0.0353640258791522,-2.95975633007583,"ENSG00000275481.1"
-1.69343241085623,1.75697187614973,-2.84698443023922,0.00671575213813217,0.0293772950513653,-2.96153873811855,"ENSG00000062524.16"
-1.19787152388824,2.22035296337553,-2.86664387567998,0.00637558569006435,0.0283317617949687,-2.96334847966343,"ENSG00000104140.7"
1.21433578539397,-1.82382083561661,2.73346368831343,0.0090329089417761,0.0360104133209561,-2.96372578423097,"ENSG00000228043.5"
1.44612049176098,-0.87031031855596,2.75866766097995,0.00846229160999544,0.0344358010181757,-2.9675806855551,"ENSG00000226465.3"
1.73920566462374,0.0619951255046768,2.77856278881106,0.00803562053034323,0.0332411612407686,-2.98650219226462,"ENSG00000110195.14"
1.18396854115618,-1.84141430489664,2.72256297301294,0.00929054398519921,0.036716469537153,-2.98777308693765,"ENSG00000226352.2"
1.42385748475981,-0.998169680028611,2.74615385312681,0.00874130183362014,0.0352420242134395,-2.98788844528993,"ENSG00000142408.6"
1.76532096189872,-0.892926910558581,2.74633580773969,0.0087371847091559,0.0352326703841445,-2.9934222630758,"ENSG00000172020.13"
1.19777459144482,2.07126688691748,2.85035013203906,0.00665634283280161,0.0291760021417188,-2.99395714725999,"ENSG00000092096.18"
-1.17945134027472,1.31500293337892,-2.81609279060167,0.00728452479548017,0.0311155540610423,-2.99501941552194,"ENSG00000160307.10"
-1.04772530127048,3.34224604440485,-2.9075640584815,0.00571836814397169,0.0263798413719315,-2.9961156579296,"ENSG00000102934.10"
2.16506800109608,1.86241812461695,2.83928410333548,0.00685353296071434,0.0298004806448803,-2.99841323048314,"ENSG00000131730.16"
-2.17389346607578,-2.64986136585995,-2.6957855091988,0.00995248295809658,0.0384826109864864,-2.99991940141872,"ENSG00000242580.1"
-1.15107423950509,5.39892374415903,-2.97521227188328,0.00476875187178059,0.0232314679945461,-3.00613246311002,"ENSG00000169738.8"
2.01784009867015,3.16380294260245,2.89485410700767,0.00591541056399397,0.0269214344284275,-3.0062686900437,"ENSG00000241186.10"
1.00671363003003,-0.523708682869334,2.75194029586998,0.00861124547977302,0.034865494498475,-3.00738158261503,"ENSG00000250802.7"
-1.11140326667728,4.17744818509047,-2.93855771894108,0.00526325595728502,0.0248713898044179,-3.0097101691024,"ENSG00000161513.12"
-1.03430454203354,-2.27421381591636,-2.6988144402107,0.00987548475913118,0.0382634707726592,-3.01143288595915,"ENSG00000233380.1"
1.32097574922674,-1.22450338980712,2.72829700968824,0.00915418789158968,0.0363387341167255,-3.01442979404016,"ENSG00000287315.1"
-1.22799379332517,-0.314998768237883,-2.75231326261986,0.00860292435803476,0.0348561551898387,-3.01658104880592,"ENSG00000152207.7"
-1.23384390114429,-0.751512135999898,-2.73788855634041,0.00893022445733456,0.0357345876788939,-3.01924504281088,"ENSG00000243829.1"
-1.42169185779075,-1.77031158043136,-2.70776243640866,0.00965121432745331,0.0377152823156499,-3.02115554810192,"ENSG00000287750.1"
1.22444470992656,1.0260319331967,2.79607325365206,0.00767666842949516,0.0322288567941503,-3.02166227147478,"ENSG00000249464.6"
1.37175666252149,6.56134351867949,2.9738070857784,0.00478687883076231,0.0232824476199271,-3.0250894587135,"ENSG00000101333.17"
1.20254177161825,2.94270803076761,2.87843906852346,0.00617926497684189,0.0277105830594607,-3.02647348122971,"ENSG00000163328.14"
1.6187649332252,0.0751318312334078,2.76164542547922,0.00839712359997212,0.034277327774527,-3.02715970149722,"ENSG00000226380.9"
1.13493538657769,0.938404388710238,2.79033666197132,0.00779259381537459,0.0325344110613787,-3.0277133170752,"ENSG00000245275.8"
1.07635009108443,0.583122571985495,2.7775987009913,0.00805582828801586,0.0332913317716996,-3.02845216313927,"ENSG00000181007.9"
-1.14315263032612,2.00136951731622,-2.83003605528039,0.00702247868123041,0.0303105467345667,-3.02880744146062,"ENSG00000269313.5"
1.04414242109441,3.82889123425259,2.92062300147336,0.00552230624056043,0.0257174195136408,-3.02890641023336,"ENSG00000186529.16"
1.4426433288863,0.942156012395195,2.7897870838325,0.00780378448410921,0.0325583572531957,-3.02976755085583,"ENSG00000188227.13"
1.41069825494542,-0.812909768925028,2.73295810969364,0.00904471069085278,0.036048283031009,-3.03105155546486,"ENSG00000279249.3"
-1.04357568972211,5.12884268640785,-2.96105619306831,0.00495433951175561,0.0238250626606526,-3.03116959920144,"ENSG00000111335.13"
1.6033097939388,-0.835353575084676,2.73029691366808,0.0091070662715895,0.0362216749403502,-3.03537754929348,"ENSG00000155918.8"
1.64617940020315,-0.25902753926253,2.74422304713976,0.00878510120872472,0.0353386734300896,-3.04321150783767,"ENSG00000054356.14"
1.19814532556938,-2.18262382876839,2.68853031962188,0.0101391716431122,0.038926014121079,-3.04517144755489,"ENSG00000155719.18"
1.98663104548878,-0.671612606617974,2.73025413423311,0.00910807188900981,0.0362216749403502,-3.04547968991136,"ENSG00000258667.2"
-2.18703877592392,0.934647910839052,-2.77837503793688,0.00803955219618331,0.0332411612407686,-3.04798490614636,"ENSG00000271824.2"
1.13377488763777,-0.313398394651501,2.7400132853788,0.00888130178530993,0.0356160365724661,-3.04968952719091,"ENSG00000150672.17"
1.49648954706157,-1.62053634016369,2.70147920016777,0.00980819855533536,0.0381093025913407,-3.04993486661967,"ENSG00000257906.3"
1.35057313461034,-1.63918654032112,2.70067538516799,0.00982845054034859,0.0381637016541708,-3.05078196364332,"ENSG00000253227.2"
1.01405927489001,-1.39021120119224,2.70761583080683,0.00965485065501617,0.0377152823156499,-3.05144434553646,"ENSG00000231125.2"
1.1910863595092,4.24201854602213,2.9275671958162,0.00542062250733307,0.025348702486404,-3.05261710592602,"ENSG00000149485.19"
-1.50365999455049,0.252237814064594,-2.75418344934168,0.00856131134286136,0.0347378042607905,-3.05295796619937,"ENSG00000174885.13"
1.47899683863035,-0.403400291973244,2.73511001970563,0.00899457705069139,0.0359087105794859,-3.05422497734281,"ENSG00000279342.2"
-1.37636908272066,0.0247052652726526,-2.74591560024481,0.00874669554245018,0.0352492729301702,-3.05563546700346,"ENSG00000166428.14"
-1.6484144752753,-1.29422246449577,-2.70488588280777,0.00972279408612795,0.0378976343643389,-3.05768728891813,"ENSG00000035720.8"
-1.13933676410196,5.80114035762744,-2.95960808827467,0.00497370065032801,0.0238830210507791,-3.05875552114413,"ENSG00000136059.14"
1.14924139996377,2.01955651531396,2.82087965121173,0.00719355518434443,0.0308344650074895,-3.05936780860537,"ENSG00000134138.20"
1.61766574919437,2.92804606755923,2.86305324511302,0.00643649191877284,0.0285055027240706,-3.05972156264404,"ENSG00000145506.14"
1.19839596339933,0.497552685610335,2.7606932154537,0.00841791192059388,0.0343198424843833,-3.06147574137142,"ENSG00000256546.2"
-1.39652803431609,3.77879933417151,-2.89553347344669,0.00590472017416581,0.0268852632918474,-3.06883198845843,"ENSG00000006740.17"
1.15717380996172,2.01928305411702,2.81624421505522,0.00728163083854181,0.0311099704119526,-3.07031044780347,"ENSG00000105088.8"
1.22879714333429,-1.48662956039923,2.69632539529798,0.00993871816505296,0.038458105198294,-3.07067027468794,"ENSG00000259363.6"
-1.68607172667505,-0.620114554302532,-2.71708174196814,0.00942263883434556,0.0370889895575545,-3.07438203491659,"ENSG00000168539.4"
-1.34118604023537,5.17389015959812,-2.94175354747445,0.00521830434953633,0.0247245227348983,-3.07482917273442,"ENSG00000115009.13"
1.09269551997171,-1.55842290202281,2.69132867748916,0.0100667860882012,0.0387704794325502,-3.07763854001364,"ENSG00000261220.2"
-1.22578229203649,-0.926778224841113,-2.70602482296175,0.00969439451460873,0.0378245370852575,-3.08172422523795,"ENSG00000251301.7"
-1.25597045192701,-1.64033731761118,-2.68499569337494,0.0102312876095188,0.0391404146092148,-3.08242317637346,"ENSG00000188282.12"
-1.13495311100286,-2.14089180208684,-2.67033159026133,0.0106217390229732,0.0402409665985271,-3.08409423026122,"ENSG00000214872.8"
-2.03279764061482,5.54614816966726,-2.93764740649383,0.00527612621700319,0.0249081942235889,-3.08564507894382,"ENSG00000167741.11"
1.2868332451959,1.68622201405975,2.79459243033329,0.00770643891397395,0.032294048058121,-3.08758337092283,"ENSG00000127954.13"
1.49296463058751,1.82814290419591,2.80029463312577,0.00759238607344056,0.0319680276555655,-3.08862558083857,"ENSG00000143320.9"
1.86792063624953,-1.58598890180012,2.68489777082022,0.010233850509089,0.0391425815609051,-3.08932576561629,"ENSG00000279765.3"
1.50092445322661,-1.37256666110822,2.69108576277183,0.0100730506786836,0.0387848058928263,-3.08983330657289,"ENSG00000284977.2"
1.82375541334646,-0.668579735870363,2.71006645222271,0.00959423240826759,0.0375608068283735,-3.09279718970312,"ENSG00000130413.15"
1.52118799814361,2.02134264085172,2.80700059801004,0.00746026027918565,0.0316045512173107,-3.09287775349455,"ENSG00000172031.7"
1.64013328439346,-1.83006027644922,2.67565167054658,0.0104785266773478,0.0398375012674191,-3.09562249246223,"ENSG00000250120.8"
-1.20151252896851,4.90811157626732,-2.92798018579231,0.00541463053485722,0.0253363356244417,-3.09799434525104,"ENSG00000081237.20"
1.76233662727263,-1.78560744148795,2.67420483133375,0.0105172974821676,0.0399616539603444,-3.10158979048805,"ENSG00000104892.17"
2.01815516877594,0.976607091195852,2.76074530435058,0.00841677350365196,0.0343198424843833,-3.10201957086894,"ENSG00000137558.9"
1.21363982233572,-2.08087215281551,2.66590052907215,0.0107423919680104,0.040550310769638,-3.10242984425469,"ENSG00000198019.13"
1.25996674455593,0.810350881109482,2.75297695806871,0.00858813528512956,0.0348106223692889,-3.10510436064712,"ENSG00000232677.9"
-1.00322462947479,5.87269761983627,-2.94177695435429,0.00521797644273112,0.0247245227348983,-3.10625969926917,"ENSG00000110628.16"
1.0940494649429,-0.443966266562253,2.71153734989799,0.00955801727267614,0.0374564234755324,-3.10654942071535,"ENSG00000273759.1"
1.09535493608661,1.86316170627717,2.79235376559402,0.00775164833367355,0.0324301672509856,-3.11098213151116,"ENSG00000280347.1"
-3.2688735341988,3.21639154560509,-2.83367613456393,0.0069555241839977,0.0301037543380704,-3.11134488678573,"ENSG00000248144.6"
-1.35989929343016,6.76005839606055,-2.93836750662037,0.00526594280671527,0.0248780902815565,-3.11197252442353,"ENSG00000099834.19"
-1.30453867637784,2.9079354596313,-2.83628460776367,0.00690791010182374,0.029963824216008,-3.11335953152561,"ENSG00000132744.8"
1.19023655763701,-1.02589172702968,2.68982645348804,0.0101055849446535,0.0388642798008782,-3.11641443325487,"ENSG00000196724.13"
1.00278043183217,1.85467704132893,2.78867790463412,0.00782641529367304,0.0326269824043703,-3.11868261306657,"ENSG00000102053.12"
2.04133466005579,-1.02536706214924,2.68772067086507,0.0101602042071463,0.0389750913036981,-3.11959236870722,"ENSG00000104313.20"
1.01772544886896,0.595860310281394,2.73612768406553,0.00897095776617494,0.0358548547999474,-3.12664115413374,"ENSG00000196437.12"
1.06210741029677,-1.39586483972435,2.67405364415186,0.010521356439404,0.0399693304303343,-3.12780049878739,"ENSG00000279145.2"
1.74244530147234,2.31117001787175,2.80531312676295,0.00749330570863522,0.0316897652552852,-3.12789698760965,"ENSG00000281406.2"
-1.20220590636291,3.43546333326981,-2.85617843838439,0.00655461990911605,0.0289111086474982,-3.1303808049067,"ENSG00000141576.16"
-1.1660648603688,4.62626022232204,-2.90644626733462,0.00573544855138463,0.0264337574749523,-3.13170440262748,"ENSG00000197629.6"
1.12425813909683,-0.0448499281275324,2.71293486035353,0.0095237258792553,0.0373893010790307,-3.13196908433363,"ENSG00000274422.1"
-1.02311805714498,-0.838286849372617,-2.68550810681104,0.0102178859933307,0.0391125361613939,-3.13553069539633,"ENSG00000173338.13"
1.02205340361756,-0.998626878895544,2.68234285014425,0.0103009290461384,0.0393224328034637,-3.13564714131511,"ENSG00000189149.12"
-1.18601253949388,9.68415442548767,-2.88538488009321,0.00606630755259501,0.0273856840608284,-3.13781191616848,"ENSG00000170889.14"
1.43052999319692,0.892658651726163,2.74149064698821,0.00884743109806545,0.0355238038313888,-3.13925935578642,"ENSG00000146374.14"
2.65819227549355,-0.623187078027826,2.68989389192338,0.0101038402217718,0.0388642798008782,-3.14008800100052,"ENSG00000149295.14"
1.07884947555671,-1.87336485618692,2.6545532133707,0.0110571370199357,0.0414188437930567,-3.14089955572987,"ENSG00000270184.1"
-1.18701224039717,3.92686748435198,-2.87307717293664,0.00626780049089379,0.02798599326451,-3.14251573598078,"ENSG00000158792.16"
1.03794197195996,0.593748814841493,2.72884788775831,0.00914118571599527,0.0363091748678694,-3.14356856584371,"ENSG00000138131.4"
1.51041029601382,-0.675111528816342,2.68749605483014,0.0101660462632297,0.0389750913036981,-3.14485691250924,"ENSG00000127364.4"
-1.09521063266162,6.00364689060267,-2.92597953143146,0.00544371526391323,0.0254095695248824,-3.14644029119465,"ENSG00000139567.13"
1.38873437710361,-0.0808168071427699,2.70422827398609,0.00973922653497791,0.0379344941237806,-3.14938230666874,"ENSG00000128655.18"
1.15382428755867,1.62309226489688,2.76508943568443,0.00832233115822693,0.0341032942958698,-3.15106679820472,"ENSG00000137726.17"
1.09400245397071,-1.67536668364817,2.65469742852503,0.0110530842334488,0.0414115745234086,-3.15327899289904,"ENSG00000225315.2"
1.55791605155061,-1.97263952141696,2.6460098130543,0.0112996779786585,0.0420466160501147,-3.1541560482908,"ENSG00000233251.8"
1.68669664535934,-1.76499492592172,2.65106179108251,0.0111556719905368,0.0416764681872075,-3.15527970571241,"ENSG00000287566.1"
1.04907404403385,-1.52387177792968,2.65767885190141,0.0109696044930703,0.0411932705786509,-3.15644940146047,"ENSG00000279794.1"
1.8402945866534,-0.0536217576225314,2.70061452861938,0.00982998537965737,0.0381637016541708,-3.1591775775519,"ENSG00000237125.11"
1.02790484107323,-0.412099816193601,2.68925614583832,0.0101203506713638,0.0389089234566132,-3.16024007586274,"ENSG00000164061.5"
-1.31368301816786,7.41951037643938,-2.9124901756674,0.00564365854414236,0.0261089120850531,-3.16277783292579,"ENSG00000090382.7"
1.30337142995784,-0.444164923360025,2.68548460598106,0.010218500278075,0.0391125361613939,-3.16633019858949,"ENSG00000160201.12"
-3.73103907451862,0.398821719297122,-2.70330222351748,0.00976241027773116,0.0379765507748407,-3.16995602795334,"ENSG00000167080.9"
1.15637105173774,2.18803031292771,2.78146089047345,0.0079751572635846,0.0330782596382144,-3.17192106771742,"ENSG00000197937.13"
-1.62542163272448,0.520796892495445,-2.71160989994043,0.00955623427761143,0.0374564234755324,-3.17261328189769,"ENSG00000234648.1"
-1.07870335630318,-0.862929405729038,-2.66707290834497,0.0107103473051154,0.0404911433212672,-3.17543308020726,"ENSG00000260018.1"
1.14697645896255,-0.00100176487454307,2.69451050543869,0.00998505988385588,0.0385566161009857,-3.17776059834968,"ENSG00000181619.11"
1.55546773567102,-1.96467245483732,2.63435333816304,0.0116384826602289,0.042875627778363,-3.18099402993539,"ENSG00000268119.6"
1.05810385001637,1.31505022053545,2.73879799544596,0.008909253882037,0.0356843374078074,-3.18272999408758,"ENSG00000125864.14"
-1.00974123064756,3.41142508684627,-2.8340015529499,0.00694956751419303,0.0300912589848208,-3.1827668317663,"ENSG00000168061.17"
-1.40178948502123,-2.58885683711103,-2.61430016420731,0.0122432357083913,0.0443871144228816,-3.18440882677321,"ENSG00000204709.4"
-1.18378518105246,5.53682034339135,-2.90546361455523,0.00575050327869834,0.0264720280070814,-3.18487524498829,"ENSG00000168453.15"
-1.40755172406788,-0.353568519121117,-2.67751940484617,0.0104286717063525,0.0397018519368443,-3.18584610963431,"ENSG00000170956.17"
-1.09558444422668,9.58209385668514,-2.86699728081532,0.00636962013159167,0.0283116690773036,-3.18758328241785,"ENSG00000177600.9"
-1.39542245224242,2.4690362596546,-2.78393353045886,0.00792390392843082,0.0329415189844929,-3.18773753368983,"ENSG00000254285.3"
1.06857304904118,-0.779889625087297,2.66586214889388,0.0107434425033293,0.040550310769638,-3.18817825679091,"ENSG00000189136.9"
-1.03881154937999,7.11230264503468,-2.9041912662744,0.0057700510561092,0.0265264827408249,-3.19271918945751,"ENSG00000102882.12"
1.05572003115977,0.156500448353927,2.69302111542878,0.0100232388993966,0.0386499530928095,-3.19288835215137,"ENSG00000136274.9"
-1.21807775920949,-1.95044057834056,-2.62715071949692,0.0118524678552032,0.0434191862423604,-3.19360545681401,"ENSG00000205045.11"
-1.31535556228984,0.268123287131885,-2.69446384142736,0.00998625403248013,0.0385566161009857,-3.19379596121809,"ENSG00000183134.5"
1.00641861951526,-0.885308077469347,2.65703443236831,0.0109875989605017,0.0412450440780389,-3.20118138073616,"ENSG00000272800.3"
1.17212253947677,-0.499085031733597,2.66847965660144,0.0106720126965261,0.0404007493585811,-3.20150432794737,"ENSG00000253187.2"
1.14710625181086,2.70487709354143,2.79348316114146,0.00772880975685244,0.0323688666493561,-3.2030213999657,"ENSG00000175471.19"
1.25900036863845,-0.763858841366318,2.65931957249954,0.0109239120160602,0.041068881876678,-3.2040760126422,"ENSG00000168754.15"
2.30299257846846,-2.6079553000573,2.60520621673655,0.0125268683309308,0.0450562796727627,-3.21144255985273,"ENSG00000250641.1"
-1.0085413133773,4.78488767383423,-2.87922961098023,0.00616631053105148,0.0276778123332865,-3.21192052071674,"ENSG00000178814.17"
1.51454533236158,-1.40710046931987,2.63550897177377,0.0116044815066008,0.0428083099441968,-3.21349323792288,"ENSG00000278811.4"
-2.07735604376265,-0.198660088939743,-2.6679455491179,0.0106865525093187,0.0404300497916701,-3.21457644431551,"ENSG00000210140.1"
-1.09470639374385,-1.73799672903868,-2.6226407459957,0.0119882878293267,0.043776258614856,-3.2176722171743,"ENSG00000115138.11"
1.32432364936602,3.00682295698967,2.80195644003751,0.00755944315929715,0.0318788866417792,-3.21822331129394,"ENSG00000060656.20"
1.19224693908335,-0.3505079988322,2.66559644221803,0.0107507179706047,0.0405655459067892,-3.21865426845573,"ENSG00000162490.7"
-1.01566934433849,5.73952718461667,-2.89359835061189,0.00593521844522755,0.0269802672935616,-3.22258972316052,"ENSG00000110057.8"
-1.51823864114844,-1.54546520904619,-2.62334048704961,0.0119671216592591,0.0437329705967257,-3.22728185540876,"ENSG00000167483.19"
1.07425218069809,-0.160130708225362,2.66784602123089,0.0106892639341094,0.0404300497916701,-3.22734467567668,"ENSG00000274964.1"
1.18147532563095,-2.2081316591896,2.60689877179267,0.0124736272420696,0.0449307249142046,-3.2276607908651,"ENSG00000162888.4"
1.53254565821909,0.797790371955813,2.69965279952635,0.00985427013010335,0.0382125831034031,-3.22858396765754,"ENSG00000197140.15"
1.20806252772398,1.51774320915606,2.72741942642752,0.00917493645110814,0.0363989890854768,-3.22921035570261,"ENSG00000197959.14"
1.21952306558002,0.0329736888428109,2.67268173113958,0.0105582544544012,0.0400862000063885,-3.23045706141234,"ENSG00000245552.7"
1.6838048967698,3.00615419100363,2.79476742420271,0.00770291526668695,0.032294048058121,-3.23361049861209,"ENSG00000092758.18"
1.01046042959819,-0.740156304711394,2.64589044672741,0.0113031010597115,0.0420466160501147,-3.23641849213663,"ENSG00000275180.1"
3.02200577287141,-1.77485596583754,2.61397736906688,0.0122532018153807,0.0443871144228816,-3.23758287507051,"ENSG00000156076.10"
1.48406669284222,-1.80847869434337,2.61212664187891,0.0123104855904944,0.0445182927117052,-3.24014795621684,"ENSG00000259209.3"
1.90204184732824,-2.14170178744743,2.60259202527529,0.0126095096446847,0.0452728904058663,-3.24226837444309,"ENSG00000234156.3"
1.04301408373695,-1.34173784710072,2.62497330741905,0.0119178644158741,0.0435935913689603,-3.24252166453807,"ENSG00000159905.15"
1.33733818151436,0.397323411881962,2.67807166894722,0.0104139721373412,0.0396612932643184,-3.24591224612332,"ENSG00000253305.2"
-1.06304384567423,6.18213632927838,-2.88545641786564,0.00606515423294825,0.0273856840608284,-3.24851502780902,"ENSG00000174851.16"
1.07146719128517,-0.136183335328744,2.65919504524539,0.0109273738330468,0.0410740205848765,-3.24884278452732,"ENSG00000280213.1"
-1.08810577639166,8.94744108141225,-2.85168554898393,0.00663290661032805,0.0291253677496286,-3.2537371786839,"ENSG00000136942.15"
1.14390905774603,0.722156474149985,2.68542684067544,0.010220010341468,0.0391125361613939,-3.25477045347263,"ENSG00000197124.12"
-1.10781716723721,7.31430382469394,-2.87629393773581,0.0062145446067609,0.0277925094799622,-3.25593047263258,"ENSG00000141522.12"
-1.8183383304487,2.42887962231552,-2.75182652331554,0.00861378529793673,0.034865494498475,-3.25648441836299,"ENSG00000166959.8"
1.14280578118395,0.089614121136784,2.66286696065295,0.0108257182954861,0.0407700793125819,-3.25716010241433,"ENSG00000263069.6"
1.99934770715322,0.129483538725548,2.66369794546752,0.0108028338138386,0.0407073534026755,-3.25787429402133,"ENSG00000254560.6"
1.01615987215908,2.38532741865601,2.75460621096487,0.00855193042492179,0.0347069235998792,-3.25803033598616,"ENSG00000129680.16"
1.04878853759041,1.82075568062226,2.7280274497555,0.00916055643836607,0.0363566537511346,-3.25825053080505,"ENSG00000143882.12"
1.37537778028758,-2.07389208971965,2.5951160412123,0.0128486082060108,0.0458518042386325,-3.26204283031661,"ENSG00000214575.9"
-1.29479985906965,1.68898284279805,-2.71788822507937,0.0094030948585846,0.0370342564008974,-3.26209941623708,"ENSG00000178821.13"
1.00686098645634,-1.28883271698514,2.61741595536794,0.0121474188313527,0.0441256931272974,-3.26312471652433,"ENSG00000239388.9"
1.63762429003168,-1.98911569147189,2.59603146488233,0.0128191095474941,0.0457715282804898,-3.26527247527864,"ENSG00000275894.1"
-4.61993501205557,0.74770377008726,-2.67026112122662,0.0106236480217268,0.0402409665985271,-3.26825079846425,"ENSG00000103375.11"
1.64566160966458,-1.74865423855012,2.60070954914619,0.0126693284923762,0.0454186970966406,-3.2693183179434,"ENSG00000225328.2"
-1.30754586662835,-0.643293792411804,-2.63182119731577,0.0117133034530693,0.0430622590476048,-3.26939614976222,"ENSG00000285976.2"
-1.29978018787302,-2.71864095190674,-2.57256509248776,0.0135951959359423,0.0476999662705949,-3.27000908187902,"ENSG00000271602.1"
-1.06780915055317,7.80903342701262,-2.86403854178761,0.00641972508503427,0.0284633943955635,-3.27047281309829,"ENSG00000149806.11"
1.05880779367903,-1.02152378021564,2.62216543038366,0.01200268502688,0.043781212095696,-3.27058617528347,"ENSG00000174945.13"
1.3680190421176,-1.06330468340588,2.61988501714713,0.0120719789972719,0.0439523157326858,-3.27238277195785,"ENSG00000231789.2"
1.07129783638892,-0.754811278109996,2.62661666123399,0.0118684772593817,0.0434534762180087,-3.27892603594985,"ENSG00000279649.1"
-1.65685420589218,-2.04820623261582,-2.58318661196173,0.0132387452652028,0.0468264188471163,-3.28338301936624,"ENSG00000168081.9"
-1.01811899425354,4.38207206571141,-2.8354472535309,0.00692316173608308,0.0300168397462638,-3.28391395592194,"ENSG00000134809.9"
1.41863625528428,1.87589851499919,2.71968433855937,0.0093597029572601,0.036920338995334,-3.28403547087109,"ENSG00000169213.7"
1.61360899903985,-1.56015858591555,2.59943430820637,0.0127099989579629,0.0455062526606683,-3.28423531672286,"ENSG00000233578.1"
1.2009815865662,-1.73132982287943,2.59418564939286,0.0128786528607546,0.0459339399650636,-3.28536647833839,"ENSG00000275854.1"
1.11995890430963,0.0458804332274557,2.64667685290875,0.0112805667283329,0.0420069878966183,-3.2908067091836,"ENSG00000185869.15"
1.19666914818092,-1.28548981910815,2.60467046306315,0.0125437643507226,0.0451005031836175,-3.29185944071442,"ENSG00000158113.13"
1.59261425704548,2.03040899979531,2.72307551990642,0.00927827967142627,0.0366827891183673,-3.29243918455027,"ENSG00000196754.13"
1.16994309838117,-1.81748355384845,2.58744572113096,0.0130982293540087,0.0464635217504423,-3.29477806514952,"ENSG00000248643.5"
1.10141192611624,2.56008291790168,2.74748948102037,0.00871112199766969,0.0351564960655232,-3.29547725306939,"ENSG00000174951.11"
-1.15035081187048,8.43607998875727,-2.84293688378858,0.00678784991647015,0.0296133924037191,-3.29716076590068,"ENSG00000115268.10"
1.25553858450424,-1.1456928097354,2.60622233631554,0.0124948803075144,0.044974201757077,-3.2976749409429,"ENSG00000173227.14"
1.30303680006882,-1.32150467448266,2.6007447726049,0.01266820682584,0.0454186970966406,-3.29781375356954,"ENSG00000108830.10"
1.03098911649893,-2.33166612297765,2.57171303768116,0.0136241670144103,0.0477588804728282,-3.29820465627853,"ENSG00000228960.6"
2.23980804712289,3.52886488093587,2.78869213364026,0.00782612459159735,0.0326269824043703,-3.29906759551174,"ENSG00000167767.14"
-1.22583470300731,-0.51441816347401,-2.62161070738797,0.0120195075071599,0.043818234322309,-3.30176716677299,"ENSG00000243056.2"
-3.0421405961915,-2.04812328739535,-2.57306291605566,0.0135782952953102,0.0476693376096235,-3.30381701973375,"ENSG00000281990.1"
1.26891512841333,-1.69211090904077,2.58443618553715,0.0131973772485838,0.0467138072460252,-3.30953561011845,"ENSG00000234338.1"
1.30344099453737,-1.9905840430363,2.57494093813599,0.0135147109461265,0.047528147589194,-3.31156035627797,"ENSG00000225792.2"
1.01317792831891,-0.692623318054558,2.61403673663111,0.0122513683194507,0.0443871144228816,-3.31167711760943,"ENSG00000224903.2"
-2.54546528475293,-2.12799166266126,-2.56697674851239,0.0137862386087883,0.048154818130038,-3.31316271837594,"ENSG00000253998.3"
-1.15526876303561,4.16842574356833,-2.80948776930564,0.00741180092279269,0.0314616108450665,-3.322050854475,"ENSG00000173621.9"
1.5460325130799,0.725235271063935,2.65522336190749,0.0110383158295041,0.0413720550856927,-3.32495267874123,"ENSG00000215915.10"
-2.52038788841849,1.12146629120313,-2.66581942371407,0.0107446120803973,0.040550310769638,-3.32550113762232,"ENSG00000137860.12"
-1.18381580028115,-1.36435572952882,-2.58471155451564,0.0131882768788,0.0466900246453148,-3.32635709403199,"ENSG00000248626.1"
1.96828503118703,1.07337703200857,2.66781668895572,0.010690063150057,0.0404300497916701,-3.32668894172518,"ENSG00000074211.14"
1.05340785581024,2.24954067349076,2.71860079788413,0.00938585780320921,0.0369813360308922,-3.32715225008555,"ENSG00000204764.14"
-4.72603411853575,1.52943618040116,-2.67180045321923,0.0105820194656274,0.0401453315872852,-3.32747225303143,"ENSG00000133742.14"
1.4031687226965,-0.64766930465511,2.60609862696707,0.0124987707435738,0.044974201757077,-3.33209983597091,"ENSG00000166682.13"
-1.59676905232465,3.96004297450687,-2.79057188637932,0.00778780865534113,0.0325213581462446,-3.33799260480263,"ENSG00000115616.3"
1.14152461493675,-0.821616608239209,2.59768330629603,0.0127660373613957,0.0456385154714793,-3.33937804564758,"ENSG00000267530.3"
1.06267488844829,3.20988307417989,2.76224384718571,0.00838408338320159,0.034238354261831,-3.33970724605104,"ENSG00000105926.16"
1.20863558804262,3.31110731315333,2.7661746589208,0.0082988917733917,0.0340393456295225,-3.3427640194611,"ENSG00000123689.6"
-1.07865953027021,2.36069744917451,-2.71208980572344,0.00954444780422806,0.0374309862524963,-3.34792375443492,"ENSG00000187193.9"
1.04452393646742,1.3005927048535,2.66632946002175,0.0107306577745414,0.0405288530779539,-3.34968828302925,"ENSG00000154188.10"
-5.19866464702689,2.19215143319278,-2.67873548284602,0.0103963286985372,0.0396094870702526,-3.35017467664455,"ENSG00000174992.8"
1.27412161916971,-1.96253048655877,2.5550522132012,0.0142021151952692,0.0492477309017417,-3.35709297064062,"ENSG00000237296.9"
1.29717321123281,3.15900257716279,2.75038345683247,0.00864605997758006,0.0349658935479444,-3.35989538286362,"ENSG00000233695.2"
1.88756841468662,-1.79715445402585,2.55796335964645,0.0140995433655985,0.049004723847886,-3.3609838749739,"ENSG00000064195.7"
1.25905310395406,-0.669559623024693,2.59121200868535,0.0129751108308116,0.0461604106240052,-3.36405838382475,"ENSG00000287156.1"
1.11554873824851,-1.16962120288043,2.57559417411969,0.0134926581630792,0.0474761406937062,-3.36447012125959,"ENSG00000166323.13"
1.04862267290688,2.21170789936301,2.69997270650019,0.00984618598432254,0.0381887878157523,-3.36633758916274,"ENSG00000114656.12"
1.20872155595828,1.47835475057095,2.66655840426798,0.0107243994115603,0.0405286381771496,-3.36669598784216,"ENSG00000204186.10"
1.53734529181143,-1.0346056150911,2.57598708802749,0.0134794095179813,0.0474465535026106,-3.37194768006011,"ENSG00000253537.3"
1.58117260860377,-1.84994224737834,2.55065886825499,0.0143582011775896,0.0496083542324187,-3.37379270818067,"ENSG00000141316.13"
1.06168593763575,4.7948552060912,2.81512319848774,0.00730308053026315,0.0311608698316299,-3.3745439128407,"ENSG00000165029.17"
1.53086478174578,-1.74335905115979,2.55275639812474,0.0142834862477873,0.049414486231879,-3.37586742387955,"ENSG00000261770.1"
1.56361273109224,-1.317999373016,2.56468889021085,0.0138651563533774,0.0483873719231607,-3.37750279680759,"ENSG00000140538.16"
-1.2609893126741,4.68184840369601,-2.8057195891201,0.00748533364077112,0.0316628805525261,-3.37951230908202,"ENSG00000124920.14"
1.04983469178132,3.85285072671555,2.7774575315797,0.00805879121638713,0.0332913317716996,-3.38055398164914,"ENSG00000121440.15"
1.45445782519057,-1.56106346692981,2.55598160509351,0.0141692950588489,0.0491774117408023,-3.38101526970819,"ENSG00000170498.9"
1.21657480596837,-1.19208853589415,2.56716507315138,0.0137797608244501,0.0481407681261882,-3.38163928595423,"ENSG00000279141.3"
1.28520624563175,1.14870672975605,2.64606167926646,0.0112981909024997,0.0420466160501147,-3.3824031564371,"ENSG00000170954.11"
1.11967549729474,-1.72720719392853,2.55019740264517,0.0143746865741808,0.0496529430890398,-3.38291735290555,"ENSG00000272144.1"
1.06829043875719,-1.32164273142815,2.561926097945,0.0139610065082367,0.0486701440241661,-3.38440711165694,"ENSG00000151006.7"
1.20708127768027,-1.13641939863623,2.56738177398382,0.0137723104280029,0.0481233146054937,-3.38483978915292,"ENSG00000272807.1"
1.27970070754928,-1.80701112863004,2.54662666209063,0.0145028327442952,0.049963545736189,-3.38550898900502,"ENSG00000261625.1"
-1.78944649804919,-1.56995638806681,-2.54981329683322,0.0143884215391169,0.0496828800098496,-3.38658073196792,"ENSG00000167618.10"
-1.0069402708442,4.82666617237858,-2.80753473318455,0.00744982861689961,0.0315740034290821,-3.38935982674951,"ENSG00000170439.7"
1.42638857273643,0.653067004590297,2.62345903379372,0.0119635391863776,0.0437280293229158,-3.39129889947673,"ENSG00000133083.15"
1.01819715790963,-0.298579446267011,2.59068274549357,0.012992348049661,0.0461965861192697,-3.39195817979236,"ENSG00000260317.1"
1.07457923740343,2.1591402081264,2.68631774528445,0.0101967437300893,0.0390539866325711,-3.39220676112985,"ENSG00000054598.9"
1.13589225833326,0.269288163479637,2.60833988683598,0.012428458956056,0.0447977195487306,-3.39453709107804,"ENSG00000224739.2"
1.0636276273844,3.09055609721469,2.73289925303688,0.00904608551017874,0.036048283031009,-3.39503897350788,"ENSG00000102409.10"
-1.44443738464085,1.75322131190894,-2.66058732962706,0.010888726125441,0.0409601620136986,-3.40031837837065,"ENSG00000218175.2"
2.20196328821358,1.94610434890467,2.67219595984166,0.0105713479410822,0.0401203731577348,-3.40117785546429,"ENSG00000159263.16"
1.22125548801607,0.125552466593932,2.59866516742351,0.0127345864499801,0.0455526914684016,-3.40543199307584,"ENSG00000233967.7"
1.0696446935648,1.37157942820182,2.64207155958692,0.0114131197083535,0.042347771574939,-3.41229664305752,"ENSG00000121716.20"
1.18273352896577,-0.58035176381362,2.57172971843192,0.0136235993040161,0.0477588804728282,-3.41392160380772,"ENSG00000161040.16"
-1.56065816723573,0.778169144953312,-2.61422633093141,0.0122455146110207,0.0443871144228816,-3.41695663759023,"ENSG00000168824.14"
-1.88571622991361,1.20192796064796,-2.62903716058075,0.0117960766883071,0.0433097152717133,-3.41922601345954,"ENSG00000036672.16"
-1.01005491946133,8.00407817522494,-2.79749045809323,0.00764827683603621,0.0321440762373689,-3.42468988795864,"ENSG00000141959.17"
1.90914440756458,2.50464762590711,2.68666365318169,0.0101877232533362,0.0390320823013222,-3.42772759818806,"ENSG00000269821.1"
1.21907887244445,1.73538868760224,2.64952776397458,0.0111992199464355,0.041773345531016,-3.43164557458731,"ENSG00000175600.16"
1.13954896696261,6.09867218038329,2.80949668131181,0.00741162781012748,0.0314616108450665,-3.43251552601545,"ENSG00000152952.12"
1.47498122474365,0.923749435445651,2.61404435682302,0.0122511329971862,0.0443871144228816,-3.4354465784257,"ENSG00000112964.14"
-3.5677845559712,1.48145432537743,-2.62723352337495,0.0118499874275343,0.0434191862423604,-3.43867465535214,"ENSG00000100604.13"
1.67201455047322,0.563408562042177,2.59701035475415,0.0127876343606466,0.0456784008806509,-3.44377670328604,"ENSG00000250208.6"
-1.20393820638566,3.44707942137558,-2.72518239004564,0.00922802293628022,0.0365282894586533,-3.44543324187609,"ENSG00000116833.14"
1.45518755850216,-0.776069761434009,2.55091920544535,0.0143489085062327,0.0495901110828837,-3.44585850794845,"ENSG00000259345.7"
-1.10972241022375,7.17099585809031,-2.79536754436097,0.00769084268978458,0.03226763573206,-3.45614551922228,"ENSG00000172725.14"
1.05720721732627,0.622570023669749,2.59339483040987,0.0129042409113288,0.0459666692055801,-3.45614616773721,"ENSG00000162520.15"
-1.1743994960353,0.837631483765474,-2.59885036494956,0.0127286621741642,0.0455398085012161,-3.45760211906116,"ENSG00000214376.6"
-1.03618280370767,7.30037008754238,-2.787728470346,0.00784583509698663,0.0326732036770433,-3.47154392547707,"ENSG00000184363.10"
-1.08725231333192,5.0552604244879,-2.77873321585543,0.00803205318266213,0.0332411612407686,-3.47164873958334,"ENSG00000167513.9"
-1.05282452516221,8.47485097204915,-2.76591837311214,0.00830442168975917,0.034054903085007,-3.48109606118184,"ENSG00000137309.20"
1.27112922356774,3.29036564612561,2.70331278275015,0.00976214563999449,0.0379765507748407,-3.48759821991137,"ENSG00000198947.16"
1.04435470326701,1.45550845865699,2.61049954329884,0.0123610502460875,0.0446656472152039,-3.49225845785787,"ENSG00000205622.11"
-2.28435238299594,3.04063441405451,-2.67735449118899,0.0104330649017084,0.0397031580867419,-3.49407162053449,"ENSG00000169876.14"
-1.22932130123786,1.56697165343417,-2.61149838657576,0.0123299871056812,0.0445771210020256,-3.49518906834288,"ENSG00000069764.10"
1.21182228710095,0.828437912019191,2.58341238225721,0.0132312622120325,0.0468083953318492,-3.49602586693604,"ENSG00000114923.17"
1.01786319875,0.856409468733453,2.58364165221314,0.0132236671237266,0.0467899688914968,-3.49761799404711,"ENSG00000281404.2"
3.02781267710218,1.28584878891585,2.5990239136752,0.0127231128219872,0.0455365735647831,-3.50310367203549,"ENSG00000170373.8"
1.1068301692279,2.12057491081644,2.63063851909374,0.0117484007626967,0.0431670062506432,-3.51613674969958,"ENSG00000172379.21"
1.10651976321138,0.676630433809841,2.56853524321262,0.0137327148737346,0.0480283171376715,-3.51631046861792,"ENSG00000088756.13"
-1.15291115932674,5.98932999640898,-2.77202398426396,0.0081736029970507,0.0336733894431973,-3.52076386223177,"ENSG00000117318.9"
1.25352826786372,0.405948606037597,2.55579713407085,0.0141758038745566,0.0491912939406296,-3.52309584387357,"ENSG00000225313.5"
1.37651775177684,5.54495759504571,2.76431439933832,0.00833910840642241,0.0341328934063294,-3.52955491840389,"ENSG00000106178.7"
-1.20115620116331,8.47088410068799,-2.7451909806854,0.00876311882065359,0.0352936950693784,-3.53031323636637,"ENSG00000099812.9"
1.94669789820812,3.71497852615048,2.702409312111,0.00978481255770312,0.0380485987715842,-3.53147051258916,"ENSG00000184292.7"
1.29872262128592,0.584245044667137,2.55669911602083,0.014144004571321,0.0491157197352673,-3.53522072806376,"ENSG00000167157.11"
-1.63572308682393,3.55735961342823,-2.68894317786878,0.010128462109037,0.038926014121079,-3.53558825166936,"ENSG00000187699.10"
-1.09711875260783,5.92626790117152,-2.76465410511036,0.00833175093007487,0.0341170684922778,-3.5380428888027,"ENSG00000167775.11"
1.88992680663704,0.595506145848202,2.55497228744393,0.0142049408963829,0.0492488189592367,-3.54067618789074,"ENSG00000019169.10"
1.43721254917758,6.83059668920249,2.76115575607858,0.00840780795275184,0.0342995178363822,-3.54089396140178,"ENSG00000149591.17"
1.13525004771294,0.748585845302533,2.5596655231639,0.0140398828589407,0.0488551961902784,-3.54223054168923,"ENSG00000105996.7"
-1.35360214268836,9.41983162026689,-2.72207798994463,0.00930216252504398,0.0367452034524912,-3.54258727760477,"ENSG00000171345.13"
-1.05091198450554,10.4546534093527,-2.69875745397433,0.0098769283191764,0.0382634707726592,-3.54904352312482,"ENSG00000197956.10"
-1.05649162835309,4.08996668378734,-2.71245402091827,0.00953551164158609,0.0374130961066514,-3.55053042850133,"ENSG00000125845.7"
-1.43357323793095,2.72880630456098,-2.64134888762921,0.0114340495667986,0.0424093786997076,-3.55153295112059,"ENSG00000177675.9"
-1.08201859892548,6.62302945286641,-2.75813544265261,0.00847398831710203,0.0344762429850804,-3.55512042319704,"ENSG00000167608.12"
1.80831731042791,2.55490148468592,2.63341053773991,0.0116662895244689,0.0429457890380657,-3.5583486707765,"ENSG00000101470.10"
1.26965739861266,1.44934567914575,2.57908467016546,0.0133753780468982,0.0472074999077381,-3.56276445718163,"ENSG00000116141.17"
-1.73302787070866,3.286354263945,-2.661821880643,0.0108545620322044,0.0408551628342101,-3.56371524468661,"ENSG00000243766.8"
-1.06348232096215,8.20892642761256,-2.73549135211563,0.00898571986720819,0.035880656561402,-3.56449982901831,"ENSG00000108639.8"
1.50809919463481,5.00439475088888,2.73560613392204,0.00898305541573022,0.0358773241965383,-3.57190532163922,"ENSG00000112562.19"
-2.16452035723561,3.79914197610578,-2.67592599372902,0.0104711905184377,0.0398250555391831,-3.57250733481314,"ENSG00000019102.12"
1.03467308400346,4.22602273455994,2.71081573287021,0.00957576849910013,0.0375109924462252,-3.57559279139859,"ENSG00000131018.24"
1.72145269675191,1.90703641612763,2.59403526874832,0.0128835150569924,0.0459345692321137,-3.57625082460661,"ENSG00000237361.3"
1.14532091776085,4.65995609847204,2.72563257473836,0.00921731698910761,0.0365020342222442,-3.57803015099334,"ENSG00000164176.13"
-1.28829233181249,7.03008477814395,-2.74372418945241,0.0087964504796201,0.0353629939855099,-3.58171866856618,"ENSG00000185885.16"
2.34792885692093,1.55330879906936,2.57456718515736,0.0135273433957823,0.0475640413589862,-3.58373170795049,"ENSG00000275216.2"
1.08202617975802,2.20257408060367,2.60006487143464,0.0126898738780549,0.0454507978175273,-3.59493331531919,"ENSG00000172986.13"
-1.22091052970768,5.59621856778405,-2.7356463210003,0.00898212271812057,0.0358773241965383,-3.59677022731411,"ENSG00000171159.5"
-1.34544587221317,4.58955646962339,-2.70445106081723,0.00973365663098518,0.0379258691165525,-3.60806815676368,"ENSG00000162817.7"
-2.01605429646871,4.73349019206944,-2.69952051674177,0.0098576147437527,0.0382179938038393,-3.61571869750556,"ENSG00000124253.11"
-2.02699357455469,3.68247429549394,-2.65046639463864,0.0111725555926252,0.0417156970003828,-3.62655890803803,"ENSG00000166391.15"
1.55622342850185,2.14363594928464,2.57888687788427,0.0133819988417599,0.0472223666831434,-3.63582710564338,"ENSG00000271533.1"
-1.02646848203604,5.63434065611424,-2.71943315234692,0.00936576017247653,0.0369318370759402,-3.6395539120922,"ENSG00000184897.6"
1.25263162530717,1.74553765165769,2.55148399894537,0.0143287672093423,0.0495379668323692,-3.65459027319654,"ENSG00000188322.8"
-1.38387912361689,3.92274078964917,-2.65211728979959,0.011125798922167,0.041612440608166,-3.66608264009148,"ENSG00000006747.15"
-1.12776963898254,5.54407782246861,-2.70388640591106,0.00974777931005583,0.0379517964124762,-3.67155177527181,"ENSG00000164897.14"
-1.07179495249024,7.97271614852396,-2.69240920252336,0.0100389636206284,0.0386915511590409,-3.67514955452355,"ENSG00000178952.11"
-1.1757875959378,5.02454197125758,-2.69130671327063,0.0100673523814706,0.0387704794325502,-3.67549834188007,"ENSG00000012171.20"
-1.01827048421009,5.38113201989485,-2.70007996471552,0.00984347690565264,0.0381887878157523,-3.67589163540069,"ENSG00000167965.18"
-1.08707966996663,6.01423306061032,-2.70710846463571,0.00966744485197641,0.0377569569258664,-3.67600014433176,"ENSG00000112782.19"
-1.03575147227817,3.4866754506734,-2.62361237546904,0.011958906672667,0.0437192474779619,-3.68588887298644,"ENSG00000213442.5"
1.27706140743224,2.1292570228622,2.55396406987233,0.0142406295900921,0.0493115124944093,-3.69049498764932,"ENSG00000231721.7"
1.07910718140919,6.18381362354497,2.70006775743893,0.00984378519677535,0.0381887878157523,-3.69416566062091,"ENSG00000102445.20"
-1.07002446395691,5.38496860552802,-2.69137072409386,0.0100657021019404,0.0387704794325502,-3.69537340308466,"ENSG00000128626.12"
1.03522721349121,3.04196824597694,2.60016131967709,0.0126867982066786,0.0454480843486461,-3.69674202214797,"ENSG00000105472.13"
-1.02933557856421,7.63208556416732,-2.6883163222444,0.0101447268342822,0.0389308111788876,-3.69703826950592,"ENSG00000107223.13"
1.27437568267718,4.12394178263231,2.65159093719063,0.0111406867238072,0.0416442905447023,-3.7012180080816,"ENSG00000154556.18"
1.58119336757819,4.21301665349608,2.6496674622585,0.0111952477370174,0.0417686064951403,-3.7110045497205,"ENSG00000088992.18"
-1.41820827718626,6.46915778626579,-2.68993345352405,0.0101028168391878,0.0388642798008782,-3.71401911187996,"ENSG00000070526.15"
-1.02838739075475,5.27250439028119,-2.67778936546326,0.0104214838017628,0.0396821929340381,-3.72301870334657,"ENSG00000065268.11"
-1.52807399038265,5.0014472736175,-2.66286805234524,0.0108256882021598,0.0407700793125819,-3.72886163131768,"ENSG00000166143.10"
-1.28301729070703,3.18670519317328,-2.58494713907479,0.0131804958577306,0.0466830180065416,-3.73524148532955,"ENSG00000049089.15"
1.01535072281485,4.81147092746024,2.65396336524765,0.0110737273670254,0.041457227183101,-3.75811468388422,"ENSG00000063660.9"
-1.01375053074727,5.90987335243494,-2.66535184651458,0.0107574193919705,0.0405819650954468,-3.77271432440016,"ENSG00000141552.18"
1.06347785069568,4.43205971238854,2.62914932365827,0.0117927315765327,0.0433055432271025,-3.78600092515723,"ENSG00000170571.12"
-1.30840040222271,3.50399083377129,-2.57289378589441,0.0135840349497586,0.0476693376096235,-3.79935489385001,"ENSG00000186603.6"
1.26429601895766,5.96169547529318,2.65144156656448,0.0111449149823491,0.0416521546214139,-3.80390484490638,"ENSG00000077942.19"
-1.10840870115618,3.64562704733557,-2.57942243829535,0.0133640786987387,0.0471846077737206,-3.80692081008625,"ENSG00000180061.10"
-1.03109050625636,9.56854025732717,-2.60072169505162,0.0126689417041946,0.0454186970966406,-3.81740283902753,"ENSG00000169100.14"
-1.0714825646288,5.97505478337596,-2.64008603951368,0.0114707085149855,0.0425212159472123,-3.83170621172639,"ENSG00000166866.13"
-1.0719983194814,5.91123484219404,-2.63857428013747,0.0115147349725067,0.0426119089979176,-3.83403874303199,"ENSG00000099849.15"
-1.08848829362816,6.72812234357548,-2.63643652683902,0.011577256892003,0.0427464592513392,-3.83930484464259,"ENSG00000128283.7"
-1.00972984264421,6.16888765784476,-2.63521862363507,0.0116130155676249,0.0428161518113051,-3.84532060739563,"ENSG00000188186.10"
-1.087521968086,4.56356127175584,-2.59551104720496,0.012835871899317,0.0458230343150053,-3.86373239106335,"ENSG00000167700.9"
1.51651720801721,3.9983049378693,2.54919295899711,0.014410629045831,0.0497507999775598,-3.91993456505608,"ENSG00000165905.18"
-1.04023344709053,5.78168634766791,-2.57986693736954,0.0133492221851125,0.0471491353199993,-3.96670189937612,"ENSG00000187097.13"
-1.06207297793242,5.3831375642188,-2.56176890499158,0.013966478190817,0.0486716621772411,-3.99388004839485,"ENSG00000086504.17"
-1.04257223279491,5.57280953446623,-2.56365390327551,0.0139009927451338,0.0485038020575001,-3.99741614142747,"ENSG00000188761.13"
1.2320051523046,6.2748458924952,2.55133970286263,0.0143339105466682,0.0495470116674852,-4.03452270537682,"ENSG00000065534.19"
